transaction_id,date,description,amount,type,category,payment_method,merchant,notes
1928f155-38f0-4acd-9d7f-d882b56620f8,2024-10-01,Monthly Salary,62788.54,Income,Salary,Bank Transfer,Employer,Regular Income
80158807-4afe-4231-9fa0-12fa97c5fa78,2024-10-12,Local Cafe Payment,1830.15,Expense,Food,Cash,Zomato,
bdfdeacb-f11b-4b31-b136-7a6a64fe1ec3,2024-10-12,Local Cafe Payment,301.9,Expense,Food,Debit Card,Zomato,
7a5ca3b9-8bce-40bd-b09d-949d7d691e21,2024-10-12,Donation Payment,821.3,Expense,Other,Debit Card,Gift,
70029a3d-c69c-4b44-9116-51b09a48a5bf,2024-10-12,Flight Payment,755.63,Expense,Travel,Debit Card,Flight,
00a67bdc-e5df-4c96-ac7d-002713a14e11,2024-10-12,Misc Payment,286.09,Expense,Other,UPI,Misc,
c17ca508-5e27-4fa5-980e-8f744511d460,2024-10-12,Swiggy Payment,524.51,Expense,Food,Credit Card,Starbucks,
de105547-f181-45c9-9ee2-1d4118ea7d9c,2024-10-12,Starbucks Payment,1418.49,Expense,Food,UPI,Domino's,
0729ffbb-4aa2-45a3-bd72-c413d147a35a,2024-10-12,Swiggy Payment,4894.12,Expense,Food,Debit Card,Zomato,
f8880c86-6a6e-4fa1-b37c-1b63a21594aa,2024-10-12,Jio Payment,2112.69,Expense,Bills,Debit Card,Jio,
64ac8adf-fe22-418e-8ef6-24354b5ab491,2024-10-12,Swiggy Payment,1860.11,Expense,Food,Cash,Swiggy,
3e978535-b5f7-4e84-a892-40a96be88447,2024-10-12,Amazon Payment,1793.14,Expense,Shopping,Debit Card,Reliance Mart,
a89a4bf2-608b-467b-9c48-207e972a43e7,2024-10-12,Donation Payment,633.69,Expense,Other,Cash,Gift,
5afc3e80-02ff-4e65-8d4d-0e4ee79360e3,2024-10-13,Myntra Payment,27909.81,Expense,Shopping,Debit Card,Myntra,
34e22b13-6384-4e04-8e0c-1df421eb379a,2024-10-13,Local Store Payment,1738.12,Expense,Shopping,Cash,Myntra,
3e456d66-1ab5-4f53-9bd8-4aa3d45e3b6e,2024-10-13,Swiggy Payment,1472.53,Expense,Food,Credit Card,Starbucks,
26bfe25c-4238-49d5-8235-2e7688b18ac7,2024-10-13,Amazon Payment,2065.12,Expense,Shopping,Credit Card,Flipkart,
0d54eb94-637a-4683-96f2-ca53817d3614,2024-10-13,Misc Payment,206.03,Expense,Other,Cash,Gift,
347fae7b-9ee8-48cc-991d-b6d92da03493,2024-10-13,Ola Payment,926.32,Expense,Travel,Cash,Ola,
298eb991-79a2-430f-bb2d-ed472797f657,2024-10-14,Misc Payment,725.74,Expense,Other,Credit Card,Donation,
749c14a1-2018-474f-be5e-26c06d2d0461,2024-10-14,Water Payment,1701.48,Expense,Bills,UPI,Water,
137550be-122a-45b7-bda1-4dd7fe71bf0a,2024-10-15,Donation Payment,982.32,Expense,Other,Credit Card,Misc,
75336cb0-3111-4e5c-bbe2-ab7d02b87a26,2024-10-15,Donation Payment,864.3,Expense,Other,UPI,Donation,
58f7addd-780d-4ae4-9c64-35eb5a29ec76,2024-10-15,Local Clinic Payment,4212.66,Expense,Healthcare,Cash,Apollo,
56f0c84b-ad7e-4c74-ae15-4d02984ecc99,2024-10-15,Misc Payment,879.56,Expense,Other,UPI,Donation,
fd431865-a519-4e1d-b534-1e120473ccc5,2024-10-16,Myntra Payment,7279.94,Expense,Shopping,UPI,Reliance Mart,
cf1904bf-5651-4f27-8596-dd1c5edb9647,2024-10-16,Starbucks Payment,1337.83,Expense,Food,Credit Card,Local Cafe,
13152944-4f25-4c70-a30b-45fa488e47f9,2024-10-16,Water Payment,1295.71,Expense,Bills,Debit Card,Jio,
f2b11ac8-95b9-4061-a606-8234eae3bfd6,2024-10-16,Donation Payment,434.29,Expense,Other,UPI,Misc,
ee6b015f-6bf5-428e-86de-0e67df7ff0ae,2024-10-16,Misc Payment,401.52,Expense,Other,Cash,Gift,
1107a53c-270b-456a-9d42-cc6fe89f8100,2024-10-16,Amazon Payment,8124.39,Expense,Shopping,Debit Card,Myntra,
c0aefe04-0733-4515-9dba-f045a397115e,2024-10-17,Spotify Payment,1086.7,Expense,Entertainment,Cash,Spotify,
5af42a38-56ec-4bea-902b-3d72de5025b5,2024-10-17,Local Cafe Payment,1156.01,Expense,Food,Debit Card,Zomato,
8179cb0f-dbb2-4170-b89c-7008cb121e5e,2024-10-17,Spotify Payment,984.11,Expense,Entertainment,Credit Card,Event,
661daad1-3c16-4261-bbd1-5e04f9393f17,2024-10-17,IRCTC Payment,220.26,Expense,Travel,Credit Card,Ola,
5e887834-f498-45c7-9f21-23b642e43e8d,2024-10-17,Gaming Payment,512.61,Expense,Entertainment,Cash,Spotify,
81d47239-2129-4758-ba98-d3165e75e2df,2024-10-17,Metro Payment,112.4,Expense,Travel,Cash,IRCTC,
108322eb-133d-4dbf-b546-10950840157e,2024-10-18,Donation Payment,407.12,Expense,Other,UPI,Misc,
a7658d43-837a-4e5a-81ec-e62559f5be74,2024-10-18,Ola Payment,822.31,Expense,Travel,Cash,Flight,
28809233-480f-4fb0-9b6a-46eb6119a011,2024-10-18,Apollo Payment,3269.21,Expense,Healthcare,UPI,Dentist,
d9e547d5-885c-4c37-ba11-0161673ac165,2024-10-18,Zomato Payment,483.59,Expense,Food,Cash,Local Cafe,
9ef3258c-179e-4eef-8823-83dd081a3aeb,2024-10-18,PVR Payment,1019.47,Expense,Entertainment,Debit Card,Event,
da993a53-ffe2-42fa-8f0f-f5c55fef423f,2024-10-18,Zomato Payment,1521.75,Expense,Food,Cash,Swiggy,
2ac93745-1d2f-45d9-b5f5-ccf01acc3427,2024-10-18,Local Cafe Payment,1537.56,Expense,Food,Cash,Domino's,
37da01ec-79e9-4928-9a57-7bb3aa83c73d,2024-10-19,Domino's Payment,461.35,Expense,Food,Debit Card,Zomato,
3a3d68f7-ef56-424b-8dbb-a028a746df4c,2024-10-19,Local Cafe Payment,559.79,Expense,Food,Debit Card,Domino's,
68228925-850a-4c0c-9a3e-36a5d365e88a,2024-10-19,Ola Payment,448.26,Expense,Travel,Debit Card,Flight,
f558806a-2b7a-4b52-9340-63ebf235a423,2024-10-19,Airtel Payment,3018.05,Expense,Bills,Cash,Electricity,
f3f218c0-a407-49ed-8c8e-6220b0c2c11c,2024-10-19,Reliance Mart Payment,33452.67,Expense,Shopping,UPI,Amazon,
8c359539-9409-4ab4-8d17-0272cc832c74,2024-10-19,Gift Payment,939.79,Expense,Other,Debit Card,Gift,
e8ef8856-c1eb-4ed3-abe8-52d3a6fbbae8,2024-10-19,Starbucks Payment,1134.3,Expense,Food,Cash,Zomato,
161b8c25-d3d9-40f7-8122-1d9540d4bd5c,2024-10-19,Donation Payment,801.66,Expense,Other,Cash,Donation,
49338b36-fac9-4f01-a70f-c056812729ef,2024-10-20,Reliance Mart Payment,6231.63,Expense,Shopping,Credit Card,Amazon,
5a4aeaf1-abfa-4af6-9d51-7abd524fe083,2024-10-20,Misc Payment,122.54,Expense,Other,Debit Card,Gift,
13c329ab-67ca-4a8f-bdec-d06d5a435918,2024-10-20,PVR Payment,1962.52,Expense,Entertainment,Cash,Gaming,
ac92f885-f70e-477b-b597-9a92cd9bdf49,2024-10-20,Donation Payment,802.72,Expense,Other,Credit Card,Donation,
e6c08bd9-0eb1-4f92-92ac-acff6063b3cb,2024-10-20,Uber Payment,524.53,Expense,Travel,UPI,Flight,
4fa04209-978f-47e5-b23d-9e660b48b711,2024-10-21,PVR Payment,1984.09,Expense,Entertainment,UPI,Gaming,
5b57b7fb-281a-4ba4-b888-02833b92b679,2024-10-21,Swiggy Payment,1394.26,Expense,Food,Cash,Swiggy,
534ab9ca-3014-4e15-9e27-e15ee16c18d8,2024-10-21,Donation Payment,949.61,Expense,Other,Debit Card,Gift,
8e96508a-efb1-4927-ac46-0873eeac3493,2024-10-21,PVR Payment,996.64,Expense,Entertainment,Credit Card,Gaming,
4d24a826-6257-48ce-8eb2-87683385da67,2024-10-21,Flipkart Payment,1956.52,Expense,Shopping,UPI,Flipkart,
7c49cef3-6e6f-464b-afe0-b73a94201773,2024-10-21,Local Clinic Payment,2503.61,Expense,Healthcare,Cash,PharmEasy,
73212823-d23f-4434-96d7-b46e879fd15c,2024-10-21,Water Payment,3483.09,Expense,Bills,UPI,Water,
cfc14cf3-0644-4564-834f-cac12c4783f0,2024-10-21,Ola Payment,575.07,Expense,Travel,UPI,Metro,
0edb7eb6-def8-48fa-b410-bd69235eeece,2024-10-21,Water Payment,3520.23,Expense,Bills,Debit Card,Jio,
e97d7454-6f66-41ab-bf29-5b1a4c19cd85,2024-10-21,Uber Payment,736.31,Expense,Travel,Cash,Metro,
028ca225-5c43-495a-819b-7bda6b4b0209,2024-10-21,Swiggy Payment,1883.34,Expense,Food,Debit Card,Swiggy,
3236c780-33ec-42b8-b442-2f62c9aae147,2024-10-21,Starbucks Payment,1186.61,Expense,Food,Cash,Starbucks,
6f6e8540-dd13-4396-afb9-75f32f592da0,2024-10-21,Donation Payment,471.62,Expense,Other,UPI,Donation,
e6ba47c5-0540-4b5a-919b-39a39b6c468d,2024-10-21,Local Store Payment,6838.7,Expense,Shopping,Debit Card,Flipkart,
718dfec9-ce9d-43d1-872f-a904a2b6eafe,2024-10-22,Flipkart Payment,3054.59,Expense,Shopping,Debit Card,Reliance Mart,
3cd3e1db-264e-4389-9c67-b6c89bd05020,2024-10-22,Ola Payment,186.96,Expense,Travel,Cash,Flight,
4d921efe-fa05-47b9-aa1b-eb3684f7ea4e,2024-10-22,Metro Payment,700.05,Expense,Travel,Credit Card,IRCTC,
a0822652-384a-4074-94c5-a28d24df64af,2024-10-22,Spotify Payment,2596.16,Expense,Entertainment,UPI,PVR,
98069791-5d57-43b4-89f6-28b2c802b112,2024-10-23,Swiggy Payment,1895.99,Expense,Food,Credit Card,Swiggy,
c1a07b41-7173-45dd-be3d-981914b06371,2024-10-23,Netflix Payment,2591.63,Expense,Entertainment,Cash,PVR,
fd71e8ec-be46-4e30-bc07-3d1e7ed7f5cb,2024-10-23,Local Clinic Payment,2230.36,Expense,Healthcare,Debit Card,PharmEasy,
d7f0c513-e44f-4494-8733-45dcd13aa46a,2024-10-23,Misc Payment,642.65,Expense,Other,UPI,Gift,
dbe184b8-29c2-40a7-87b4-e5bbb44773f7,2024-10-23,Misc Payment,87.37,Expense,Other,Debit Card,Gift,
49cddfac-ea88-4d4a-83a3-d4c6d38a5b7b,2024-10-23,Metro Payment,367.74,Expense,Travel,UPI,Uber,
cf3be43e-4429-4ae5-94bd-625ad8f8e145,2024-10-23,Gift Payment,973.89,Expense,Other,Credit Card,Misc,
0354ae2d-aefa-4ea9-a403-de13f533c03b,2024-10-24,Local Cafe Payment,121.49,Expense,Food,Debit Card,Local Cafe,
afa13475-3ffd-4718-a2e3-0d8ecabea670,2024-10-24,Uber Payment,570.13,Expense,Travel,Credit Card,IRCTC,
36060105-4591-407a-8127-f8a5cbb77ffa,2024-10-24,Swiggy Payment,103.28,Expense,Food,Debit Card,Domino's,
f32e30fb-e84f-4c3c-816b-b833d0f4128b,2024-10-24,Reliance Mart Payment,6084.23,Expense,Shopping,UPI,Reliance Mart,
1d1f6107-5142-46f1-b9a5-44c655261f7a,2024-10-24,Local Cafe Payment,1312.36,Expense,Food,Debit Card,Zomato,
27d11f3c-ef8c-44cc-9d2c-688d00e4ba08,2024-10-24,Swiggy Payment,751.31,Expense,Food,Cash,Swiggy,
80f94383-dffc-4eb7-b2a2-9c86abf3552d,2024-10-24,Spotify Payment,1397.39,Expense,Entertainment,Debit Card,Spotify,
7e14bb1d-7979-442f-8ca9-4deb60a8a4b2,2024-10-24,PVR Payment,1929.77,Expense,Entertainment,Cash,Spotify,
fd61c5f8-8dac-4420-a53a-d9b6aa2b1892,2024-10-24,Myntra Payment,1878.92,Expense,Shopping,Cash,Local Store,
46b0d37f-2905-400d-973c-c56e4cc46e3b,2024-10-24,Flight Payment,312.39,Expense,Travel,Cash,Uber,
39f24215-013c-4986-bfc5-87be391cd026,2024-10-24,IRCTC Payment,419.59,Expense,Travel,Debit Card,IRCTC,
0a08070f-6bcd-4ff3-b1dd-ccfce6035709,2024-10-24,Donation Payment,220.25,Expense,Other,UPI,Misc,
0e773631-3882-4b79-9e32-b0159afe07e6,2024-10-25,Ola Payment,123.63,Expense,Travel,UPI,Ola,
e8b54d1d-4f0e-468d-8392-4251f149912b,2024-10-25,Swiggy Payment,1924.25,Expense,Food,UPI,Zomato,
b0e7740c-af3f-441c-bd8d-7722e6aa91e0,2024-10-25,Uber Payment,254.83,Expense,Travel,UPI,Flight,
1937d5cd-1af4-4a0b-a045-3dbc7f50da64,2024-10-26,Swiggy Payment,545.91,Expense,Food,UPI,Local Cafe,
d30d3e37-3a89-4ab7-95a0-93897a6de8f1,2024-10-27,Starbucks Payment,997.27,Expense,Food,UPI,Starbucks,
a80a7896-723b-4693-9587-e6b1b1e9e4c5,2024-10-27,Event Payment,2334.68,Expense,Entertainment,Credit Card,Netflix,
b1fd6fa4-5214-4faa-898b-148fb121daa2,2024-10-27,Electricity Payment,1012.72,Expense,Bills,Debit Card,Jio,
177b2ab9-e8e3-481f-9221-8c6b71c321e3,2024-10-27,Domino's Payment,3219.73,Expense,Food,Credit Card,Local Cafe,
bfabb678-729f-48a7-baa9-53e0522acde8,2024-10-27,Zomato Payment,1823.36,Expense,Food,Credit Card,Swiggy,
bd2cc16a-eb77-46bc-adf7-6a345af2fd68,2024-10-27,Dentist Payment,10387.15,Expense,Healthcare,UPI,Local Clinic,
8a698d61-4d7e-44dc-875e-9695bc975a8e,2024-10-27,Airtel Payment,4239.67,Expense,Bills,UPI,Gas,
0e3bd7a7-7c4a-404e-b99c-5a0219568b5b,2024-10-27,Local Store Payment,4419.25,Expense,Shopping,UPI,Reliance Mart,
e3c3f6ec-1cf0-4774-9ad5-066b30930d5e,2024-10-28,Swiggy Payment,899.85,Expense,Food,Cash,Domino's,
7d3ba152-447f-4c50-a2fd-d178854efc18,2024-10-28,Amazon Payment,8425.38,Expense,Shopping,Debit Card,Amazon,
476626f9-0667-4491-a38f-89dde7356722,2024-10-28,Zomato Payment,1395.51,Expense,Food,Debit Card,Domino's,
2afbdab5-1175-4ff7-85b6-e39d5e42fea2,2024-10-28,Domino's Payment,1897.48,Expense,Food,Cash,Zomato,
20f027f0-ffd7-45e2-9989-e325d109201b,2024-10-28,Zomato Payment,126.36,Expense,Food,UPI,Zomato,
2ef9b660-7bd8-497c-bdf1-b9fabc4b5c94,2024-10-28,Gift Payment,592.8,Expense,Other,Cash,Donation,
01c2ca5f-4ca3-4568-bb27-2b3dc6191e91,2024-10-28,Starbucks Payment,1819.78,Expense,Food,Credit Card,Zomato,
958b492a-94c0-411a-8f22-187a3306edfa,2024-10-28,Local Clinic Payment,2347.17,Expense,Healthcare,Credit Card,Apollo,
17e621b7-6773-4b09-8ab3-06e0a3100398,2024-10-29,Local Store Payment,1225.8,Expense,Shopping,Debit Card,Myntra,
36abdc93-d331-4ec8-a5ba-7b01fe508b8b,2024-10-29,Local Store Payment,2197.92,Expense,Shopping,Debit Card,Myntra,
ba63c7b4-9000-4705-9ed1-d9287af54749,2024-10-29,Gift Payment,992.58,Expense,Other,Debit Card,Donation,
55accd23-d010-4911-a542-4eee2be1519e,2024-10-29,Misc Payment,452.88,Expense,Other,Credit Card,Misc,
e713b86d-2369-4818-b9ae-8589ddd2fe0d,2024-10-29,Zomato Payment,1696.02,Expense,Food,Debit Card,Starbucks,
2610ecd7-dd49-42e0-a02d-607e418a8d44,2024-10-29,Metro Payment,648.71,Expense,Travel,UPI,Flight,
a1cb5d54-0697-4299-a3ea-b9d8125aad49,2024-10-29,Starbucks Payment,1111.2,Expense,Food,Debit Card,Starbucks,
e8210072-c9be-4fff-b2d7-a4384b937608,2024-10-29,Local Cafe Payment,1719.89,Expense,Food,Debit Card,Zomato,
83b04dfb-b332-41cd-bf60-bc8f0b39e67e,2024-10-29,Donation Payment,715.66,Expense,Other,Credit Card,Gift,
abc50c34-bdb2-4534-9cc9-a0118724873e,2024-10-29,Misc Payment,261.16,Expense,Other,Debit Card,Misc,
87620b71-db51-4eb2-8b7b-63e9ddd3ebc5,2024-10-29,Domino's Payment,143.42,Expense,Food,Cash,Swiggy,
0157fc93-92ca-41f8-842e-c612150ce5ca,2024-10-29,Gift Payment,918.17,Expense,Other,Debit Card,Donation,
a8fba858-bac6-4a3c-8a44-497d73f8b34a,2024-10-29,Gas Payment,1713.38,Expense,Bills,Credit Card,Jio,
380aab55-9f2c-45c1-bb84-c73411524232,2024-10-30,Local Cafe Payment,1373.87,Expense,Food,Debit Card,Zomato,
f46d3678-37b5-4ee5-b121-d5b1abc3287f,2024-10-30,Local Cafe Payment,1850.6,Expense,Food,Credit Card,Swiggy,
f1e6828a-5f01-4329-ad68-79e9ce6aacec,2024-10-30,Starbucks Payment,781.46,Expense,Food,Cash,Starbucks,
f4f5adfa-3ea9-4b50-b23b-bda04330b26b,2024-10-30,Amazon Payment,8190.08,Expense,Shopping,Cash,Amazon,
5754cbd9-f9b1-49c4-90fc-f4d76433ade2,2024-10-31,Uber Payment,99.2,Expense,Travel,Cash,Ola,
c02bfbd0-34af-439e-ad2b-38d76d01cb65,2024-10-31,Misc Payment,801.18,Expense,Other,Debit Card,Gift,
ee40cf06-b4d7-4563-8539-140e5e992295,2024-10-31,Gift Payment,446.11,Expense,Other,Cash,Donation,
924afe5e-060c-4157-a7dc-b7607cefeab4,2024-10-31,Event Payment,1954.53,Expense,Entertainment,UPI,Event,
bb71c93a-b014-4b1d-8f9e-15b3cfe6f371,2024-10-31,Swiggy Payment,1503.22,Expense,Food,Cash,Domino's,
583d949b-37a2-4c03-9a21-3e41c30bee80,2024-10-31,Airtel Payment,897.57,Expense,Bills,Credit Card,Water,
904e84a7-200d-45c5-9879-ca9504dd1010,2024-10-31,Event Payment,1247.02,Expense,Entertainment,UPI,PVR,
9ddc6f70-6efa-417a-bcbc-4c1ba966c234,2024-10-31,Electricity Payment,528.59,Expense,Bills,Credit Card,Airtel,
163203b2-1bb6-4498-bdf8-22349a011150,2024-10-31,Donation Payment,699.71,Expense,Other,Debit Card,Misc,
d3dc31f6-9e19-4f9e-b869-f0ffdacc8cc4,2024-10-31,Domino's Payment,1723.69,Expense,Food,Cash,Domino's,
39fb228e-05ba-4154-a002-6fad3f9e09dd,2024-11-01,Dentist Payment,368.94,Expense,Healthcare,Cash,Local Clinic,
d1089c88-5214-413e-9249-e2fddf0705d5,2024-11-01,Gaming Payment,1446.74,Expense,Entertainment,Credit Card,PVR,
7cdf8c14-821a-4aa7-92fe-be126479b0d7,2024-11-01,Gift Payment,499.17,Expense,Other,Debit Card,Donation,
b8534c13-b5b2-4efe-a783-e5b552cb415a,2024-11-01,Monthly Salary,50500.22,Income,Salary,Bank Transfer,Employer,Regular Income
4b57a2f5-90bd-4600-ad03-0daffe218be7,2024-11-01,Misc Payment,678.87,Expense,Other,UPI,Donation,
dd882efe-c9cc-4b5d-b59e-9822acf53d21,2024-11-01,Myntra Payment,8092.35,Expense,Shopping,Debit Card,Amazon,
31d4d600-ac6e-4a06-a939-0947ff5d1eb9,2024-11-02,Local Cafe Payment,1285.16,Expense,Food,Debit Card,Domino's,
c83aeda3-a4da-433f-a095-79dd49386fa4,2024-11-02,Misc Payment,237.84,Expense,Other,Cash,Donation,
3fadd6fd-1357-4ccb-97aa-ae0dda531b24,2024-11-03,Uber Payment,490.25,Expense,Travel,Credit Card,Ola,
681bd6dd-d0ab-4f79-8656-ca343a690013,2024-11-03,Starbucks Payment,359.66,Expense,Food,UPI,Local Cafe,
b138af98-a1f9-4318-903f-e14106fb0b8e,2024-11-03,Starbucks Payment,611.08,Expense,Food,Debit Card,Zomato,
c45edd45-84a5-489a-9419-91be7f23be45,2024-11-03,PVR Payment,2982.41,Expense,Entertainment,UPI,Event,
4645c203-d943-469a-82b1-1c8197891efe,2024-11-03,Electricity Payment,1664.69,Expense,Bills,Credit Card,Water,
c1627c3a-85bf-4fd6-ad7b-bdb1129c0802,2024-11-03,Gift Payment,129.33,Expense,Other,Debit Card,Gift,
1ee126a1-c67f-47d5-835b-e85037f0ec0d,2024-11-03,Starbucks Payment,1323.57,Expense,Food,Debit Card,Swiggy,
a1a4b193-2818-47b7-a9b5-50b02c029429,2024-11-03,Gift Payment,676.29,Expense,Other,Cash,Donation,
b56417c3-a5ac-40e7-b3d5-57bd93c1e29e,2024-11-03,PVR Payment,260.15,Expense,Entertainment,Debit Card,Gaming,
3d235fd9-0add-4d42-ab08-2d4c246b17d3,2024-11-03,Starbucks Payment,436.46,Expense,Food,UPI,Starbucks,
765416a6-a025-43ff-95fb-af07e334caaa,2024-11-04,Reliance Mart Payment,6853.53,Expense,Shopping,Cash,Myntra,
d140af4e-7512-41f0-892f-252c4000bfb5,2024-11-04,Gift Payment,590.88,Expense,Other,Credit Card,Misc,
46cc408f-519a-4464-97e4-d5054cf90649,2024-11-04,Local Store Payment,4592.52,Expense,Shopping,Credit Card,Flipkart,
98f7fc5d-807e-474e-b362-bdd3f4f76f4e,2024-11-04,PharmEasy Payment,3977.08,Expense,Healthcare,Cash,Apollo,
594ec95d-bb73-4f71-b30e-e13318c87081,2024-11-04,Local Store Payment,6073.52,Expense,Shopping,Cash,Myntra,
19e3bec8-a07d-4d68-ab6d-b6e3ce0fde1e,2024-11-04,Myntra Payment,5080.36,Expense,Shopping,Credit Card,Amazon,
ff715238-8743-4530-b01b-e7a9105b8a17,2024-11-04,Starbucks Payment,6065.71,Expense,Food,Debit Card,Zomato,
ccc13288-d41c-4a4c-a521-66d3d0962c52,2024-11-04,Domino's Payment,1525.52,Expense,Food,Cash,Domino's,
e86af1de-561d-4802-8f1d-12bb2424e407,2024-11-04,Spotify Payment,511.58,Expense,Entertainment,Credit Card,Event,
1f7d3d2c-d4d6-4b8f-af5a-256d2bf9c2d8,2024-11-04,IRCTC Payment,92.73,Expense,Travel,Cash,Ola,
e43817ad-0ffc-4f9e-a3c4-ed943d26c9cd,2024-11-05,Spotify Payment,916.6,Expense,Entertainment,Cash,Gaming,
1f0e7bca-a8a0-44c6-9d99-d923f4ff0f79,2024-11-05,Amazon Payment,1417.58,Expense,Shopping,UPI,Myntra,
1cd2f467-d11f-4a74-8fd4-a7d161a23724,2024-11-05,Local Store Payment,6039.24,Expense,Shopping,Credit Card,Myntra,
be4ea01d-7f12-4143-8c27-2970ce9c3252,2024-11-05,Donation Payment,851.38,Expense,Other,UPI,Misc,
ccd886ad-f506-4131-bf54-21e468a5a8e2,2024-11-05,Airtel Payment,3726.06,Expense,Bills,Credit Card,Water,
b81dd159-9e31-4d24-a165-c82ce22a61ae,2024-11-05,Spotify Payment,2626.26,Expense,Entertainment,Debit Card,Netflix,
9d9682d2-4870-4ad1-a0d4-08f4932076ab,2024-11-05,Domino's Payment,515.52,Expense,Food,Cash,Local Cafe,
ba38d7b4-9e79-4fc6-bc69-22be875b3753,2024-11-05,Starbucks Payment,1463.33,Expense,Food,Credit Card,Domino's,
eb201907-a4db-4122-8b3c-dd51b90310be,2024-11-06,Starbucks Payment,904.54,Expense,Food,Cash,Local Cafe,
f417e608-650b-49fc-bc8c-8c4945f3dc7f,2024-11-06,Misc Payment,284.13,Expense,Other,Cash,Donation,
b3de0b5c-0aac-4d02-8054-a885efed1f5b,2024-11-06,Flipkart Payment,3049.45,Expense,Shopping,UPI,Reliance Mart,
f2b95ffd-4c89-4185-8458-e5c154262495,2024-11-06,Misc Payment,859.52,Expense,Other,UPI,Donation,
cc7ff8ca-8cc5-4e0c-a96f-bc48592824dd,2024-11-06,Local Store Payment,2044.68,Expense,Shopping,Cash,Flipkart,
17436883-18c8-4a0c-941f-707bd5e30799,2024-11-06,Donation Payment,468.59,Expense,Other,Debit Card,Donation,
2cbdc364-4fb0-4c65-a277-3e3dc9b7fa26,2024-11-06,IRCTC Payment,73.09,Expense,Travel,Cash,Metro,
a30cc26d-495b-494e-baeb-62cd05db6a8c,2024-11-06,Amazon Payment,1235.61,Expense,Shopping,Cash,Local Store,
c584ccdc-728e-4d24-8bd6-14615b808ac1,2024-11-06,Swiggy Payment,1933.65,Expense,Food,UPI,Swiggy,
17d82cb1-4c6f-4d96-a7be-c66d2d279759,2024-11-07,Uber Payment,88.36,Expense,Travel,UPI,Uber,
15a44d39-d7e3-420a-ad1b-dd332c0312ef,2024-11-07,Zomato Payment,366.04,Expense,Food,Debit Card,Starbucks,
7139ac64-57bd-4796-ad43-6fb777f67824,2024-11-07,Starbucks Payment,457.07,Expense,Food,Debit Card,Starbucks,
4a7e50c9-66a3-4bda-966e-f86bf561d83f,2024-11-07,Domino's Payment,1680.43,Expense,Food,Debit Card,Domino's,
2bb3711f-20fc-4628-8616-37ebd24f1522,2024-11-07,Zomato Payment,1025.02,Expense,Food,Credit Card,Starbucks,
30da8c0d-849e-4c63-84eb-dded3f776841,2024-11-07,Starbucks Payment,1561.3,Expense,Food,Cash,Local Cafe,
136d7665-1979-4245-ac49-d233091e3998,2024-11-07,Local Clinic Payment,3449.16,Expense,Healthcare,UPI,Dentist,
abb1a410-a4de-47ca-b1c3-8ecd79df00b7,2024-11-08,Domino's Payment,780.4,Expense,Food,Credit Card,Swiggy,
68bf5118-2bff-4739-8307-b769f625c290,2024-11-08,Zomato Payment,1670.3,Expense,Food,Credit Card,Swiggy,
c7cdcf24-5c8f-4c4d-a322-48aa60b507d0,2024-11-08,Metro Payment,890.31,Expense,Travel,Credit Card,Metro,
b00720bc-9c6f-44a9-b181-cdad31478a80,2024-11-08,Gift Payment,381.43,Expense,Other,Debit Card,Donation,
d82b77b4-31c4-4161-a264-bf0c96ef3aa0,2024-11-08,Misc Payment,659.6,Expense,Other,Cash,Donation,
90fa37a8-d42d-47e7-864c-744397ea3e91,2024-11-08,Gift Payment,220.93,Expense,Other,Cash,Gift,
33b74706-c195-4311-99b3-a9870ee93c9f,2024-11-08,Ola Payment,686.38,Expense,Travel,Credit Card,Ola,
817877e3-3541-4ed6-8160-d56c4da6e54a,2024-11-08,Dentist Payment,2668.08,Expense,Healthcare,Credit Card,Apollo,
e5e93701-4525-4475-9fcc-b88c8e459480,2024-11-08,Misc Payment,127.37,Expense,Other,UPI,Donation,
163a53b3-8ded-41d9-9063-5d5ef368d5f5,2024-11-08,Donation Payment,488.22,Expense,Other,UPI,Misc,
b314648a-dbbe-4056-8866-6ca36fc97c46,2024-11-08,Myntra Payment,3511.35,Expense,Shopping,Cash,Reliance Mart,
9a7ecc23-f3a4-4334-a4c1-4c9466bfa58b,2024-11-09,Gift Payment,521.54,Expense,Other,Credit Card,Misc,
bf7dd70b-dc04-4835-8ff2-fa41b1451474,2024-11-09,Local Cafe Payment,400.88,Expense,Food,UPI,Starbucks,
24993ef3-511a-48ef-beb9-c8e4d5f471bd,2024-11-09,Misc Payment,239.99,Expense,Other,Debit Card,Misc,
9e733a1d-5439-431a-8a23-fd3659c0d901,2024-11-09,Zomato Payment,1716.02,Expense,Food,Debit Card,Zomato,
37e006ee-8505-42dc-b491-994cf5114351,2024-11-09,PVR Payment,825.65,Expense,Entertainment,Debit Card,Netflix,
9ea86307-e1cc-4e61-8671-f6f741c8feb1,2024-11-09,Zomato Payment,830.03,Expense,Food,Debit Card,Zomato,
a9725b22-30eb-4f3e-acba-0558138f641b,2024-11-09,Flight Payment,305.54,Expense,Travel,Debit Card,Uber,
38c3a46a-a67f-4ee6-bc01-26ee36c3b94c,2024-11-09,Ola Payment,486.71,Expense,Travel,Cash,Metro,
7318c991-dd99-4fa4-9f38-e03ea8b93adc,2024-11-10,Domino's Payment,350.93,Expense,Food,UPI,Local Cafe,
25ff7706-cd7a-4230-8713-fa4633f79d6c,2024-11-10,Zomato Payment,979.26,Expense,Food,Credit Card,Swiggy,
1fe3b86c-546b-4de0-88a9-105e334cb8fb,2024-11-10,PVR Payment,495.32,Expense,Entertainment,Debit Card,Gaming,
309bc6ba-9811-40e9-bed0-5a55ccebc9ed,2024-11-10,Swiggy Payment,1216.33,Expense,Food,UPI,Swiggy,
13a69001-b3e5-4ca3-91e7-d1edd4acf077,2024-11-10,PharmEasy Payment,4779.11,Expense,Healthcare,Credit Card,Local Clinic,
f7d0265d-601e-4cab-9ecf-1830ea0fe4ed,2024-11-10,Local Cafe Payment,554.1,Expense,Food,Credit Card,Domino's,
291f23c3-de1b-4621-a9b2-097df2725fbb,2024-11-11,Flight Payment,813.36,Expense,Travel,Cash,Uber,
e52a07f7-372b-4eae-9daa-c88c24b8e227,2024-11-11,Gift Payment,652.69,Expense,Other,Cash,Gift,
6c889a28-7730-4f70-b6fc-519de70612e0,2024-11-11,Starbucks Payment,1824.17,Expense,Food,UPI,Domino's,
e93891b5-fe7c-47d8-92fe-d30b007c78da,2024-11-11,Gift Payment,248.27,Expense,Other,UPI,Donation,
f32fe6be-8a87-4315-81d6-4f709a671c38,2024-11-11,Starbucks Payment,1600.99,Expense,Food,UPI,Domino's,
f41559ce-999e-46d5-b51f-1b66a5eff23c,2024-11-11,Amazon Payment,9215.22,Expense,Shopping,Debit Card,Local Store,
4444bc6c-05b2-491c-b938-bdacac18f82c,2024-11-11,Local Cafe Payment,149.52,Expense,Food,UPI,Domino's,
b41538bf-43cf-431b-a8ff-9f771888833d,2024-11-11,Starbucks Payment,336.9,Expense,Food,Credit Card,Domino's,
5cf18d9b-4e11-49c9-bb64-38fdc1d45d42,2024-11-11,Apollo Payment,2499.84,Expense,Healthcare,Credit Card,PharmEasy,
cf8ecffd-48a7-4007-a69a-20dfd5797ee2,2024-11-11,Ola Payment,606.82,Expense,Travel,Cash,Metro,
429c079b-2319-49bb-98f8-0c5a82bad3f7,2024-11-12,Metro Payment,161.83,Expense,Travel,Credit Card,Ola,
40680726-2626-449b-9dbc-6eb5a38dbe08,2024-11-12,Zomato Payment,1918.84,Expense,Food,Credit Card,Swiggy,
c1dd9950-f2e0-440e-8e00-db346323b275,2024-11-12,Water Payment,3261.4,Expense,Bills,Credit Card,Gas,
cd85baba-3ede-43c0-b22e-fd3c322c32ec,2024-11-12,Electricity Payment,2384.43,Expense,Bills,Debit Card,Electricity,
66437588-c5c5-40df-bd66-8be5649ed7ce,2024-11-12,Event Payment,2677.37,Expense,Entertainment,Credit Card,Spotify,
71dfd836-86cb-429f-9859-91ff4bd0a021,2024-11-12,Uber Payment,438.81,Expense,Travel,Debit Card,Metro,
d41fa21c-2ddd-4bae-b196-d000c5b174be,2024-11-12,Ola Payment,945.36,Expense,Travel,Debit Card,Uber,
47eaef83-723f-490c-9d0c-e727d54fc41a,2024-11-12,Gift Payment,658.64,Expense,Other,Cash,Gift,
1b6a843a-e12c-401f-9b9c-ba7b45b03886,2024-11-12,Event Payment,2746.69,Expense,Entertainment,UPI,PVR,
181d4ab1-f0c4-422c-b7a8-94cc6bbd94fb,2024-11-13,Misc Payment,676.68,Expense,Other,Debit Card,Donation,
0c981110-c3e2-4832-a042-a8b415484190,2024-11-13,Zomato Payment,849.64,Expense,Food,Credit Card,Domino's,
c908753a-5022-475a-b7a7-d7edfebde807,2024-11-13,Event Payment,2991.01,Expense,Entertainment,UPI,Event,
bf102388-d6cc-4700-8b24-9471f44791ba,2024-11-13,Ola Payment,212.36,Expense,Travel,Cash,Ola,
f4799f75-95e0-4114-a932-963f21f17c8d,2024-11-13,Dentist Payment,1255.61,Expense,Healthcare,Credit Card,Dentist,
d7674171-d113-4bcb-a7b5-79a546f6dff5,2024-11-13,Starbucks Payment,396.19,Expense,Food,Credit Card,Starbucks,
582c4a6a-9a77-42bd-8868-58e979039433,2024-11-13,Zomato Payment,627.12,Expense,Food,Cash,Swiggy,
3114aeed-5c38-4b5f-997a-279a13b055b0,2024-11-14,Reliance Mart Payment,4520.17,Expense,Shopping,Debit Card,Local Store,
dfad086c-2b70-44ec-bb6d-6b47ecd04fba,2024-11-14,Misc Payment,159.23,Expense,Other,UPI,Misc,
fd077964-137f-4ccd-a546-9044be89add9,2024-11-14,Gift Payment,433.99,Expense,Other,UPI,Gift,
e87b002b-1985-4c85-80da-7b37cffd9fa7,2024-11-15,Gift Payment,544.13,Expense,Other,Credit Card,Gift,
59b70765-d69f-4a11-af78-2b85024083ed,2024-11-15,Gaming Payment,1515.61,Expense,Entertainment,UPI,PVR,
cd4f9224-9d17-4fdd-aaf7-79be8f1d930c,2024-11-15,Ola Payment,976.22,Expense,Travel,Cash,Uber,
099a3c4d-80a1-42d1-ae70-6d6486c609e6,2024-11-15,Gift Payment,85.9,Expense,Other,Credit Card,Gift,
16bc088e-7104-4f96-b045-2bf313092d79,2024-11-15,Local Store Payment,8010.49,Expense,Shopping,Cash,Reliance Mart,
d6f9a629-f387-4698-941e-bf531b1556d8,2024-11-15,Donation Payment,814.24,Expense,Other,UPI,Misc,
602bed05-bac4-4e32-9248-85ab0a258aa3,2024-11-15,Flight Payment,807.1,Expense,Travel,UPI,IRCTC,
f98da984-f86e-46f7-9fbf-04f3a62d2d50,2024-11-16,Swiggy Payment,1439.11,Expense,Food,Cash,Local Cafe,
54298637-e90a-47f8-b0d1-a5844ad5839f,2024-11-16,Reliance Mart Payment,3112.81,Expense,Shopping,UPI,Flipkart,
6221c514-3064-47e3-bf5a-15473656855d,2024-11-16,Metro Payment,406.03,Expense,Travel,UPI,Ola,
67c2ef31-a721-47b0-a1f0-bae3de018eb5,2024-11-16,Starbucks Payment,850.13,Expense,Food,Credit Card,Swiggy,
aaa3ba43-c88c-4b57-94d6-5fcdffb6abc9,2024-11-16,Spotify Payment,875.86,Expense,Entertainment,Debit Card,Event,
06ec7962-8039-4589-97ef-26d6bf73e120,2024-11-17,Water Payment,2740.85,Expense,Bills,Cash,Electricity,
9e701f37-3713-4902-a2eb-d254bf459108,2024-11-17,Event Payment,249.75,Expense,Entertainment,UPI,Netflix,
fbb02c0a-ce58-442a-846a-9acb8e212b98,2024-11-17,Donation Payment,747.06,Expense,Other,Debit Card,Gift,
46bbc971-07ac-47ad-a8e0-298d650a138e,2024-11-17,IRCTC Payment,909.31,Expense,Travel,Cash,IRCTC,
21f092ed-10d3-477d-bc1c-90d05b71fb5d,2024-11-17,Gift Payment,631.71,Expense,Other,UPI,Misc,
d549ff12-6bc2-4084-906d-caa8175c060a,2024-11-17,Domino's Payment,1390.69,Expense,Food,Debit Card,Local Cafe,
e6f114f7-7446-4967-9527-0e6789f4a575,2024-11-17,Domino's Payment,541.88,Expense,Food,UPI,Starbucks,
84eee366-8c1d-4032-91ab-95c6ba8a8451,2024-11-18,Uber Payment,772.4,Expense,Travel,UPI,Metro,
5c4db76f-dc35-4cd1-8d38-ed614c3dfbce,2024-11-18,Zomato Payment,1200.76,Expense,Food,Cash,Swiggy,
53a2e77d-6535-45b7-9f0d-32ca798a7b22,2024-11-18,Metro Payment,400.43,Expense,Travel,Credit Card,Uber,
e1b65b5d-8bfe-4e4d-98b5-6ae349da1945,2024-11-18,Local Cafe Payment,1710.07,Expense,Food,Credit Card,Domino's,
cef22857-fde4-48ef-8ec9-71f4684d83c4,2024-11-18,Local Cafe Payment,1218.76,Expense,Food,Credit Card,Starbucks,
2a7f5a1d-7e59-4561-a9aa-18e1fc37a7b7,2024-11-18,Gas Payment,3961.4,Expense,Bills,Debit Card,Gas,
0d26e5a5-198c-43f1-8774-67128ac6284a,2024-11-18,Gas Payment,3181.01,Expense,Bills,Cash,Jio,
5e8ff0d2-bba6-437c-b4a4-062cceaabc4f,2024-11-18,Gaming Payment,1321.27,Expense,Entertainment,UPI,Spotify,
2fafb918-d1c6-4d62-b7a7-f05606037d8d,2024-11-18,Dentist Payment,4708.26,Expense,Healthcare,UPI,PharmEasy,
1692f1dc-98eb-40b7-ba11-756aa78df939,2024-11-18,Water Payment,3195.97,Expense,Bills,Debit Card,Electricity,
84fac427-e943-4c67-9646-02e92d0da8ab,2024-11-18,Electricity Payment,2870.98,Expense,Bills,Debit Card,Gas,
87325165-675e-4a1e-8e21-4a90343e1981,2024-11-18,Starbucks Payment,828.7,Expense,Food,UPI,Starbucks,
f520b8ee-ea54-4562-9a8f-0ee378d74ed0,2024-11-18,Donation Payment,615.74,Expense,Other,UPI,Misc,
9dd1ecda-61b6-44a8-b6bf-4df61853cc97,2024-11-18,Misc Payment,404.22,Expense,Other,Cash,Misc,
036f7d2e-0cc1-4934-873e-7dd3f4e5dfe1,2024-11-18,Apollo Payment,331.08,Expense,Healthcare,Debit Card,Apollo,
4b7eecd1-b075-4fee-95f9-db99e9c501c3,2024-11-19,Gift Payment,597.53,Expense,Other,Cash,Gift,
3c9dcca9-b87b-4eab-bfce-ebc17c26ff6f,2024-11-19,Domino's Payment,521.36,Expense,Food,Cash,Starbucks,
30b9be4d-40bf-4d3f-9939-0ebda1d37583,2024-11-19,Airtel Payment,2219.5,Expense,Bills,Credit Card,Jio,
4e0b74a6-5a9a-4e6f-921a-10e118a6a275,2024-11-20,Swiggy Payment,1120.45,Expense,Food,UPI,Local Cafe,
49090f05-9e9e-4e5b-9167-325ba68b38e2,2024-11-20,Domino's Payment,1432.43,Expense,Food,Credit Card,Zomato,
cee82b09-0870-4d25-bbfc-9573142545ae,2024-11-20,Local Cafe Payment,1461.44,Expense,Food,Credit Card,Local Cafe,
18e93d67-60c6-46d6-8607-16496cb8f3c3,2024-11-20,Metro Payment,516.54,Expense,Travel,Credit Card,Uber,
2280f39a-7bee-4c78-8cb7-2af92baa7466,2024-11-20,Starbucks Payment,1004.15,Expense,Food,UPI,Swiggy,
f99473e9-ecc5-465c-810a-e4b091c97795,2024-11-20,Misc Payment,673.35,Expense,Other,Cash,Donation,
225661db-696a-49d6-87a0-35b9cbc1949b,2024-11-20,PVR Payment,2227.42,Expense,Entertainment,UPI,PVR,
99bf8d66-5924-48b7-b81f-5926591030bc,2024-11-21,Flight Payment,483.89,Expense,Travel,Debit Card,Ola,
690a32a5-8dc1-488c-a755-1180dad7c5fc,2024-11-21,Domino's Payment,1323.65,Expense,Food,UPI,Swiggy,
c74b5055-3e49-4e68-9aa6-9ae081243e53,2024-11-21,Gift Payment,591.19,Expense,Other,UPI,Donation,
751c8f9d-7f25-44a4-b74b-ffaa2b5d6a76,2024-11-21,Swiggy Payment,228.31,Expense,Food,Cash,Starbucks,
6dc76d59-b7fe-4dce-bd22-336c9a8cf4b8,2024-11-21,Dentist Payment,4136.08,Expense,Healthcare,Credit Card,Local Clinic,
ff949912-cf7d-46bb-9bac-5f871d30cd62,2024-11-21,Local Cafe Payment,195.15,Expense,Food,Debit Card,Local Cafe,
cbff543c-10ce-4926-b813-cf89702d865d,2024-11-21,Gaming Payment,1202.87,Expense,Entertainment,Cash,Event,
aeded8a4-bf63-4213-8e17-ea4b92ca6141,2024-11-21,Starbucks Payment,930.39,Expense,Food,Credit Card,Swiggy,
49c82a44-53c9-45c8-9c4b-f8d85fd462e4,2024-11-22,Gift Payment,296.57,Expense,Other,UPI,Gift,
1a96a98d-d990-43af-a558-0a1786412c14,2024-11-22,Jio Payment,515.72,Expense,Bills,Debit Card,Airtel,
dd2b15a2-745e-4884-b0cd-75326ebd6ff4,2024-11-22,Uber Payment,999.98,Expense,Travel,UPI,Flight,
4bba26c9-f9bb-4922-b868-db25e4556a3b,2024-11-22,Metro Payment,995.44,Expense,Travel,Debit Card,Flight,
3f16029e-f248-4624-ba4a-666465af5691,2024-11-22,Gift Payment,467.08,Expense,Other,Credit Card,Gift,
0860119e-d92b-4818-b8d0-6690a66f61d8,2024-11-22,Zomato Payment,1020.13,Expense,Food,Debit Card,Zomato,
c4197935-627a-4aaa-be84-07c61e8330b8,2024-11-22,IRCTC Payment,476.48,Expense,Travel,Cash,Uber,
e3f4fc7f-0968-4518-b7cf-439e6be1ce62,2024-11-22,Zomato Payment,1619.59,Expense,Food,Debit Card,Starbucks,
ba2fb1ce-6cc5-4910-84a0-e9b7f4913b22,2024-11-22,Zomato Payment,1116.48,Expense,Food,UPI,Local Cafe,
c69b0b2b-0524-447b-968b-69fd563bd382,2024-11-23,Water Payment,4794.04,Expense,Bills,Credit Card,Airtel,
52318a3d-d2f6-466d-b303-df3f8596ace9,2024-11-23,Flight Payment,211.72,Expense,Travel,UPI,Metro,
57530b7f-804d-4c36-a7d0-ff99b60c1ebf,2024-11-23,Uber Payment,149.28,Expense,Travel,UPI,Metro,
e90543da-153a-4c4c-ae1e-b1b096885b19,2024-11-23,Domino's Payment,1085.76,Expense,Food,Debit Card,Domino's,
a6d237ea-15aa-4a9e-82be-39657fb465e8,2024-11-23,Dentist Payment,4151.76,Expense,Healthcare,Credit Card,Dentist,
640b5857-480d-452d-9e72-75b14adb5713,2024-11-23,Netflix Payment,2892.94,Expense,Entertainment,Debit Card,Gaming,
b93f1eb8-df68-4aeb-b0f9-98b48420bbca,2024-11-23,Gas Payment,3711.4,Expense,Bills,Credit Card,Water,
b2b9cbc5-b6f6-4d2f-b961-1d40529d5e8d,2024-11-23,Metro Payment,711.85,Expense,Travel,Credit Card,IRCTC,
fc150ae0-af5e-4e1d-b04e-104aedc1c813,2024-11-23,Donation Payment,516.23,Expense,Other,UPI,Donation,
0f211c6a-ee37-4b46-a46e-6a4f64f56de0,2024-11-24,Starbucks Payment,1612.87,Expense,Food,UPI,Starbucks,
a9f0b8da-4eb3-49be-99ee-cdfa5b22dc98,2024-11-24,Domino's Payment,724.38,Expense,Food,Credit Card,Swiggy,
b3ae2fe9-e5ee-408c-b7e6-549a0c888f32,2024-11-24,Domino's Payment,125.05,Expense,Food,Credit Card,Local Cafe,
71e80507-64c4-4667-a2e4-83b2f611773f,2024-11-24,Event Payment,1894.33,Expense,Entertainment,Credit Card,Netflix,
e55c2024-08c5-492e-9bea-8e196e5e8118,2024-11-24,Gaming Payment,2059.42,Expense,Entertainment,Cash,Netflix,
fca1c765-f3a9-4004-9217-b5c225ba6cbb,2024-11-24,Gaming Payment,1408.86,Expense,Entertainment,Cash,Event,
8da17d84-1a9f-4f33-a4f4-a8c1a3f59642,2024-11-25,Zomato Payment,125.75,Expense,Food,Credit Card,Swiggy,
7945958e-1312-46fb-94c0-a53fc695c1c3,2024-11-25,Zomato Payment,1284.23,Expense,Food,Cash,Local Cafe,
8f142715-64c8-4a8f-82da-09d4f63620f8,2024-11-25,Zomato Payment,1802.26,Expense,Food,Cash,Domino's,
d3418eca-beed-40c0-827f-af72c3acb309,2024-11-25,Amazon Payment,3097.0,Expense,Shopping,Cash,Myntra,
315cb2bd-718e-4412-9b4b-beca5219f054,2024-11-25,Flight Payment,928.47,Expense,Travel,Credit Card,Ola,
b626a8ff-8e22-4b7c-88be-8dc1b86860af,2024-11-25,Uber Payment,814.9,Expense,Travel,UPI,Flight,
09efe45c-5847-41e0-8b6c-a5549c0826c5,2024-11-25,Gaming Payment,522.4,Expense,Entertainment,Debit Card,Spotify,
39ad5a99-beb6-4c1f-80df-77d3f37fe280,2024-11-25,Netflix Payment,979.68,Expense,Entertainment,Credit Card,Gaming,
16f8fb9a-8aa8-4ea4-b9d2-a22e0e41b56b,2024-11-25,Zomato Payment,1085.2,Expense,Food,UPI,Zomato,
af3dcaba-0977-449c-b743-e4d0dccea6db,2024-11-26,Misc Payment,142.83,Expense,Other,Debit Card,Gift,
59591280-811b-4136-a379-fcadee84d0f6,2024-11-26,Zomato Payment,840.87,Expense,Food,Credit Card,Domino's,
15a2e9ca-a07e-4ca7-a2e8-51d80421edf3,2024-11-26,Airtel Payment,897.68,Expense,Bills,UPI,Jio,
da5696c6-e401-40ce-884f-15a2cb9e7d6b,2024-11-26,PVR Payment,902.73,Expense,Entertainment,UPI,Spotify,
52022ade-f66f-4c5d-a504-d4efe1582817,2024-11-26,Flight Payment,463.39,Expense,Travel,Credit Card,Flight,
822e2ed8-f32e-4ed2-98cd-670cfd6b39ca,2024-11-26,IRCTC Payment,412.37,Expense,Travel,Cash,Metro,
a6e7f636-c987-4bc0-b3ff-acbec9ad0184,2024-11-27,Starbucks Payment,193.01,Expense,Food,Credit Card,Domino's,
97a9dd99-2bba-437d-a1c8-08b8352d39ca,2024-11-27,Gas Payment,3635.18,Expense,Bills,UPI,Jio,
9bf7c7ff-7ccc-43d0-b0a4-ecce06c250a4,2024-11-27,Local Cafe Payment,1483.56,Expense,Food,Cash,Domino's,
61061e84-d53d-4434-829c-7637a1e45455,2024-11-27,PharmEasy Payment,925.43,Expense,Healthcare,UPI,Apollo,
4f6f3c10-7f29-40d5-a4b4-a2e019fa13c2,2024-11-27,Zomato Payment,1815.74,Expense,Food,Credit Card,Swiggy,
7f8652f1-411c-4663-a02c-68276a43eb5e,2024-11-27,Donation Payment,758.51,Expense,Other,Debit Card,Gift,
d272af63-0055-4d3f-ac62-091883da63ec,2024-11-27,Uber Payment,160.11,Expense,Travel,Credit Card,Ola,
71d3dad8-15aa-455a-9e59-749e1c1fcef3,2024-11-27,Local Cafe Payment,132.5,Expense,Food,Credit Card,Starbucks,
d1a8ed0b-462c-4302-9610-87281a73b043,2024-11-27,Misc Payment,604.83,Expense,Other,Credit Card,Donation,
62647c1f-f523-4513-91ef-b54da6ad767f,2024-11-27,Swiggy Payment,1067.33,Expense,Food,Credit Card,Local Cafe,
fe37060e-bf11-41b3-b306-9efb005de7a2,2024-11-28,Gas Payment,4049.45,Expense,Bills,Debit Card,Electricity,
e4fe0121-597e-437e-917b-99749dfaed0e,2024-11-28,Airtel Payment,4515.56,Expense,Bills,Credit Card,Electricity,
32784516-5d27-4d91-af57-9fa0e429279f,2024-11-28,Local Store Payment,3630.16,Expense,Shopping,Cash,Flipkart,
786ccd02-e662-4f1a-a9fa-ee6129c02176,2024-11-28,Local Cafe Payment,1830.95,Expense,Food,Credit Card,Domino's,
8416c6f1-b460-43bb-9366-24cf4d943631,2024-11-28,Flight Payment,458.06,Expense,Travel,Credit Card,Flight,
b34b9704-4d72-496d-9b5e-9b2b71935b0e,2024-11-29,Reliance Mart Payment,6881.33,Expense,Shopping,Cash,Myntra,
cddb4b1b-170d-4a9d-b37f-26cee7fb3e54,2024-11-29,Gaming Payment,448.58,Expense,Entertainment,Credit Card,Netflix,
d633a799-1d41-4bef-a90a-61f9c8fc0eb6,2024-11-29,Reliance Mart Payment,7092.69,Expense,Shopping,Debit Card,Reliance Mart,
7d61aee5-1d38-41ba-99b0-2936021bf3f7,2024-11-29,Misc Payment,181.42,Expense,Other,Credit Card,Gift,
f9c232c4-7a2a-41de-a8b3-2e908555a146,2024-11-29,Myntra Payment,912.91,Expense,Shopping,Cash,Reliance Mart,
9864ff30-90c6-44e6-9323-7f5f7ed22fc5,2024-11-30,Electricity Payment,1035.37,Expense,Bills,Credit Card,Electricity,
cfed344a-f031-4d90-8604-8defdb9b9cff,2024-11-30,Jio Payment,4680.59,Expense,Bills,Credit Card,Gas,
8a111a05-1168-4e7c-ad0f-9f6723ef6ebc,2024-11-30,Misc Payment,573.97,Expense,Other,Debit Card,Donation,
a90c12e3-5ee6-42b9-9c60-df53ca9fe6bd,2024-11-30,Amazon Payment,2803.18,Expense,Shopping,Cash,Myntra,
2ab8095c-503e-4c11-bb7e-5027ddfbc7ea,2024-11-30,Gift Payment,419.96,Expense,Other,UPI,Misc,
d28e7926-19e4-41cd-97fe-e715e4058da4,2024-12-01,Jio Payment,2822.57,Expense,Bills,Debit Card,Water,
cc442c08-242c-4a00-b70b-b206c5101c8c,2024-12-01,Starbucks Payment,1743.63,Expense,Food,Cash,Local Cafe,
0d7b1e46-1560-4b1f-838c-1111982a8f72,2024-12-01,Metro Payment,885.01,Expense,Travel,Debit Card,IRCTC,
06a4604b-45b0-4502-8a21-7c15a8bc5d4d,2024-12-01,Donation Payment,325.62,Expense,Other,UPI,Gift,
1eaf3461-87e9-400a-8364-a1df257f8f39,2024-12-01,Swiggy Payment,1822.16,Expense,Food,Debit Card,Local Cafe,
4ae5f9d6-dbcc-4ec1-83f3-a7267a3fb714,2024-12-01,Monthly Salary,55500.59,Income,Salary,Bank Transfer,Employer,Regular Income
e3adabae-25d2-4719-82dd-7024e3ade377,2024-12-01,Uber Payment,836.67,Expense,Travel,UPI,IRCTC,
8144f65b-abf3-4fa4-bfc2-204190e15f78,2024-12-02,Gift Payment,809.0,Expense,Other,UPI,Misc,
4394b748-9661-4b2b-b3a4-228f20f47017,2024-12-02,Misc Payment,412.36,Expense,Other,UPI,Gift,
1bc1e6a3-7553-46b7-9df8-7e41f192c188,2024-12-02,Airtel Payment,1110.65,Expense,Bills,Cash,Airtel,
4164e0bc-d205-4de1-95b5-f74c49880c2d,2024-12-03,Local Clinic Payment,2490.96,Expense,Healthcare,UPI,PharmEasy,
a213aee4-8848-4534-953a-773608d71ee5,2024-12-03,Local Cafe Payment,155.68,Expense,Food,Cash,Swiggy,
ca0bf992-ebc4-43a9-bd65-374737d26445,2024-12-03,Amazon Payment,2885.65,Expense,Shopping,Cash,Myntra,
ce38a33d-322f-4d28-a0a0-199c936308b8,2024-12-03,Uber Payment,343.14,Expense,Travel,Credit Card,Ola,
b89ec404-3bcf-4c2c-a064-29810ee116cc,2024-12-03,Metro Payment,176.65,Expense,Travel,Cash,Metro,
6cafd3fc-09d4-489c-8f12-7687a3c5984a,2024-12-03,Event Payment,2573.27,Expense,Entertainment,Cash,Event,
579967ab-57c7-4722-9384-39a19c6a994d,2024-12-04,Misc Payment,921.37,Expense,Other,Credit Card,Misc,
340eb88c-45c0-4057-9f27-67f88034131a,2024-12-04,Airtel Payment,1952.62,Expense,Bills,Cash,Airtel,
4760972f-8ff4-460b-85d6-425a811fdf33,2024-12-04,PharmEasy Payment,2747.1,Expense,Healthcare,Debit Card,Apollo,
bcc90f16-ebe4-41b1-bba2-3f2e4dd380b5,2024-12-04,Donation Payment,496.79,Expense,Other,Credit Card,Gift,
26c85d28-30dc-4c56-9e49-33145470f760,2024-12-04,Airtel Payment,828.75,Expense,Bills,Credit Card,Water,
52d2e5d5-50ca-4007-ab30-ce2e18a94d46,2024-12-05,Metro Payment,364.14,Expense,Travel,UPI,Ola,
97269363-6a6e-4330-afbb-13b84ff84968,2024-12-05,Gas Payment,2586.92,Expense,Bills,UPI,Water,
1fa80893-35ce-4d7f-9a2a-d3732ecfd9a7,2024-12-05,Local Cafe Payment,116.47,Expense,Food,UPI,Local Cafe,
187fbc22-f87d-4bb4-b33a-79fc1691f8c8,2024-12-06,Water Payment,829.23,Expense,Bills,Cash,Jio,
120ea18d-2310-4c1a-99ef-3e27833ed4e6,2024-12-06,Local Cafe Payment,1529.31,Expense,Food,Cash,Zomato,
6ce255e7-ac37-4cb8-a756-564bfa5414b9,2024-12-06,Amazon Payment,7748.46,Expense,Shopping,UPI,Myntra,
9630b1eb-c7cb-4008-997b-0f339b712f31,2024-12-06,Amazon Payment,6917.21,Expense,Shopping,Cash,Local Store,
5b03f204-544c-4a70-8f6d-3a1570c2a7de,2024-12-06,Swiggy Payment,333.54,Expense,Food,UPI,Local Cafe,
df4fdc75-6561-4f51-a136-41f52f6ac3a2,2024-12-06,Domino's Payment,1656.45,Expense,Food,Debit Card,Zomato,
b76b13c4-e5ba-489e-b90c-403c4fb4b55b,2024-12-06,Gift Payment,776.08,Expense,Other,Debit Card,Misc,
2dc783ff-98d6-4bf8-9c3f-ae718d1b5f2e,2024-12-06,Gift Payment,826.97,Expense,Other,Credit Card,Gift,
a722951b-4655-4c6b-a7f9-5e7a07aeedbb,2024-12-06,Spotify Payment,2965.04,Expense,Entertainment,Cash,Netflix,
40ce39d5-7b41-48f3-865c-9c8a5f1cba0a,2024-12-06,Myntra Payment,7611.68,Expense,Shopping,Debit Card,Reliance Mart,
775175cc-accd-4dd1-8454-818025ae4f57,2024-12-06,Gift Payment,358.05,Expense,Other,Debit Card,Gift,
00628209-e3a5-488e-a595-22252c816399,2024-12-07,Flipkart Payment,7306.53,Expense,Shopping,UPI,Myntra,
61475a44-0ff5-490d-96ed-314b5f45dd6c,2024-12-07,PVR Payment,1067.1,Expense,Entertainment,Debit Card,Event,
9005b700-7ecd-4dd0-926c-d95eab1d2ff6,2024-12-07,Starbucks Payment,1773.61,Expense,Food,Debit Card,Swiggy,
c981ca23-2c79-4946-831e-0354d523fb4e,2024-12-07,Spotify Payment,2587.77,Expense,Entertainment,Cash,Netflix,
6e90714d-de33-4fb1-85cf-e97f2dc9de15,2024-12-07,Spotify Payment,1208.54,Expense,Entertainment,Credit Card,Gaming,
4ed9d061-9969-4222-a0ea-b6796b7504a4,2024-12-07,Local Cafe Payment,431.23,Expense,Food,Credit Card,Starbucks,
5741e97a-934d-4e26-a5d7-c8ca0d2b2175,2024-12-07,Uber Payment,890.97,Expense,Travel,Cash,Flight,
9a7effd4-4496-4f9d-a321-0f2fd8c71206,2024-12-07,IRCTC Payment,624.12,Expense,Travel,UPI,Flight,
55eaa41b-bfd8-4e38-b781-d01331e58378,2024-12-07,Gift Payment,811.48,Expense,Other,UPI,Gift,
484641ed-d0b4-4e46-a7ea-a594ddead94a,2024-12-07,Starbucks Payment,798.54,Expense,Food,Debit Card,Domino's,
1a97363f-a2ad-4ad0-9a35-1fed33a4d953,2024-12-08,Myntra Payment,6230.13,Expense,Shopping,Cash,Flipkart,
71f5fe3d-ca18-4876-813c-28b5ec8479bc,2024-12-08,Zomato Payment,1650.94,Expense,Food,Cash,Local Cafe,
0ec81f42-16ab-41a8-b84b-31f240ea49f4,2024-12-08,Misc Payment,631.14,Expense,Other,Credit Card,Misc,
5d3c4200-dd72-4d49-b2e0-358744b7a13b,2024-12-08,Zomato Payment,512.81,Expense,Food,Debit Card,Zomato,
74b55abb-5539-4f24-b852-5520fae365d4,2024-12-08,Misc Payment,455.76,Expense,Other,Debit Card,Donation,
daad67b0-0eaa-46fe-ab87-7e934d891e1d,2024-12-08,Zomato Payment,716.14,Expense,Food,UPI,Local Cafe,
c5a99a49-3f72-4dc3-8b0d-8336a06c5c72,2024-12-09,Gift Payment,525.04,Expense,Other,UPI,Gift,
1971a9d6-fbf3-490e-99bd-b58d9c8a4b4b,2024-12-09,Jio Payment,3879.07,Expense,Bills,Debit Card,Airtel,
02e76e45-51ec-4448-a054-c939f3338064,2024-12-09,PVR Payment,1002.11,Expense,Entertainment,Cash,Gaming,
11e80fcc-3514-42de-a986-36e9e109dd69,2024-12-09,IRCTC Payment,382.35,Expense,Travel,Cash,Metro,
519b0ac0-55d4-4b10-b076-02cd5dcdd6d7,2024-12-09,Local Cafe Payment,680.55,Expense,Food,Cash,Starbucks,
1f296074-28a4-4091-9f3e-5e597495549d,2024-12-09,Donation Payment,681.82,Expense,Other,Debit Card,Misc,
b19ef5ef-efd1-4578-9685-a987252ad91d,2024-12-09,Event Payment,1029.54,Expense,Entertainment,Credit Card,PVR,
fd473c56-0ed0-4f68-9281-3dc46760ab1b,2024-12-09,Myntra Payment,3448.87,Expense,Shopping,Debit Card,Amazon,
163de9d9-7a66-48b8-a65d-cf2f9cbcb561,2024-12-09,Starbucks Payment,164.68,Expense,Food,Credit Card,Starbucks,
2b520309-5a00-4375-bc57-bdf0dfe8dbd2,2024-12-09,IRCTC Payment,3375.32,Expense,Travel,Credit Card,Metro,
b7d5b6ab-fdff-425b-b321-6e151ab75f6e,2024-12-10,Reliance Mart Payment,8521.09,Expense,Shopping,UPI,Myntra,
0f06307b-c1fe-48c9-8649-80992eb2a54e,2024-12-10,Water Payment,3750.72,Expense,Bills,Debit Card,Jio,
639646f2-c361-4e24-b561-d29374f7399b,2024-12-10,Misc Payment,336.99,Expense,Other,Credit Card,Gift,
42a2dc7d-2aad-4b5a-adf3-e8783e15ac86,2024-12-10,Metro Payment,618.89,Expense,Travel,Credit Card,Metro,
7277035b-6fce-4675-a085-18cd14a12971,2024-12-10,Gift Payment,187.13,Expense,Other,Cash,Donation,
32a23161-6cc9-478b-990b-73e973e63c84,2024-12-10,Gift Payment,684.26,Expense,Other,Debit Card,Gift,
ca8219ab-f694-4bc5-8ea5-3a43469b3fe2,2024-12-11,Flipkart Payment,8317.72,Expense,Shopping,Cash,Local Store,
498b10f5-d69d-4eea-aa57-d90bdbc67501,2024-12-11,Netflix Payment,555.32,Expense,Entertainment,Debit Card,Spotify,
71defee8-b3eb-4ede-a8af-5fe1ec20c480,2024-12-11,Jio Payment,20585.29,Expense,Bills,UPI,Electricity,
422bbd20-59c6-4d96-a82e-266e9e911db1,2024-12-11,Misc Payment,659.41,Expense,Other,UPI,Gift,
89bdbed7-dcd8-43b5-8272-4b53c533cc65,2024-12-11,Netflix Payment,2626.07,Expense,Entertainment,UPI,Event,
744f127a-ae5f-46e7-a142-62af36c58c7a,2024-12-12,Flipkart Payment,1264.94,Expense,Shopping,Debit Card,Amazon,
e204af43-a546-4961-aa0b-4b2c38bb4cc8,2024-12-13,Local Store Payment,1072.94,Expense,Shopping,UPI,Local Store,
241d0d11-db24-4eb9-85d9-df4b8dc1d233,2024-12-13,Local Cafe Payment,1380.32,Expense,Food,Debit Card,Starbucks,
d418adcc-8190-4f9c-96b5-207d0207768d,2024-12-13,Netflix Payment,2346.12,Expense,Entertainment,UPI,PVR,
55c096ae-ac7f-4916-8f4b-1d63141bc25a,2024-12-13,Misc Payment,349.63,Expense,Other,Credit Card,Gift,
478bcc75-a060-47ce-9d6b-89d2a09b12b4,2024-12-13,Flight Payment,820.21,Expense,Travel,Cash,Metro,
7feaa015-0dc6-4ebf-881c-1c2d09fbb12c,2024-12-13,Event Payment,1705.65,Expense,Entertainment,Cash,Event,
97069681-a823-46bf-8b60-fed3c542ea93,2024-12-13,Misc Payment,765.01,Expense,Other,UPI,Donation,
a62d923d-22b9-425a-a4d6-c3a25aa547a9,2024-12-14,Gift Payment,979.66,Expense,Other,Debit Card,Donation,
533e0f97-c69a-46a7-a83a-8296af24f841,2024-12-14,IRCTC Payment,379.52,Expense,Travel,Credit Card,Ola,
86261022-276f-479a-aad2-18fb29b3d72b,2024-12-14,Donation Payment,163.46,Expense,Other,UPI,Gift,
0faac78b-c840-41b8-8159-0bc816f14ed3,2024-12-14,Domino's Payment,1851.03,Expense,Food,UPI,Domino's,
38ecda70-9d19-459c-b00f-b1ff7c23b0ad,2024-12-15,Donation Payment,343.45,Expense,Other,Credit Card,Misc,
51658058-40f4-4ec1-a716-ee978a4f710a,2024-12-15,Metro Payment,610.75,Expense,Travel,Cash,Metro,
d7ae7af4-e834-4577-b543-c3317ccd2769,2024-12-15,Domino's Payment,1219.71,Expense,Food,Cash,Domino's,
dc55ffdf-8b4a-40ef-b488-a63294d41e4d,2024-12-15,Donation Payment,597.92,Expense,Other,Debit Card,Gift,
3a97607e-f340-42b4-9c94-0e8fa44958da,2024-12-15,Gaming Payment,250.57,Expense,Entertainment,Credit Card,Spotify,
75ac4c36-1638-43f4-9b64-3088e8327703,2024-12-15,Donation Payment,499.85,Expense,Other,Debit Card,Donation,
06752417-dd81-45aa-b7ab-c1fedcbfd611,2024-12-15,Spotify Payment,2236.1,Expense,Entertainment,UPI,PVR,
64c847cf-2cf7-4a15-a7f1-40da200c63a7,2024-12-16,Myntra Payment,4509.04,Expense,Shopping,Cash,Local Store,
ddc0e932-621d-4942-a98c-cc1f61350089,2024-12-16,Local Cafe Payment,635.51,Expense,Food,Cash,Domino's,
379fa8ec-b01d-4131-a674-16ec3c0f8fc6,2024-12-16,Gaming Payment,1564.43,Expense,Entertainment,Debit Card,PVR,
94c22ade-df52-42d1-a9df-337e2feb00cf,2024-12-16,Donation Payment,478.91,Expense,Other,UPI,Gift,
f318e4b9-53b6-4913-b4b7-bfc5fcd6fbca,2024-12-16,Donation Payment,899.73,Expense,Other,Cash,Misc,
171d4128-7674-4968-bf67-11a4b14fd091,2024-12-16,Water Payment,2762.55,Expense,Bills,Credit Card,Airtel,
eedae8ab-b0e0-4d44-b2a5-bce09e722b19,2024-12-16,Amazon Payment,7137.93,Expense,Shopping,Debit Card,Reliance Mart,
2b85e68f-e40a-4e42-8241-9f15f422ce7b,2024-12-16,Uber Payment,831.42,Expense,Travel,UPI,Ola,
d68287f9-0c52-4265-8102-166e240302a9,2024-12-16,Gift Payment,755.8,Expense,Other,Credit Card,Donation,
c2bd94ca-c454-4735-9a51-9b3af8da491a,2024-12-17,Local Cafe Payment,260.18,Expense,Food,Credit Card,Domino's,
8a24a6ac-4174-41ef-999e-ec150bf39146,2024-12-17,Myntra Payment,4108.79,Expense,Shopping,Credit Card,Myntra,
5558be53-959e-4ee8-879a-d06fac061814,2024-12-17,PharmEasy Payment,2524.35,Expense,Healthcare,Debit Card,Apollo,
8340e76a-e814-4b25-a7c0-d9f19cbfc0ee,2024-12-17,Swiggy Payment,1056.34,Expense,Food,Debit Card,Local Cafe,
ffb83926-1597-4daf-9849-14cf9339aa3a,2024-12-17,Gas Payment,4475.89,Expense,Bills,Cash,Electricity,
0cd5f8d4-460d-4024-af3f-9cda041b4b35,2024-12-18,Local Store Payment,6714.95,Expense,Shopping,Credit Card,Amazon,
227db305-9fe4-43dd-b320-6f5873fd0b39,2024-12-18,Jio Payment,4099.57,Expense,Bills,Cash,Electricity,
af022af5-5ef0-4e7e-b3bf-6b54896abb1a,2024-12-18,Donation Payment,257.93,Expense,Other,Cash,Gift,
b325269a-b346-40aa-8e3b-cfabf5af47fa,2024-12-18,Zomato Payment,253.5,Expense,Food,Debit Card,Starbucks,
f3a67c2f-ebab-4cd9-90de-476bec0073dc,2024-12-18,Electricity Payment,4610.55,Expense,Bills,UPI,Water,
ee8bc033-c0d8-4fb4-9328-dd75c0666c10,2024-12-18,Domino's Payment,704.84,Expense,Food,UPI,Domino's,
cbbe85a6-f36b-4a83-b4b0-4ca563921655,2024-12-18,Local Store Payment,5624.5,Expense,Shopping,Credit Card,Local Store,
b5b907f9-5983-4bd6-b380-8016e6862c53,2024-12-18,Zomato Payment,1129.48,Expense,Food,UPI,Swiggy,
8c5ade5b-8da0-4168-acab-3cbc036d1ebb,2024-12-18,Local Cafe Payment,573.65,Expense,Food,Credit Card,Swiggy,
984a9480-4491-42ea-b552-3cd12f6ab89c,2024-12-19,Metro Payment,177.62,Expense,Travel,UPI,Uber,
deb764e8-616e-45bf-abe3-f96d29fa9a41,2024-12-19,Donation Payment,690.66,Expense,Other,Debit Card,Donation,
fa64ab25-2c04-4850-abab-ec6858d93d33,2024-12-19,Swiggy Payment,928.95,Expense,Food,UPI,Local Cafe,
a45a006c-c069-491d-98e5-5b0596b59d5a,2024-12-19,Starbucks Payment,626.71,Expense,Food,Debit Card,Starbucks,
512e6973-f136-464b-9525-9237b48f6990,2024-12-19,Donation Payment,189.45,Expense,Other,Credit Card,Misc,
ee491ae7-390d-4df3-b9d9-56515de7e11a,2024-12-19,Starbucks Payment,1925.38,Expense,Food,Credit Card,Domino's,
db33b9e9-3f97-4dbe-827f-e3fd4697e113,2024-12-20,Myntra Payment,2112.32,Expense,Shopping,Debit Card,Myntra,
4142b92b-54c3-40ea-835d-f0156563fa6d,2024-12-20,IRCTC Payment,301.95,Expense,Travel,Debit Card,Uber,
67fb2ec8-1769-46ed-8647-8bc0c144334b,2024-12-20,Metro Payment,675.49,Expense,Travel,Credit Card,Ola,
48351e98-b0d9-417a-b25d-aba0d471de50,2024-12-20,Flight Payment,258.96,Expense,Travel,Credit Card,Metro,
f1c98e41-c3d7-4872-af17-c9016fbd5526,2024-12-20,Gas Payment,2947.45,Expense,Bills,Debit Card,Gas,
ef5615d8-37bb-41fe-b807-0071135eed36,2024-12-20,Uber Payment,761.24,Expense,Travel,Credit Card,Metro,
66af1da4-4f09-49f9-9167-ddf842d2206a,2024-12-20,Swiggy Payment,581.91,Expense,Food,Cash,Domino's,
6c01f2f2-a57c-4d72-9021-3bdb19fe8002,2024-12-20,Airtel Payment,3605.08,Expense,Bills,Debit Card,Gas,
7398fd13-e174-455a-91d5-53603411f46c,2024-12-20,Gaming Payment,2601.97,Expense,Entertainment,UPI,Event,
456669a8-a206-4174-856d-f78720daf3c1,2024-12-21,Donation Payment,658.53,Expense,Other,Credit Card,Gift,
1a9f0aff-f56b-4e09-9d78-7286c1d56e6d,2024-12-21,Domino's Payment,1615.6,Expense,Food,Cash,Zomato,
d319e81e-92f5-45a8-b4a4-850ceb7cef39,2024-12-21,Flipkart Payment,4832.81,Expense,Shopping,Debit Card,Myntra,
ccf7d5a1-b1cb-4701-bea8-442394ceb815,2024-12-21,Local Cafe Payment,186.79,Expense,Food,UPI,Local Cafe,
6f1bb73d-bb7f-480e-82aa-d613d95f7be6,2024-12-21,Netflix Payment,1609.32,Expense,Entertainment,Credit Card,Netflix,
8ad4856b-06cb-4328-80a0-c410614ec3fb,2024-12-21,Airtel Payment,4122.14,Expense,Bills,Credit Card,Airtel,
865d240c-a486-410b-acec-59f9c89cbcc4,2024-12-21,Domino's Payment,1988.83,Expense,Food,UPI,Local Cafe,
6f461736-c0d7-4ff6-82a9-ea6100ebdd9d,2024-12-21,Reliance Mart Payment,7370.57,Expense,Shopping,Debit Card,Local Store,
3e15f0d1-42a1-4374-9d3b-b44ead0f8465,2024-12-21,Event Payment,1068.17,Expense,Entertainment,Cash,Netflix,
c8b788ee-2a4e-4316-9de8-c112c404529e,2024-12-22,Swiggy Payment,118.9,Expense,Food,Debit Card,Local Cafe,
f351b49a-31dc-4bf5-8a6b-f7a77756ef48,2024-12-22,Misc Payment,393.55,Expense,Other,Credit Card,Donation,
d5ba2345-f0ca-4fa2-aa07-920a453c4947,2024-12-22,Starbucks Payment,249.13,Expense,Food,UPI,Swiggy,
5dbd5f92-e3bd-4db1-9596-84b9771354df,2024-12-22,Metro Payment,227.48,Expense,Travel,Credit Card,Flight,
ad57983f-0d64-48df-9025-6f9bbf615333,2024-12-22,Apollo Payment,1677.03,Expense,Healthcare,UPI,Apollo,
9a4bd1c0-df60-47c8-85a2-de360b458e3f,2024-12-22,Domino's Payment,1644.32,Expense,Food,Credit Card,Starbucks,
674efca5-d6d4-46b1-a5c7-0110cf911ea2,2024-12-23,Zomato Payment,971.16,Expense,Food,Credit Card,Swiggy,
298a8d68-7f92-4ad2-9891-46e78ca07bca,2024-12-23,Flipkart Payment,8445.73,Expense,Shopping,Cash,Flipkart,
9df2fa74-3f22-44ad-8a62-d2b718057fc3,2024-12-23,Gift Payment,601.88,Expense,Other,Cash,Donation,
c2f5c113-f642-4902-9b5c-7d95317f6429,2024-12-23,Ola Payment,233.7,Expense,Travel,Debit Card,Ola,
7f7a9d3b-d0d2-4610-872f-173276caa34c,2024-12-24,Domino's Payment,574.99,Expense,Food,Credit Card,Zomato,
a0994041-2b73-4a22-bcaa-5608ef0e2ded,2024-12-24,Swiggy Payment,452.86,Expense,Food,Debit Card,Domino's,
e976c980-d493-4e2d-8d7a-d863fc142b21,2024-12-24,Myntra Payment,3743.29,Expense,Shopping,UPI,Local Store,
23cb04e8-3a78-4600-b190-f0ae284d346a,2024-12-24,Donation Payment,326.61,Expense,Other,Cash,Donation,
bf3e4364-7009-458b-927a-ee004d2e331c,2024-12-25,Domino's Payment,537.29,Expense,Food,UPI,Zomato,
15641f86-ff46-4818-8b0c-0d2ad7ceee29,2024-12-25,Donation Payment,50.74,Expense,Other,UPI,Donation,
c25a82de-747a-483f-887c-1c6654754cd4,2024-12-25,Domino's Payment,1302.48,Expense,Food,Credit Card,Domino's,
ef4e91e5-ac1f-43fa-b57f-6b4677ab7a8e,2024-12-25,Netflix Payment,1660.87,Expense,Entertainment,Cash,Event,
13e925b3-bfeb-4f12-84ed-7d1b148fab0f,2024-12-25,Domino's Payment,1061.52,Expense,Food,Cash,Local Cafe,
885338a2-bafa-4687-beae-4c4decaa42dd,2024-12-26,Reliance Mart Payment,9985.32,Expense,Shopping,Credit Card,Reliance Mart,
1f8b5629-5914-49c2-89c3-3428c32b2f20,2024-12-26,Myntra Payment,7487.46,Expense,Shopping,UPI,Local Store,
a295aceb-c8b6-40dd-98e8-a850ef863c35,2024-12-26,Zomato Payment,1682.74,Expense,Food,UPI,Starbucks,
be54d328-4cb2-44f7-8bff-c8053922056c,2024-12-26,Starbucks Payment,1526.36,Expense,Food,Debit Card,Zomato,
2e270eef-b681-45a6-b8ed-f4397b299cd0,2024-12-26,Zomato Payment,881.04,Expense,Food,Cash,Local Cafe,
e86e43c1-242b-4ec5-b91d-1e1a659b401f,2024-12-26,Airtel Payment,984.97,Expense,Bills,Cash,Water,
6540ed22-e3f7-4284-910c-e27d4458befa,2024-12-26,Donation Payment,518.94,Expense,Other,UPI,Misc,
db1585c1-210b-4fe2-b223-f8fcf0ee0033,2024-12-26,Amazon Payment,3351.93,Expense,Shopping,UPI,Flipkart,
f1dd8c77-6e01-4fb3-b8bb-edf06c19723d,2024-12-27,Metro Payment,679.4,Expense,Travel,UPI,Flight,
e2d43bd7-fbd7-4120-af72-33b91e6a6977,2024-12-27,Swiggy Payment,1346.38,Expense,Food,Credit Card,Local Cafe,
a681a394-dee6-486c-aac9-b8b7c27a099e,2024-12-27,Misc Payment,815.92,Expense,Other,Debit Card,Misc,
661a65f3-4e09-4837-98df-0ad42b6bfc1e,2024-12-27,Uber Payment,151.78,Expense,Travel,Debit Card,Ola,
af769d60-6c10-43b4-8aad-2c8a707bab98,2024-12-27,Starbucks Payment,423.2,Expense,Food,UPI,Local Cafe,
1d50cc25-6433-4ba3-8304-b0a0bfe75aa0,2024-12-28,Local Cafe Payment,939.21,Expense,Food,UPI,Local Cafe,
d5e0567f-fc49-4281-ae95-1a5091af4c98,2024-12-28,Jio Payment,1352.06,Expense,Bills,Credit Card,Airtel,
cca2a70f-7b3a-47c4-85c7-a22ad9c4c417,2024-12-28,Swiggy Payment,1827.67,Expense,Food,UPI,Zomato,
048d4b5a-c001-4d4c-937b-df7109e623fc,2024-12-28,Starbucks Payment,1307.34,Expense,Food,Credit Card,Local Cafe,
97c5c067-eb42-4e9f-954f-5662fa78ba37,2024-12-28,Swiggy Payment,1622.77,Expense,Food,UPI,Local Cafe,
6175ed26-4751-4856-8769-860bf43ec348,2024-12-28,Flipkart Payment,7205.88,Expense,Shopping,Cash,Myntra,
0e914da2-de95-4393-a9ef-1e275e2e8910,2024-12-29,Swiggy Payment,622.54,Expense,Food,Debit Card,Swiggy,
4f472b4a-57c0-4622-ba37-4354e568d6c1,2024-12-29,Starbucks Payment,1917.29,Expense,Food,Debit Card,Swiggy,
e42ca786-2dcc-4613-9747-9600196a29b9,2024-12-29,Gift Payment,863.13,Expense,Other,Cash,Donation,
e8a2e98e-6b9a-45ab-9d37-622f0d7dd3a4,2024-12-29,Swiggy Payment,1806.1,Expense,Food,Credit Card,Local Cafe,
902aa27c-e6e8-4398-9b92-4d51cc690070,2024-12-29,Ola Payment,69.79,Expense,Travel,UPI,Flight,
5178a4fd-f36a-4e19-9d6e-f197d110caee,2024-12-29,Flight Payment,950.89,Expense,Travel,UPI,Metro,
dc9b9c89-64c3-4e64-b94e-7bcdbca998d6,2024-12-29,Donation Payment,139.64,Expense,Other,Debit Card,Gift,
e6aad164-9510-43f7-bd2e-356bdf9c949f,2024-12-30,Misc Payment,970.67,Expense,Other,Debit Card,Donation,
3e962f62-e058-4b0d-a977-caad25a031eb,2024-12-30,Domino's Payment,1666.83,Expense,Food,Debit Card,Starbucks,
3e978901-a36b-46c6-aa6a-e4c8733b505b,2024-12-30,Event Payment,1222.83,Expense,Entertainment,Debit Card,Gaming,
4aa467d6-196f-4243-8336-5dabed2561b9,2024-12-30,Reliance Mart Payment,7979.4,Expense,Shopping,UPI,Local Store,
b4094f31-f2e1-4b51-9324-b96bd7dbaec0,2024-12-30,Starbucks Payment,1840.12,Expense,Food,Debit Card,Swiggy,
87c0c2ef-5b24-49a0-802d-a6fe91313356,2024-12-30,Reliance Mart Payment,3481.81,Expense,Shopping,UPI,Local Store,
b906a2b9-e8d4-4b28-ad33-5339ab46156f,2024-12-30,Swiggy Payment,1115.84,Expense,Food,Debit Card,Zomato,
3322ff3a-4b21-413c-98c9-8cfa4ff42de1,2024-12-31,Amazon Payment,8626.94,Expense,Shopping,UPI,Flipkart,
df2d51a2-6b63-423e-acc6-885a74eee997,2024-12-31,Jio Payment,3487.02,Expense,Bills,Debit Card,Gas,
556364fd-313e-4cef-925d-b190be9d820e,2024-12-31,Local Clinic Payment,871.76,Expense,Healthcare,UPI,Apollo,
5fd75eee-42a0-4d6b-a6be-3251770c7f0e,2024-12-31,Reliance Mart Payment,1950.46,Expense,Shopping,Credit Card,Flipkart,
d1b0ae94-44cf-4bf4-a755-c3dfd6491095,2024-12-31,Metro Payment,789.99,Expense,Travel,UPI,Flight,
b935c952-6c73-4cfa-abbf-ef3a8af6448c,2024-12-31,Domino's Payment,161.31,Expense,Food,Debit Card,Swiggy,
e7eb3375-d334-4b7d-88fc-cb038ed4e458,2025-01-01,Local Cafe Payment,1849.48,Expense,Food,Cash,Swiggy,
6d888362-6ab0-4f9f-aed7-cd76fae228c3,2025-01-01,Domino's Payment,1518.86,Expense,Food,UPI,Zomato,
70727e02-3a9e-43fa-a177-844d04070e56,2025-01-01,Zomato Payment,1695.81,Expense,Food,Cash,Starbucks,
00f11406-8708-4a2a-be61-339c12f067b0,2025-01-01,Uber Payment,347.1,Expense,Travel,Credit Card,Uber,
bf1f1f6b-1612-4b92-bf17-873cb8e9e1ce,2025-01-01,Electricity Payment,2906.39,Expense,Bills,Cash,Gas,
fe4a0f8d-968c-4adf-b7e1-574d43bc5e46,2025-01-01,Monthly Salary,54464.21,Income,Salary,Bank Transfer,Employer,Regular Income
27cf97ab-d675-482d-b014-dd19974c1fb6,2025-01-01,Ola Payment,601.26,Expense,Travel,Debit Card,Metro,
e599bb8a-1017-4fc0-8f54-a1ff1d758bad,2025-01-01,Donation Payment,431.25,Expense,Other,UPI,Misc,
a71378bb-fc30-456b-84b6-91f4c4c6d0b6,2025-01-01,IRCTC Payment,959.73,Expense,Travel,UPI,IRCTC,
330f9826-c392-43bc-8ef1-cb0ab35fbd8c,2025-01-02,Gift Payment,618.24,Expense,Other,Cash,Misc,
2c784cf1-7040-4cfc-b815-d4f985af1732,2025-01-02,Swiggy Payment,971.68,Expense,Food,UPI,Starbucks,
615f5837-b0e3-4b2a-8f43-8f7a0a5799b6,2025-01-02,Domino's Payment,1267.13,Expense,Food,Cash,Domino's,
c339e597-45a7-4832-b5bb-55273ffcc276,2025-01-02,Donation Payment,771.5,Expense,Other,Credit Card,Donation,
7ef8e2b4-31f1-43c0-9985-d32c94a73f43,2025-01-02,Flight Payment,921.26,Expense,Travel,Credit Card,IRCTC,
631aa9dc-b603-4e75-8309-41abb39c263b,2025-01-03,Local Cafe Payment,1533.43,Expense,Food,Cash,Domino's,
ca77d29f-025d-441a-a8ea-7b779e2b924f,2025-01-03,Donation Payment,891.54,Expense,Other,UPI,Misc,
8a4d495c-6fa1-4071-82d1-56f29cbf3583,2025-01-03,Flight Payment,54.9,Expense,Travel,UPI,Ola,
c47f716c-7a55-4b5b-bb61-2842058293c3,2025-01-03,Starbucks Payment,790.9,Expense,Food,Debit Card,Local Cafe,
05398ebc-8937-49d6-a4db-14bf0425f40d,2025-01-03,PharmEasy Payment,1244.12,Expense,Healthcare,Debit Card,PharmEasy,
ea511a7a-ddcf-4995-9560-b45ebfb9433e,2025-01-03,Gift Payment,274.47,Expense,Other,Debit Card,Misc,
99299085-ee5a-4aaf-bdfe-07063cd1d4c0,2025-01-03,Domino's Payment,493.21,Expense,Food,UPI,Local Cafe,
76793c36-2c2a-4be1-a8b8-300d0a4a47b2,2025-01-03,Metro Payment,918.31,Expense,Travel,UPI,Ola,
78d0ae3c-dd65-4119-b401-aa5439045aea,2025-01-04,Metro Payment,286.91,Expense,Travel,Debit Card,IRCTC,
75f2234d-c49d-4607-87fa-42205615cc9a,2025-01-04,Uber Payment,646.88,Expense,Travel,Credit Card,Ola,
44b9106f-2bb4-4800-bcdd-989b575feb57,2025-01-04,Donation Payment,507.23,Expense,Other,Credit Card,Gift,
586ad514-9b51-413b-848f-d6a02f5e5499,2025-01-04,Donation Payment,502.59,Expense,Other,Debit Card,Misc,
12a70752-5a16-40bd-8bf2-23014f1e2bb2,2025-01-04,Donation Payment,293.51,Expense,Other,Cash,Gift,
f2fba9b0-1880-4da3-9e76-9315672fa5c2,2025-01-04,Local Cafe Payment,444.44,Expense,Food,Credit Card,Starbucks,
63b8f01c-74f6-42f8-bf07-272fe50783a7,2025-01-04,Local Cafe Payment,601.24,Expense,Food,Credit Card,Zomato,
79bd9539-206c-4c16-bc13-1a0277a2301b,2025-01-04,PharmEasy Payment,495.1,Expense,Healthcare,UPI,Apollo,
55d64e30-dfcc-4572-99c6-95f7c5c9b230,2025-01-04,Donation Payment,256.34,Expense,Other,Cash,Donation,
0414ad74-4fa7-4d6e-abe8-f4f06f332322,2025-01-04,Swiggy Payment,1707.93,Expense,Food,UPI,Zomato,
71b7c19a-a651-4e39-a67b-8b816ffd238c,2025-01-05,Gift Payment,928.8,Expense,Other,Cash,Donation,
2b60c9af-c8fc-4e76-bca4-b5afeba8aabd,2025-01-05,Uber Payment,263.37,Expense,Travel,Cash,Flight,
3a92d1d0-3e31-4dc7-92e1-5a18b93371bf,2025-01-05,Starbucks Payment,1018.94,Expense,Food,Debit Card,Swiggy,
57e14fad-3642-433f-9358-e93d81364a6a,2025-01-05,Local Store Payment,6434.0,Expense,Shopping,Cash,Myntra,
633f7389-8d8d-4480-ab85-e6f8ed2218fe,2025-01-05,Swiggy Payment,172.26,Expense,Food,Credit Card,Domino's,
5a6a513a-f9fd-43ba-b822-b5a5d814ba17,2025-01-05,Local Cafe Payment,1555.13,Expense,Food,Cash,Local Cafe,
251abd48-9cf0-4fd5-b86a-b414ab843bd4,2025-01-05,Swiggy Payment,911.99,Expense,Food,Cash,Zomato,
8567d03e-38ce-43e1-81a1-c622488f2d63,2025-01-05,Local Cafe Payment,1369.2,Expense,Food,UPI,Local Cafe,
17d118d6-8501-4db2-b010-867390b3cdda,2025-01-06,Jio Payment,911.77,Expense,Bills,Cash,Gas,
245fd45b-8078-4e31-8c0f-c8ce77a9f1fa,2025-01-06,Swiggy Payment,1507.0,Expense,Food,UPI,Starbucks,
6d712c1e-693c-4de7-99e8-755a4a2f25a7,2025-01-06,Zomato Payment,1102.04,Expense,Food,Credit Card,Domino's,
38fe6708-f890-412b-9019-566aaa9e58d9,2025-01-06,Misc Payment,403.89,Expense,Other,Credit Card,Gift,
b7ccd309-5d3c-46c2-a902-4236defa9f6f,2025-01-07,Gaming Payment,745.21,Expense,Entertainment,Debit Card,PVR,
88c0de64-ddfd-4c8c-9d0b-ee2bc92303e7,2025-01-07,Donation Payment,396.21,Expense,Other,Debit Card,Gift,
698ed9b8-59d4-4455-8c35-2301a872d68c,2025-01-07,Local Cafe Payment,1153.14,Expense,Food,Cash,Starbucks,
43c0fdfd-ed13-4112-b059-ad8459f82d83,2025-01-07,Misc Payment,508.63,Expense,Other,Credit Card,Donation,
3005f228-6c5e-4335-9185-9d040e4a2b8e,2025-01-08,Donation Payment,225.02,Expense,Other,Credit Card,Donation,
04b4b6d1-7ce2-4f5e-a125-59db585cace1,2025-01-08,Local Cafe Payment,1936.55,Expense,Food,UPI,Starbucks,
db620cd1-0fba-40d7-aa2a-2f22e20fd9ca,2025-01-08,Gaming Payment,2570.11,Expense,Entertainment,UPI,Gaming,
85f19199-64a6-4f0e-9ed0-6dd79e738c3b,2025-01-08,Gift Payment,382.13,Expense,Other,Credit Card,Misc,
bbeec3a1-a5c7-4d9c-9d44-76a566e20e52,2025-01-08,IRCTC Payment,997.8,Expense,Travel,Cash,IRCTC,
facb0ed0-d2f9-4ee2-aed3-ebec38c2b48a,2025-01-08,Metro Payment,964.63,Expense,Travel,Debit Card,Flight,
e5999489-f000-4b8f-818b-f037c1c34e2f,2025-01-09,Water Payment,4907.07,Expense,Bills,Debit Card,Water,
9604ff1d-8a2f-40e2-90bd-7388eeac71ac,2025-01-09,Reliance Mart Payment,4731.85,Expense,Shopping,Cash,Flipkart,
3572a262-7ae8-4368-ab15-ca9cfaa37aae,2025-01-10,Starbucks Payment,204.11,Expense,Food,Cash,Domino's,
8e274ffd-991d-4698-a073-69f772a94fa4,2025-01-10,Uber Payment,521.13,Expense,Travel,Credit Card,Metro,
398e568f-7db5-487a-b38e-e82b40b1c7c7,2025-01-10,Gift Payment,568.22,Expense,Other,UPI,Misc,
bd3e3efb-14df-4257-9525-82702216dc01,2025-01-10,IRCTC Payment,462.15,Expense,Travel,Credit Card,IRCTC,
ee1b77de-fd37-459e-81da-bd2fce487140,2025-01-10,Event Payment,2279.07,Expense,Entertainment,Debit Card,Gaming,
f985877e-b6a4-4dc4-9231-cbbfdf408e74,2025-01-10,Starbucks Payment,1419.66,Expense,Food,UPI,Local Cafe,
e9ab8a45-0835-49b9-aa87-62164e624d13,2025-01-10,Misc Payment,747.68,Expense,Other,Credit Card,Misc,
25e2d1d3-cdeb-43c8-8af7-979ce172e686,2025-01-11,Airtel Payment,1494.55,Expense,Bills,UPI,Water,
34e9376d-96b6-400f-a583-9be72db91ed3,2025-01-11,Flight Payment,663.6,Expense,Travel,Credit Card,Flight,
9a3cbd3f-a43d-4485-8db3-0d6b5652341b,2025-01-11,Local Cafe Payment,319.81,Expense,Food,Credit Card,Swiggy,
c80a4554-affb-49ca-a7c2-9f0fba0f938e,2025-01-11,Domino's Payment,1114.77,Expense,Food,UPI,Zomato,
560765a8-6f56-4635-9154-2ce24d2acbe4,2025-01-11,Reliance Mart Payment,7280.44,Expense,Shopping,Credit Card,Amazon,
0c20f438-dc1b-4aff-812b-47238428dbde,2025-01-11,Starbucks Payment,3995.43,Expense,Food,Debit Card,Domino's,
e5b3726e-b470-484d-98b2-83816caf91d0,2025-01-11,Flipkart Payment,3210.84,Expense,Shopping,Debit Card,Local Store,
95ba3396-a3b2-4ae7-9047-03b1ccb52da5,2025-01-12,PharmEasy Payment,1654.13,Expense,Healthcare,Cash,Local Clinic,
5c566a8e-f96e-483e-8ab4-ae83502c32fb,2025-01-12,Domino's Payment,1775.32,Expense,Food,Credit Card,Swiggy,
6b69a69b-54b9-4267-8ef2-f940f8132e27,2025-01-12,Donation Payment,295.73,Expense,Other,UPI,Donation,
8ce92744-bc06-4081-a313-0e01b981161d,2025-01-12,Metro Payment,199.58,Expense,Travel,Debit Card,Metro,
3cec0399-a6c9-4de1-9783-89be6ae439ca,2025-01-12,Spotify Payment,2407.99,Expense,Entertainment,Credit Card,Spotify,
8e8e4cd9-bbcc-49da-8d21-d957a629eb84,2025-01-12,Gas Payment,2231.45,Expense,Bills,Debit Card,Gas,
dd6eaf4e-3af2-459d-96d6-27fe36e0b862,2025-01-12,Flipkart Payment,4901.79,Expense,Shopping,Debit Card,Reliance Mart,
9b701f6d-d178-4015-8357-8e819acb8518,2025-01-13,Amazon Payment,797.46,Expense,Shopping,Credit Card,Local Store,
8dc6e11f-1d08-44a1-9b43-8d149f73afae,2025-01-13,Electricity Payment,3787.98,Expense,Bills,UPI,Airtel,
1f555172-5e83-471e-ad96-2cc01ca2a9de,2025-01-13,Donation Payment,464.09,Expense,Other,Debit Card,Donation,
3e0eb1fc-1948-47d8-bd00-2d9bb3e4ee2a,2025-01-13,Zomato Payment,1688.26,Expense,Food,Debit Card,Domino's,
b9a0d178-94e6-4b6f-9bcf-f36689a01b79,2025-01-14,Donation Payment,296.39,Expense,Other,Debit Card,Gift,
d1e906f0-d15f-47af-9d93-1b82c4fbdbeb,2025-01-14,Apollo Payment,631.87,Expense,Healthcare,Debit Card,Apollo,
0fd454f1-1edb-4af5-9589-b3bfde8cc39e,2025-01-14,Domino's Payment,1616.81,Expense,Food,Credit Card,Zomato,
cc77641b-4395-4cfd-9714-3869ccb7104e,2025-01-14,Domino's Payment,1591.39,Expense,Food,UPI,Domino's,
901286b9-ce8d-4265-be25-17ab604b9dc0,2025-01-14,Local Cafe Payment,633.77,Expense,Food,Debit Card,Starbucks,
93b7eaa7-72ae-46dc-aa21-8992b180cf1f,2025-01-14,Airtel Payment,4236.7,Expense,Bills,Credit Card,Water,
44b67092-89c6-4697-bfbc-fb023418d6a5,2025-01-14,Swiggy Payment,908.82,Expense,Food,Cash,Zomato,
0bf9f482-649d-4968-8792-2709f2e8f33f,2025-01-15,Misc Payment,201.1,Expense,Other,UPI,Donation,
1f7117b0-e483-49f2-aee7-ca57429bb293,2025-01-15,Water Payment,4410.08,Expense,Bills,Debit Card,Electricity,
54a8a2dc-1f98-4c03-9701-92f070c260ca,2025-01-15,Jio Payment,2531.91,Expense,Bills,UPI,Gas,
a24fe884-3d44-4c03-9228-dc9c9c79d541,2025-01-15,Donation Payment,509.62,Expense,Other,UPI,Donation,
a050b505-5567-476d-967c-48260f139229,2025-01-15,Domino's Payment,1576.01,Expense,Food,Debit Card,Swiggy,
da73c8de-66c7-4c71-8a99-a5c12d8a0016,2025-01-15,Misc Payment,797.56,Expense,Other,Credit Card,Donation,
8e8701da-3336-46f9-b6a4-1b3b30de0d15,2025-01-15,Water Payment,4514.16,Expense,Bills,Cash,Gas,
302d160b-ce1b-463c-b68a-89dfda8c4199,2025-01-15,Myntra Payment,1293.89,Expense,Shopping,Debit Card,Myntra,
279dfb60-e75e-40cd-949f-affc932440c9,2025-01-15,Starbucks Payment,242.81,Expense,Food,Debit Card,Starbucks,
f6d90f68-7c0c-4f96-ad25-6d366e493625,2025-01-16,Starbucks Payment,807.36,Expense,Food,Debit Card,Starbucks,
f4558531-8264-41ea-b1b8-fe514eabc822,2025-01-16,Ola Payment,74.14,Expense,Travel,Cash,Uber,
2b999a91-89c5-4f7a-ae97-58374b111499,2025-01-16,Misc Payment,923.38,Expense,Other,Debit Card,Gift,
294a5f7f-60a3-49bd-83e1-6e2cd70ee0f4,2025-01-16,Myntra Payment,6651.66,Expense,Shopping,Credit Card,Local Store,
5be7198b-1843-44eb-8c8e-7ce335ff5c86,2025-01-16,Metro Payment,703.42,Expense,Travel,Debit Card,IRCTC,
2c934375-c70a-4e42-b18f-68f19210e36c,2025-01-17,Gift Payment,662.66,Expense,Other,UPI,Misc,
e844c152-a46f-4aaa-869c-3ae612af3787,2025-01-17,Gas Payment,1363.56,Expense,Bills,Debit Card,Gas,
0fd0c964-71df-4382-8ee0-9264679abaf7,2025-01-17,Spotify Payment,1938.69,Expense,Entertainment,UPI,Netflix,
87901e4b-3826-4fe1-ab3b-2b444d817abc,2025-01-17,Starbucks Payment,817.78,Expense,Food,UPI,Swiggy,
1473c26f-1380-4a9a-96ed-1edac25f9cde,2025-01-17,Misc Payment,871.3,Expense,Other,UPI,Misc,
344a0091-101a-446f-a64b-01b176e57984,2025-01-18,Swiggy Payment,640.61,Expense,Food,Credit Card,Starbucks,
b81362e4-dcb7-4d3c-b449-4eb248fb1e08,2025-01-18,Zomato Payment,1586.57,Expense,Food,Cash,Local Cafe,
9df198d9-fba6-40ea-8ef6-77169d8a44a1,2025-01-18,Domino's Payment,583.15,Expense,Food,Debit Card,Local Cafe,
60fe4329-a970-4f41-8cd3-10b0a14853b7,2025-01-18,Misc Payment,362.32,Expense,Other,UPI,Donation,
b8dcc4ec-1d80-4859-bb33-85a3e81b2caf,2025-01-18,Reliance Mart Payment,3880.66,Expense,Shopping,Credit Card,Flipkart,
a023bbcd-5aa0-45ce-9e28-e712e6a51e54,2025-01-18,Swiggy Payment,967.05,Expense,Food,Debit Card,Starbucks,
f87cbba2-74b0-4f5f-9fe0-ea425a1c0a13,2025-01-18,PVR Payment,376.88,Expense,Entertainment,Credit Card,Netflix,
f5546e07-f8a4-42db-a39e-cb59ce772337,2025-01-18,Gaming Payment,2527.77,Expense,Entertainment,Credit Card,Spotify,
3f2e5160-07e6-42f1-93a2-8d2aac6f8ef9,2025-01-18,Gift Payment,868.91,Expense,Other,UPI,Gift,
64cc85bf-1e08-4c49-95bf-2443c8a731e1,2025-01-18,Swiggy Payment,1718.86,Expense,Food,Cash,Domino's,
f48bd7c6-0710-4410-a148-a709c7245084,2025-01-18,Domino's Payment,1116.92,Expense,Food,Credit Card,Swiggy,
4f2e513c-4d4b-47f3-ab46-655b7d5e27d6,2025-01-19,Local Store Payment,5043.95,Expense,Shopping,Credit Card,Amazon,
825bd032-8014-432b-a98e-a29b277665b3,2025-01-19,Jio Payment,3978.99,Expense,Bills,Cash,Airtel,
e8d9f649-fd42-4eb5-9f3c-8ae9db8cbf29,2025-01-19,PharmEasy Payment,1053.51,Expense,Healthcare,Debit Card,Apollo,
0660ffcb-4276-40f6-a35e-ada69065e0a8,2025-01-19,Donation Payment,667.39,Expense,Other,Cash,Gift,
27ebd6b7-86f3-4bdb-839e-c60d4db17bb1,2025-01-19,Water Payment,4570.98,Expense,Bills,Credit Card,Gas,
a2b0f466-f7ab-44f5-9827-ab68a296de56,2025-01-20,Local Store Payment,5053.06,Expense,Shopping,Cash,Flipkart,
3646dcc9-ef69-463b-bd55-cd2d33fa545f,2025-01-20,Gift Payment,607.54,Expense,Other,Debit Card,Misc,
b43bcb86-37e9-4cdf-8a39-3bf8bcd0c3b8,2025-01-20,Starbucks Payment,951.46,Expense,Food,Credit Card,Zomato,
b6f93d6f-6c75-460f-afb5-5a690129c89c,2025-01-20,Zomato Payment,689.96,Expense,Food,Credit Card,Local Cafe,
4bc2b267-cb78-4ae3-9b79-668a8a6f67da,2025-01-20,Domino's Payment,1105.1,Expense,Food,Credit Card,Swiggy,
7b85d2ba-3698-4a93-88d5-405ae0782bee,2025-01-20,Domino's Payment,1074.35,Expense,Food,Debit Card,Zomato,
d85cf93e-05c7-42b6-941b-5213749e1993,2025-01-20,Flight Payment,511.53,Expense,Travel,Cash,Metro,
043fe999-e90a-473e-9093-34fcc0e5a30e,2025-01-21,Donation Payment,111.06,Expense,Other,Cash,Donation,
f13de49a-3abd-4e66-a5dc-f70be366e63f,2025-01-21,Domino's Payment,1909.92,Expense,Food,Cash,Domino's,
5cd19fda-54b9-4c80-91c6-790267a59284,2025-01-21,Metro Payment,714.22,Expense,Travel,Credit Card,Ola,
2f82e73c-ac08-4deb-9b86-9bafd1fae270,2025-01-21,Ola Payment,283.32,Expense,Travel,Debit Card,Ola,
9c5e8060-b664-408a-bcf5-9a2c6c2f10e8,2025-01-21,Gaming Payment,632.66,Expense,Entertainment,Cash,Spotify,
b6a1aed8-9a40-4020-9c43-3e5ea87acc46,2025-01-21,Donation Payment,334.69,Expense,Other,Debit Card,Donation,
cdebc45e-3d1c-48c7-abfe-b140372c746a,2025-01-21,Myntra Payment,5963.81,Expense,Shopping,Debit Card,Flipkart,
2df9ef3b-5d40-4131-b428-3249271f8e7b,2025-01-22,Reliance Mart Payment,4698.03,Expense,Shopping,Credit Card,Reliance Mart,
fc09c491-2fa9-46ca-bee8-fe937903e527,2025-01-22,Airtel Payment,2999.96,Expense,Bills,Debit Card,Airtel,
c9595f96-c9cc-452b-a402-a404a7bfad85,2025-01-22,Domino's Payment,1525.84,Expense,Food,Cash,Swiggy,
a07b57f0-f5c4-474f-9da3-356054fb338f,2025-01-22,Metro Payment,221.4,Expense,Travel,Credit Card,Flight,
611ab7ba-e31b-4469-a514-6cbe29ca4ab0,2025-01-22,Reliance Mart Payment,5217.04,Expense,Shopping,Cash,Flipkart,
f790e21f-a7f2-439a-9d4b-f0d65a3f8758,2025-01-22,Swiggy Payment,1552.28,Expense,Food,Debit Card,Swiggy,
207407a4-de84-41f6-b14d-3872fb67adc2,2025-01-22,Local Cafe Payment,822.06,Expense,Food,Debit Card,Local Cafe,
39245db1-acc9-4d21-8310-0ac0047bc6b4,2025-01-22,Starbucks Payment,498.78,Expense,Food,UPI,Local Cafe,
3225d74c-bbf6-48a0-bf06-5401dfcc4796,2025-01-22,Donation Payment,934.84,Expense,Other,UPI,Misc,
868d3e16-7145-4d58-98d9-262153ce24ef,2025-01-22,Metro Payment,619.53,Expense,Travel,Credit Card,Flight,
f3ded56a-cb7b-4da2-8161-0ce5504220a3,2025-01-22,Zomato Payment,885.27,Expense,Food,UPI,Starbucks,
517ef885-da5b-4d5a-8cf4-1c481270baa7,2025-01-22,Donation Payment,675.29,Expense,Other,Debit Card,Donation,
54070842-9b69-4339-b87e-b0e986518a8c,2025-01-22,PVR Payment,1732.11,Expense,Entertainment,Cash,Netflix,
8b787eab-3ee6-4d57-9ed8-7a94f6cb2793,2025-01-22,Gift Payment,736.16,Expense,Other,Debit Card,Donation,
6be17ef1-e27e-41de-a1e7-af197e97f623,2025-01-22,Starbucks Payment,1668.51,Expense,Food,Credit Card,Domino's,
b686b543-2e04-46ce-b6a7-874886c58a18,2025-01-22,Uber Payment,190.79,Expense,Travel,UPI,IRCTC,
b1a6aa9d-bd1a-4c1b-8609-cb08d53f09bd,2025-01-23,IRCTC Payment,944.83,Expense,Travel,Debit Card,IRCTC,
db1b8dfe-c96f-4768-ab16-130eb2509541,2025-01-23,Misc Payment,67.37,Expense,Other,Credit Card,Misc,
eab08a46-73c6-4027-a7b4-a66356d5986a,2025-01-23,Myntra Payment,4567.0,Expense,Shopping,UPI,Local Store,
638ce0ca-8d19-4583-9eb3-895385b180b9,2025-01-23,Local Cafe Payment,376.52,Expense,Food,Debit Card,Swiggy,
8c4bbd08-ba09-4b2d-a3ab-7876843f9d3e,2025-01-23,Zomato Payment,1851.77,Expense,Food,Debit Card,Swiggy,
2ab4ed99-52a7-462a-98bd-7775585d72d7,2025-01-23,Metro Payment,397.03,Expense,Travel,Credit Card,IRCTC,
0afee528-9e08-4c77-ab5e-c7ebb38e2622,2025-01-23,Flipkart Payment,2050.23,Expense,Shopping,Cash,Flipkart,
df637e6e-814d-4174-a43d-e7aea7acdf68,2025-01-24,PVR Payment,1464.5,Expense,Entertainment,Debit Card,Netflix,
e3376c6b-cd73-4ec4-9933-95461f36daa8,2025-01-24,Flight Payment,618.93,Expense,Travel,Credit Card,IRCTC,
64098771-f707-43db-aa30-ed9d65a273b6,2025-01-24,Swiggy Payment,827.83,Expense,Food,Debit Card,Local Cafe,
1989c2f7-3df8-4444-ac21-c474878b15a7,2025-01-24,Uber Payment,260.78,Expense,Travel,UPI,Flight,
6270edbc-fa89-4f0f-9b53-c7bd02bf7dd6,2025-01-24,Local Cafe Payment,1412.17,Expense,Food,UPI,Starbucks,
a44c8a1d-3c68-452d-a311-24f663f41e6c,2025-01-24,Misc Payment,904.16,Expense,Other,Credit Card,Misc,
f4f0386a-5f1d-4212-9b3d-9996da56d647,2025-01-24,Jio Payment,2975.54,Expense,Bills,UPI,Electricity,
2cead2e1-a5f0-4f80-ae9a-60c03218654e,2025-01-25,Donation Payment,285.79,Expense,Other,UPI,Gift,
f40f44e8-ae0e-4135-8094-3755d6670574,2025-01-25,Dentist Payment,3101.31,Expense,Healthcare,UPI,Local Clinic,
d69392f6-ee43-497a-aceb-32501d12d976,2025-01-25,Swiggy Payment,1596.16,Expense,Food,UPI,Domino's,
020d38bf-bfce-4541-a112-8ae13048824b,2025-01-25,Ola Payment,933.85,Expense,Travel,Debit Card,Ola,
9db12159-0ee7-4430-a811-23116979c92a,2025-01-25,Gift Payment,366.63,Expense,Other,Debit Card,Misc,
2e6a37ae-6fbf-40f1-8d2a-5258c37af549,2025-01-25,Myntra Payment,3540.15,Expense,Shopping,Credit Card,Reliance Mart,
25428b10-d080-4470-b30e-def34e39c038,2025-01-25,Zomato Payment,124.24,Expense,Food,Debit Card,Local Cafe,
10c5f24e-e9fa-4291-a0d9-6fbc7c24ad64,2025-01-25,Electricity Payment,4606.74,Expense,Bills,UPI,Electricity,
e72f9e9a-a6c4-4f5e-9f45-3ccdd0e21f72,2025-01-26,Jio Payment,1459.29,Expense,Bills,Cash,Electricity,
202fcfe1-ec2c-4d69-a38a-64ad9c738950,2025-01-26,Local Clinic Payment,2715.12,Expense,Healthcare,Credit Card,Apollo,
ce9d3b50-0b1f-4300-89fe-fd580c417fcd,2025-01-26,Starbucks Payment,646.5,Expense,Food,Credit Card,Zomato,
3d2c6146-5cdd-423c-8892-0ecb2d34d75e,2025-01-26,IRCTC Payment,128.27,Expense,Travel,Cash,Flight,
a5b59635-4b1d-4365-bc3a-69bdcc8d7423,2025-01-26,Donation Payment,999.45,Expense,Other,UPI,Donation,
63319691-f99f-490e-9d39-a9a1be5d601c,2025-01-27,Zomato Payment,941.42,Expense,Food,Debit Card,Starbucks,
9cb3130d-25d5-4570-8a72-aa02737374d4,2025-01-27,Gaming Payment,2045.35,Expense,Entertainment,UPI,Gaming,
1bed0a66-4ad5-40c1-a62b-89e31f45047f,2025-01-27,Netflix Payment,1613.71,Expense,Entertainment,Cash,Netflix,
e80f7626-62b5-4709-ae01-257565969cdf,2025-01-27,Airtel Payment,1973.38,Expense,Bills,UPI,Gas,
2abc427e-65d4-4846-b31a-a3840da27327,2025-01-27,Domino's Payment,1997.57,Expense,Food,Cash,Starbucks,
1bb93ec2-1d8e-42f4-a982-7d837e058364,2025-01-28,Event Payment,1389.18,Expense,Entertainment,UPI,Gaming,
faf8502e-ffa8-42c5-85a5-f3ed4471eeb6,2025-01-28,Zomato Payment,1645.78,Expense,Food,Credit Card,Swiggy,
400cf324-9cab-48da-961d-be5b6b788ca5,2025-01-28,Apollo Payment,4820.71,Expense,Healthcare,UPI,Apollo,
7e8862ea-52e7-43ab-99fe-3d8b92c3bdae,2025-01-28,Gaming Payment,1891.35,Expense,Entertainment,UPI,Netflix,
2a24fe7e-3977-468b-a645-d0e1d104584c,2025-01-28,IRCTC Payment,456.49,Expense,Travel,Debit Card,Ola,
a580603a-f953-49f1-a295-e634f17d37f3,2025-01-28,PVR Payment,2034.81,Expense,Entertainment,Credit Card,Spotify,
40e962df-f2c2-4b51-a79d-1dbe36af9a53,2025-01-28,Netflix Payment,2777.91,Expense,Entertainment,Credit Card,Event,
c3176233-edd2-4ed6-b2e5-3ab29c9e7334,2025-01-28,Starbucks Payment,280.92,Expense,Food,Credit Card,Zomato,
92542d18-cba1-43da-8a5c-2b64d9404bef,2025-01-28,Starbucks Payment,385.12,Expense,Food,Credit Card,Local Cafe,
8ea5dc68-4e15-4456-a0c3-c7d47ad195b2,2025-01-28,PVR Payment,788.09,Expense,Entertainment,UPI,Netflix,
cbe54b49-4e5a-4107-96eb-008938c982d1,2025-01-29,Domino's Payment,1406.48,Expense,Food,Credit Card,Zomato,
b285d7b8-9053-4720-99e7-063bbfc5f7db,2025-01-29,Ola Payment,196.22,Expense,Travel,Cash,Ola,
97718844-9f7d-4531-9499-357c1e0a09c5,2025-01-29,Misc Payment,278.49,Expense,Other,Cash,Donation,
9a8403ea-fb59-40c2-b250-c39a1e1b52ed,2025-01-29,Local Cafe Payment,1638.05,Expense,Food,Credit Card,Starbucks,
d980cf8c-1d94-4625-a916-2c8cd8d9d62d,2025-01-30,Apollo Payment,3835.2,Expense,Healthcare,UPI,Dentist,
dc737e2d-5f3d-4e32-8cb3-031f112b8b88,2025-01-31,Swiggy Payment,924.7,Expense,Food,UPI,Zomato,
d53cafc4-3a5e-4010-b2f3-ead775b488d2,2025-01-31,Metro Payment,203.67,Expense,Travel,UPI,Ola,
92e1fb04-3d7d-4776-8b52-0bed311f5684,2025-01-31,Amazon Payment,5583.6,Expense,Shopping,Credit Card,Amazon,
0f47a9fe-f806-4574-b519-0762f7caec5e,2025-01-31,Local Clinic Payment,2346.01,Expense,Healthcare,Debit Card,PharmEasy,
a42485c8-3b6e-40d5-aeee-c31661145d52,2025-01-31,Dentist Payment,1815.24,Expense,Healthcare,Debit Card,Local Clinic,
753d0aa0-af4f-4ced-a645-a720b5df1df4,2025-01-31,Metro Payment,223.07,Expense,Travel,Cash,Ola,
5d447fa3-d8af-4b3d-943a-55b08d054862,2025-01-31,Jio Payment,2923.66,Expense,Bills,Credit Card,Airtel,
375de33a-5543-4cfa-88da-90f58e5de239,2025-01-31,Amazon Payment,924.96,Expense,Shopping,Cash,Amazon,
b7837efe-2e93-42a7-9630-96099a443aa4,2025-02-01,Amazon Payment,8394.86,Expense,Shopping,Cash,Local Store,
c616824d-20f0-4082-96ad-6948622ab71f,2025-02-01,Water Payment,3808.48,Expense,Bills,UPI,Jio,
aaaffe66-432f-4bf0-b52a-5277ffd6e625,2025-02-01,Monthly Salary,64729.42,Income,Salary,Bank Transfer,Employer,Regular Income
d21deb1a-982a-4f3f-9352-6ee900722b95,2025-02-01,Airtel Payment,4401.54,Expense,Bills,Cash,Airtel,
4d45aa41-d215-414a-8406-4a5273fa8df3,2025-02-01,PharmEasy Payment,2419.55,Expense,Healthcare,Credit Card,Apollo,
187e4000-3793-42cb-a670-8d8d2306d2bf,2025-02-02,Ola Payment,286.74,Expense,Travel,Debit Card,Flight,
25a63742-a81c-4a90-8dc1-a476813ebfb0,2025-02-02,Misc Payment,288.54,Expense,Other,UPI,Misc,
17e57184-6a7d-455f-9d69-ee0b464755c2,2025-02-02,Starbucks Payment,1214.56,Expense,Food,Debit Card,Swiggy,
02ae11c1-d27d-42b2-99a8-ed22235123fa,2025-02-02,Metro Payment,542.89,Expense,Travel,Cash,IRCTC,
f37280e5-c702-45c5-a58c-83f5ff8aec52,2025-02-02,Donation Payment,180.38,Expense,Other,Credit Card,Donation,
6fe0672d-6da2-4167-9e00-1e23d2ace17a,2025-02-02,Swiggy Payment,1271.9,Expense,Food,Cash,Swiggy,
de634a4c-e9ab-446a-850f-4c441c791710,2025-02-02,Flipkart Payment,5742.19,Expense,Shopping,UPI,Local Store,
3387e434-11a5-4032-a37a-bfcf1650199a,2025-02-02,Gaming Payment,1097.04,Expense,Entertainment,UPI,Gaming,
5d880698-8b98-4837-a791-fc26e7fd2f3f,2025-02-03,Zomato Payment,870.83,Expense,Food,UPI,Local Cafe,
a0fcecbf-93f4-4b3b-b7ab-f5b0168e10e9,2025-02-03,Gift Payment,278.92,Expense,Other,Cash,Misc,
4028f36a-891e-47e1-9808-8979b0010305,2025-02-03,Local Store Payment,5908.63,Expense,Shopping,Credit Card,Reliance Mart,
c74a716a-ec92-49d8-b2bb-743f69b83036,2025-02-03,Starbucks Payment,1729.93,Expense,Food,Credit Card,Starbucks,
bd9076fa-885c-4871-bc67-5c4f95c39436,2025-02-03,Event Payment,1783.52,Expense,Entertainment,Cash,PVR,
be9feaae-25cf-4eb3-8116-03777766c9c5,2025-02-03,Gift Payment,738.02,Expense,Other,UPI,Gift,
0b036788-352e-4ecb-aba3-5ef8444f60f3,2025-02-03,Gas Payment,3632.51,Expense,Bills,Credit Card,Water,
37e3b835-ebe7-41f5-ae40-897be638a885,2025-02-03,Gift Payment,770.04,Expense,Other,Credit Card,Donation,
bc9888fa-a046-40d9-b0f5-e87554637fdc,2025-02-04,Swiggy Payment,757.7,Expense,Food,Cash,Starbucks,
5541d004-4f76-43cc-8722-d2894c4b9790,2025-02-04,Starbucks Payment,1179.23,Expense,Food,Cash,Swiggy,
666d3ef6-d083-4cb6-a398-f87b5e3739fe,2025-02-04,Donation Payment,700.2,Expense,Other,Credit Card,Misc,
c2652c36-23d3-43f5-b071-3e0523188ad7,2025-02-04,Donation Payment,494.62,Expense,Other,Credit Card,Gift,
a3cf56eb-a2f9-4057-ad7b-bf66f7e57242,2025-02-04,Starbucks Payment,502.57,Expense,Food,Credit Card,Starbucks,
8a737b85-aef3-475a-977c-58fcdac7ca17,2025-02-04,Ola Payment,660.6,Expense,Travel,Cash,IRCTC,
c1b937cb-4460-40ae-b268-ea287767e924,2025-02-04,Gift Payment,268.25,Expense,Other,Cash,Donation,
6675191e-d8b3-4d95-8741-c8ed0683cbf5,2025-02-04,Flipkart Payment,5506.5,Expense,Shopping,Cash,Myntra,
ad3057a1-1174-415f-abf9-94822acb6859,2025-02-04,Donation Payment,137.52,Expense,Other,Cash,Donation,
d8b0efc4-0642-4476-9bd5-667f69b9ee3f,2025-02-05,Misc Payment,207.32,Expense,Other,Cash,Donation,
1746ae4a-eae3-409c-98ab-9ea768b32ec7,2025-02-05,Flight Payment,825.67,Expense,Travel,Credit Card,Flight,
5daf7ec9-2d7d-4781-8beb-8e4f55d2ddd6,2025-02-05,Domino's Payment,559.28,Expense,Food,Credit Card,Zomato,
9eb881c3-44bc-4ef8-870f-41ca8b78fd4c,2025-02-05,Netflix Payment,2739.27,Expense,Entertainment,Credit Card,Gaming,
f8d1d314-28bc-4cc1-9fd3-151234ac1517,2025-02-05,Flipkart Payment,9503.72,Expense,Shopping,UPI,Local Store,
b5e20992-0ec3-49e7-a591-33f6821525e1,2025-02-05,Uber Payment,348.67,Expense,Travel,Credit Card,Metro,
6bc7fda8-e3c5-499a-88e8-bf24d6bf8480,2025-02-05,Flight Payment,209.73,Expense,Travel,Credit Card,IRCTC,
1e458aa0-7970-490c-864a-016ae6688448,2025-02-05,Metro Payment,263.47,Expense,Travel,UPI,Ola,
ec21a06a-a583-4648-8d9f-77084664243e,2025-02-05,Gaming Payment,1098.62,Expense,Entertainment,Debit Card,Event,
98e5d8ab-0ea4-4db8-9a21-f896b1fd49e3,2025-02-06,Reliance Mart Payment,4586.89,Expense,Shopping,Credit Card,Local Store,
592f30d2-d4d1-4c75-bed9-e5a689d84c9d,2025-02-06,Domino's Payment,1885.02,Expense,Food,UPI,Starbucks,
f3dae819-cf2c-41d5-ae06-3920d32e728e,2025-02-06,Domino's Payment,1950.24,Expense,Food,Credit Card,Starbucks,
86b63d6d-9564-44e5-9fc2-13fdda2140c3,2025-02-06,Gas Payment,2048.53,Expense,Bills,Credit Card,Water,
a8109e9a-e31f-466a-a4e8-618337fcd588,2025-02-06,Gas Payment,1573.45,Expense,Bills,Credit Card,Water,
8f7b052e-f307-45aa-9b6b-1bd5dc2b9459,2025-02-06,Flight Payment,876.75,Expense,Travel,Cash,Uber,
315a83df-75b5-46df-b72c-b0ce645cc42f,2025-02-06,Starbucks Payment,348.31,Expense,Food,Cash,Swiggy,
f2e1522c-56f1-4581-a899-7b86521d0936,2025-02-07,Apollo Payment,2451.89,Expense,Healthcare,Debit Card,PharmEasy,
be86dff5-e8b8-4eed-a67b-9edb1f5aa105,2025-02-07,Misc Payment,889.57,Expense,Other,Credit Card,Gift,
4f23775d-b339-4370-bda2-3f5063be0925,2025-02-07,Misc Payment,325.88,Expense,Other,Debit Card,Gift,
6a36e35b-e40b-46cb-9829-1d8c9a3a7e22,2025-02-07,PharmEasy Payment,4492.49,Expense,Healthcare,UPI,Apollo,
04ff3ab4-ee73-4b31-92cf-1519e61cac93,2025-02-07,Swiggy Payment,170.7,Expense,Food,Credit Card,Starbucks,
9288302c-2bb2-4219-bdd2-faaf0ae8b6c4,2025-02-07,Starbucks Payment,1989.96,Expense,Food,Cash,Domino's,
303bad51-bbec-4fc6-873e-ce33357f10a9,2025-02-07,Swiggy Payment,1592.43,Expense,Food,Credit Card,Domino's,
c175dcc9-3e04-4da1-91c8-4256be36bd80,2025-02-08,Local Clinic Payment,955.58,Expense,Healthcare,Debit Card,Local Clinic,
fc2dbc14-c0d2-4041-b390-839bea2f6570,2025-02-09,Local Cafe Payment,706.38,Expense,Food,Credit Card,Zomato,
ff791ea6-860b-484a-afa1-25f7fefabb8d,2025-02-09,Dentist Payment,1933.79,Expense,Healthcare,Cash,Dentist,
0a4276a3-7f4c-4e1f-8d55-ce3e529dd59e,2025-02-09,Uber Payment,762.29,Expense,Travel,Debit Card,Metro,
9f7d9c65-c30c-48c2-b62d-60e16c1d54cf,2025-02-09,Donation Payment,149.67,Expense,Other,UPI,Misc,
e2b3ea6e-c1c1-48a4-8f68-3f4012f66d5e,2025-02-09,Ola Payment,825.89,Expense,Travel,Credit Card,Flight,
be89a23e-7f3e-43e4-b371-6b381d7a035d,2025-02-09,Flight Payment,690.09,Expense,Travel,Cash,Uber,
a41c54b7-9722-4e8c-b0f7-335f419f8ce0,2025-02-09,Ola Payment,880.19,Expense,Travel,Credit Card,Flight,
765a1b19-badf-4465-acc9-2b3510c78b4a,2025-02-09,Flight Payment,716.47,Expense,Travel,Cash,Uber,
161f84ba-00ab-43ce-baff-f83bf4ad3cbb,2025-02-09,PharmEasy Payment,2342.04,Expense,Healthcare,Credit Card,Apollo,
40d888f7-95cc-450e-9c41-e60c4b6f9477,2025-02-10,Zomato Payment,398.98,Expense,Food,Cash,Local Cafe,
db47f8b8-0133-4b31-a7c9-e1ac1d21eaea,2025-02-10,Reliance Mart Payment,5543.41,Expense,Shopping,UPI,Myntra,
0b965c35-fd26-490d-a837-cba99384aac3,2025-02-10,Event Payment,2546.03,Expense,Entertainment,Debit Card,Spotify,
c79c61bc-a058-477f-9d1d-67a9eaa9e7af,2025-02-10,Gaming Payment,2139.75,Expense,Entertainment,Debit Card,PVR,
2655cbb4-0a4d-490b-8389-e1c9b3bf9109,2025-02-10,IRCTC Payment,579.09,Expense,Travel,Debit Card,Flight,
879ab706-0f19-47f9-9d25-a78aefc5aa80,2025-02-10,Amazon Payment,3393.15,Expense,Shopping,Cash,Myntra,
79e78acd-1a75-4ce9-9b9d-e60744c56b6a,2025-02-10,Local Cafe Payment,799.09,Expense,Food,Credit Card,Domino's,
cfdbe17e-dee7-4e83-ae1d-15aa842a766c,2025-02-10,IRCTC Payment,420.17,Expense,Travel,Cash,Metro,
131c9ff2-9490-43ef-b0b5-9dacb71df23c,2025-02-10,Flight Payment,779.16,Expense,Travel,Debit Card,IRCTC,
236a35e5-5d70-462f-acdf-b38164f889b5,2025-02-11,Starbucks Payment,239.87,Expense,Food,Credit Card,Starbucks,
d00c91cc-fcf4-4f68-84f0-afd0d26e274c,2025-02-11,IRCTC Payment,564.5,Expense,Travel,Credit Card,Flight,
00ba0c69-989a-40ff-a0dd-0d8a0e1a5f3d,2025-02-11,Starbucks Payment,260.62,Expense,Food,Cash,Starbucks,
42a3aa13-0f26-4fcb-8098-fd0254ff00ba,2025-02-11,Domino's Payment,1725.47,Expense,Food,Credit Card,Swiggy,
ab079df3-8b0d-436e-bc55-bc5a262dd95a,2025-02-11,Zomato Payment,385.17,Expense,Food,Debit Card,Domino's,
515e8f66-198f-40a0-afd9-ef0a029cfd83,2025-02-11,Swiggy Payment,1341.07,Expense,Food,UPI,Swiggy,
c323e948-c10d-4981-bcd8-c1b1bb57cc8f,2025-02-11,IRCTC Payment,71.27,Expense,Travel,Credit Card,IRCTC,
1ed18e14-0288-4f4b-9405-5027b1023595,2025-02-12,Misc Payment,598.87,Expense,Other,Debit Card,Donation,
0b2a550d-18e6-43dc-8442-aeb887b36aae,2025-02-12,Zomato Payment,990.64,Expense,Food,Debit Card,Zomato,
b4d3f1cc-6e23-4d78-ace4-8810527c55af,2025-02-12,Starbucks Payment,954.18,Expense,Food,Debit Card,Zomato,
20fe1026-5cb8-4d3f-8c2a-4e7c157973ad,2025-02-12,Gift Payment,787.11,Expense,Other,Cash,Donation,
6738ee91-20d6-4026-91a7-a15b6c13e2c0,2025-02-12,Zomato Payment,1968.97,Expense,Food,UPI,Domino's,
6960aaae-8e17-4236-99e9-9b6e14c14bbf,2025-02-12,Local Cafe Payment,173.67,Expense,Food,Debit Card,Swiggy,
f40d0075-c4bc-49a8-8e32-b0a3bcb120f1,2025-02-12,Zomato Payment,1884.82,Expense,Food,Debit Card,Zomato,
f096cabf-6f97-4d88-bd04-0a360843fe7b,2025-02-12,Gift Payment,190.76,Expense,Other,Cash,Misc,
aa395910-32b8-4086-b71f-ee69219cddc3,2025-02-12,Ola Payment,826.28,Expense,Travel,UPI,Metro,
da494fcf-4d40-49e2-a56f-09b371b873bc,2025-02-12,Donation Payment,882.59,Expense,Other,Debit Card,Gift,
ab384bcb-c581-4eb6-9bcd-83fc8d78bfc6,2025-02-12,Gaming Payment,226.0,Expense,Entertainment,Credit Card,Gaming,
93767a1b-6315-4753-a660-4d09d4b50f3a,2025-02-13,Local Cafe Payment,239.49,Expense,Food,Cash,Starbucks,
c6c4b30c-152a-4be4-9cc7-7b2befc4e93d,2025-02-13,Dentist Payment,4000.19,Expense,Healthcare,Credit Card,PharmEasy,
965e02bc-6ff1-4ba0-b8f7-87d58fde85e9,2025-02-13,IRCTC Payment,411.62,Expense,Travel,UPI,Flight,
be36246c-0275-4ae3-adc6-9e5875162155,2025-02-13,Flight Payment,996.2,Expense,Travel,Credit Card,Ola,
662b4386-a098-4ebf-a14e-288faefd6287,2025-02-13,Local Store Payment,1690.31,Expense,Shopping,Credit Card,Myntra,
d89a6733-b39c-4a20-ab47-7b7f06cbc66d,2025-02-13,Flipkart Payment,5947.64,Expense,Shopping,Credit Card,Local Store,
dbe7fdd3-b4e6-4681-a1b1-2b7d5d7e5c23,2025-02-13,Gift Payment,110.3,Expense,Other,Credit Card,Gift,
6068225e-c901-4f87-b0f8-4da8c40ad1a8,2025-02-13,Flight Payment,704.8,Expense,Travel,Debit Card,IRCTC,
18f68e75-013b-4998-8301-de0a57875a8e,2025-02-13,Gift Payment,157.7,Expense,Other,Cash,Gift,
6f533420-c20a-46de-ae35-0c1a2a217fdb,2025-02-14,PVR Payment,1707.42,Expense,Entertainment,Debit Card,Spotify,
5bad5531-8885-4052-a5d5-9492824b3711,2025-02-14,Zomato Payment,1841.31,Expense,Food,UPI,Domino's,
6c926d22-8a2d-460c-a579-66e23d901ae3,2025-02-14,Water Payment,3658.26,Expense,Bills,Cash,Gas,
e3e9a8e1-1c9e-4058-824c-4cb34d68f616,2025-02-14,Domino's Payment,608.84,Expense,Food,Debit Card,Starbucks,
a61955be-15cc-4587-8fe7-c38cf3f98eb8,2025-02-14,Spotify Payment,1806.75,Expense,Entertainment,Cash,PVR,
e169374d-9020-4b0a-ac0f-23d275128288,2025-02-14,Metro Payment,511.92,Expense,Travel,Debit Card,Metro,
aba760d7-fd5c-4d5d-81fc-3e78201d5959,2025-02-15,Uber Payment,560.71,Expense,Travel,Cash,Ola,
3fab914c-e76e-4724-9423-4fd4619c285a,2025-02-15,Gift Payment,122.44,Expense,Other,Debit Card,Misc,
7d1f3773-eb99-4335-ad61-249709070ce3,2025-02-15,Jio Payment,1520.19,Expense,Bills,Cash,Gas,
84c9f451-beaf-4685-a444-cb709b6292c3,2025-02-15,Reliance Mart Payment,4931.28,Expense,Shopping,UPI,Reliance Mart,
d6c0d043-3b2a-4a6f-a4bc-54f6c52971df,2025-02-15,Misc Payment,779.6,Expense,Other,Credit Card,Gift,
989fcf22-f98b-45a4-9696-a63bb94b329f,2025-02-15,Misc Payment,771.32,Expense,Other,Cash,Misc,
61ffa0d4-d86f-4f0d-a110-7686c4253312,2025-02-15,Swiggy Payment,383.9,Expense,Food,UPI,Zomato,
113b97f7-aab7-4fa7-8cee-6e718825ce3d,2025-02-16,Swiggy Payment,1749.67,Expense,Food,Debit Card,Starbucks,
923d57e5-cc84-4536-ab8c-ffd1d739cdc1,2025-02-16,Donation Payment,821.28,Expense,Other,Debit Card,Misc,
2c0151ee-f518-4eda-a801-545227c6da5e,2025-02-16,Local Clinic Payment,4089.25,Expense,Healthcare,Debit Card,Local Clinic,
9c5c1d3a-1635-46c9-8c6e-14fb087cfbce,2025-02-16,Swiggy Payment,1325.76,Expense,Food,UPI,Local Cafe,
ea96530b-9f73-4a0f-970a-7163130275cd,2025-02-16,Starbucks Payment,725.82,Expense,Food,UPI,Starbucks,
01700b9c-6604-4576-bae1-11e552c55bf9,2025-02-16,Domino's Payment,1803.64,Expense,Food,Cash,Domino's,
a59e0ccd-d855-4cdd-83b5-0759495c99db,2025-02-17,Uber Payment,810.34,Expense,Travel,Credit Card,Uber,
8f50b532-8b5a-41c0-8a8e-8fdf0d20cdfd,2025-02-17,Starbucks Payment,1065.04,Expense,Food,Credit Card,Local Cafe,
61f2d7a6-4c6d-4619-a6f1-6a6720cc1fc8,2025-02-17,Local Store Payment,534.93,Expense,Shopping,UPI,Amazon,
c225db0b-25a4-45c9-aee0-e24b28941301,2025-02-17,Metro Payment,604.81,Expense,Travel,Credit Card,Ola,
c300b5a9-c991-475c-b3d0-a129bd89b842,2025-02-17,Gift Payment,562.86,Expense,Other,Cash,Donation,
967e05bf-7bbf-4c0c-a2c0-519ec9a793c3,2025-02-17,Gift Payment,580.76,Expense,Other,UPI,Gift,
c5974b13-3ed3-46c0-9e99-6a1dcb0a42bb,2025-02-18,PVR Payment,2418.27,Expense,Entertainment,Credit Card,Spotify,
fc5aaf06-c198-4814-81c0-74731870e2ac,2025-02-18,Domino's Payment,203.6,Expense,Food,UPI,Swiggy,
3ea916ef-ef2e-4ba4-b947-e93b690ea7d8,2025-02-18,IRCTC Payment,3124.65,Expense,Travel,Cash,Uber,
9598e2a8-1a7c-48a6-a8b8-1f41bf45dc27,2025-02-18,Donation Payment,546.81,Expense,Other,Cash,Gift,
4dbbe3cd-54c9-4f8f-bfc5-db5b25ecbcef,2025-02-19,IRCTC Payment,804.13,Expense,Travel,Credit Card,Flight,
886e2a76-c211-4e66-a5d3-f33e78f5108c,2025-02-19,Local Cafe Payment,1974.2,Expense,Food,UPI,Local Cafe,
98356dbb-5948-4b70-89b3-e33fd00bf16d,2025-02-19,Event Payment,2287.79,Expense,Entertainment,Cash,Netflix,
1c24e02a-9660-4f48-901e-95360314f944,2025-02-19,Gas Payment,2589.63,Expense,Bills,UPI,Electricity,
76a21709-4c94-434a-9a80-7e33b9a1274f,2025-02-19,Netflix Payment,2260.01,Expense,Entertainment,Credit Card,Netflix,
97588045-9966-48ee-973e-026fc766e023,2025-02-19,Zomato Payment,1986.41,Expense,Food,UPI,Swiggy,
7b838de1-4bcb-45e1-9144-ef579092d77c,2025-02-20,Misc Payment,192.62,Expense,Other,Credit Card,Gift,
5697bff7-7c19-4936-b77a-b88a16000dad,2025-02-20,Starbucks Payment,1227.31,Expense,Food,Cash,Zomato,
a82e1d77-0871-4c53-9369-61987284df8b,2025-02-20,Gas Payment,1472.18,Expense,Bills,Cash,Electricity,
4b9c9c94-6a39-45bb-9484-ed4519def985,2025-02-20,Domino's Payment,829.09,Expense,Food,Credit Card,Swiggy,
6b3fe54c-b49e-4261-8f53-7fa0730b6925,2025-02-21,Myntra Payment,8532.36,Expense,Shopping,Credit Card,Local Store,
ae5d5e28-c85f-414d-a917-d7f808f268f3,2025-02-21,Starbucks Payment,341.54,Expense,Food,UPI,Zomato,
c321e9e5-e245-4f84-8bbc-abbba288fa2b,2025-02-21,IRCTC Payment,67.78,Expense,Travel,Debit Card,Metro,
61031028-9516-4f4c-86bb-444070fae064,2025-02-22,Misc Payment,996.18,Expense,Other,Debit Card,Gift,
59925173-b949-49e8-bdc5-2b2dca645b4d,2025-02-22,Donation Payment,503.01,Expense,Other,Credit Card,Misc,
97e40479-61b7-4351-8bc3-05587fe50802,2025-02-22,Reliance Mart Payment,9711.81,Expense,Shopping,Cash,Myntra,
8d2203d3-cd94-49cc-9934-4fee7aacdb94,2025-02-22,Misc Payment,428.89,Expense,Other,Debit Card,Donation,
a5fb8665-82fe-4833-af35-9030e47f45da,2025-02-22,Spotify Payment,2610.18,Expense,Entertainment,UPI,Spotify,
04a391d4-632e-40f7-9933-ea43b58ac1df,2025-02-22,Metro Payment,495.15,Expense,Travel,Debit Card,Flight,
edf09bde-144f-460e-af98-b8f012b95937,2025-02-22,Ola Payment,611.27,Expense,Travel,Debit Card,Flight,
4ceeb940-b212-4729-9e71-04d60c179abe,2025-02-23,Flipkart Payment,3580.96,Expense,Shopping,Credit Card,Flipkart,
c659ab0b-bd77-4d80-99e2-85b7d060ee00,2025-02-23,Zomato Payment,1457.35,Expense,Food,Cash,Domino's,
ddf48473-1219-4370-b067-1fb334a79f29,2025-02-23,Swiggy Payment,155.18,Expense,Food,Credit Card,Starbucks,
ba331778-0a5c-46b9-b101-782da4b8f62e,2025-02-23,Amazon Payment,9537.15,Expense,Shopping,Debit Card,Amazon,
96021eb8-e034-494f-8b5e-b0310b769889,2025-02-24,Donation Payment,439.69,Expense,Other,Debit Card,Misc,
026d1ab1-f97c-4987-8b6c-4837e2eff32b,2025-02-24,Event Payment,11685.24,Expense,Entertainment,Credit Card,Event,
b7a7052c-606b-486f-babb-6b46730abf2d,2025-02-24,Spotify Payment,2881.31,Expense,Entertainment,UPI,Spotify,
e03dbb49-546d-432b-9a6e-da80f9071fb5,2025-02-24,Domino's Payment,562.82,Expense,Food,Credit Card,Swiggy,
ab38470c-4eb0-4d99-8093-2a6fb18bb1f1,2025-02-24,Dentist Payment,389.03,Expense,Healthcare,UPI,Apollo,
4f92f442-c42c-4d77-81e1-951af4a83a00,2025-02-24,Gift Payment,473.21,Expense,Other,Cash,Donation,
8e361013-4bd5-4d53-ae48-79eecff3e957,2025-02-25,Gift Payment,180.27,Expense,Other,Credit Card,Misc,
d53ab286-3515-4064-b1ac-35a294ed1ae4,2025-02-25,Donation Payment,348.78,Expense,Other,UPI,Donation,
0214e3c3-a85d-4fb0-afcb-f9517b430145,2025-02-25,Water Payment,1545.12,Expense,Bills,UPI,Airtel,
084ad7f7-c402-4a28-8e5a-04184e25ec8a,2025-02-26,Donation Payment,610.12,Expense,Other,UPI,Donation,
9eeb3d65-c3a3-4df4-8193-d4ca98295c9f,2025-02-26,Local Cafe Payment,1382.92,Expense,Food,Cash,Swiggy,
ab36d188-3fbe-4e76-a87f-902b4316180d,2025-02-26,Uber Payment,969.42,Expense,Travel,Debit Card,IRCTC,
2c708e42-fe4d-4654-9067-9dd1948f50f1,2025-02-26,Local Cafe Payment,1163.44,Expense,Food,Cash,Zomato,
e3a95f9d-914f-49ef-a974-12443e1fced1,2025-02-26,Flipkart Payment,1239.13,Expense,Shopping,Cash,Local Store,
766aa706-9e22-464b-b58a-9c0fbd1e6f9b,2025-02-26,Local Cafe Payment,1360.44,Expense,Food,UPI,Swiggy,
a81fc8e2-339f-4811-a402-174de4824e08,2025-02-26,Gift Payment,277.99,Expense,Other,UPI,Donation,
536325c1-84b7-42dd-9311-417c75e45ee0,2025-02-27,Misc Payment,601.63,Expense,Other,Credit Card,Gift,
e059180d-2287-4bd2-b3ba-4f4b02d5637e,2025-02-27,Apollo Payment,1541.35,Expense,Healthcare,Debit Card,Apollo,
f579b212-6af6-4902-bf91-d2468b81144c,2025-02-27,Gift Payment,892.17,Expense,Other,Debit Card,Gift,
288d5270-4b73-4c41-b854-e4f83e3c060b,2025-02-27,Donation Payment,88.34,Expense,Other,Cash,Gift,
95d8645e-0188-47f0-9ae2-081fa5a171a6,2025-02-27,Misc Payment,734.12,Expense,Other,Cash,Misc,
ebcd83fd-2f5b-4033-99d8-69ebbfee22b6,2025-02-27,IRCTC Payment,798.85,Expense,Travel,UPI,Flight,
b57be142-20c6-431a-ad09-a78bc3343bf4,2025-02-27,Uber Payment,760.34,Expense,Travel,Credit Card,IRCTC,
17f17a9c-8062-47b6-a02a-f2b29c6fed2a,2025-02-27,PVR Payment,2685.46,Expense,Entertainment,Credit Card,Gaming,
588dd7be-4e6d-4770-83e5-724e6f765258,2025-02-28,Electricity Payment,666.52,Expense,Bills,Debit Card,Airtel,
33a2f092-fe69-48d6-b76e-a6cdb2ed4806,2025-02-28,Reliance Mart Payment,2719.31,Expense,Shopping,UPI,Flipkart,
4ef1e363-1a61-40f7-be6f-53593eea9893,2025-02-28,Starbucks Payment,319.54,Expense,Food,Credit Card,Domino's,
aee5fa8e-74fe-4540-ad7b-1fafe4eb1a23,2025-02-28,Flipkart Payment,5839.47,Expense,Shopping,Credit Card,Myntra,
7f7afd84-7ab3-4009-a475-91ba2ff83b4c,2025-02-28,Local Cafe Payment,1346.52,Expense,Food,Debit Card,Zomato,
0e77f3b8-f78c-4895-b962-77a44cc7bcfc,2025-03-01,Monthly Salary,63533.99,Income,Salary,Bank Transfer,Employer,Regular Income
ebd0581c-56dd-4b42-894e-6f01b3bfc379,2025-03-01,Local Clinic Payment,2175.9,Expense,Healthcare,UPI,Apollo,
4619b517-70ab-408f-9ea5-a46973944269,2025-03-01,Amazon Payment,6398.08,Expense,Shopping,UPI,Flipkart,
3cdfc9ff-ab93-4952-843c-447d2088ffd8,2025-03-01,Reliance Mart Payment,3840.48,Expense,Shopping,Debit Card,Myntra,
a11fb2bb-0143-4f38-b367-3941926f2dc2,2025-03-01,Local Cafe Payment,111.6,Expense,Food,Debit Card,Local Cafe,
893a0b01-00b3-48fd-a966-54fc872f7cc1,2025-03-01,Local Clinic Payment,4759.84,Expense,Healthcare,Debit Card,Dentist,
98f8d3c6-8781-4d5a-b765-c9a9f91a72cd,2025-03-01,Swiggy Payment,1459.18,Expense,Food,Credit Card,Local Cafe,
e7dd684c-5d76-47aa-9bcd-a0b6cd635ead,2025-03-02,Donation Payment,168.46,Expense,Other,Debit Card,Donation,
acda4d20-0c7b-41f9-bb9e-2ceab3044b6f,2025-03-02,Gift Payment,847.35,Expense,Other,Debit Card,Misc,
1c444119-efae-4082-843e-c87999e66919,2025-03-02,Misc Payment,738.41,Expense,Other,UPI,Gift,
871546de-c87d-4562-9691-e2b24cf5b070,2025-03-02,Gift Payment,704.28,Expense,Other,Credit Card,Gift,
6c742644-95a8-42f3-bd2d-f0a28dbb961e,2025-03-02,Domino's Payment,1454.26,Expense,Food,Debit Card,Zomato,
b42822b9-18b1-48dc-9307-9af7f8901045,2025-03-02,Spotify Payment,1770.12,Expense,Entertainment,Credit Card,Event,
34e98428-c502-4d50-a968-b29a5cec2349,2025-03-02,Dentist Payment,2742.32,Expense,Healthcare,Cash,Dentist,
7799d868-47c4-4175-9181-8792d451dab6,2025-03-03,Spotify Payment,2351.28,Expense,Entertainment,Credit Card,Spotify,
09895f97-b713-4062-bdf7-d6d4f6f9ef4b,2025-03-03,Misc Payment,855.72,Expense,Other,Credit Card,Donation,
38d72ee6-494c-469c-9dbc-29ddcab7b947,2025-03-03,Local Cafe Payment,763.76,Expense,Food,Cash,Zomato,
58f932d2-b879-4a90-9668-59e0d8ff557c,2025-03-03,Swiggy Payment,525.63,Expense,Food,Debit Card,Domino's,
a630b5ed-d131-4790-9e4c-6899f10ce375,2025-03-03,Domino's Payment,1843.05,Expense,Food,Cash,Starbucks,
01673fad-df67-43c2-93d4-58ae0cbeaf94,2025-03-03,Ola Payment,250.66,Expense,Travel,Cash,IRCTC,
7324a085-6325-4a86-bb92-dfb2ae163a01,2025-03-03,Flight Payment,863.85,Expense,Travel,Cash,Uber,
646d34d9-028f-4ba0-89d0-b71b6c4de4bc,2025-03-03,PVR Payment,1457.99,Expense,Entertainment,Credit Card,Netflix,
790ec493-e319-419d-9cb8-a2126319f1a8,2025-03-03,Swiggy Payment,1754.03,Expense,Food,UPI,Starbucks,
d5cd8e34-c1eb-49bc-b737-a15186877ba8,2025-03-03,Event Payment,2248.59,Expense,Entertainment,UPI,Spotify,
1a3b6dfc-08e5-4211-93f1-a6b02a291b9a,2025-03-03,Starbucks Payment,279.93,Expense,Food,Debit Card,Swiggy,
f1810d1f-056b-4246-b6c3-78551e07fe37,2025-03-03,Zomato Payment,735.63,Expense,Food,Debit Card,Swiggy,
8298e568-c586-4b63-a1f5-2e027080e056,2025-03-04,Gift Payment,1222.04,Expense,Other,Cash,Misc,
e92fae0c-de5f-46d2-a7f6-b0cbfcba8c8d,2025-03-04,Flight Payment,93.79,Expense,Travel,Cash,Metro,
bb191984-9c40-4209-b0ac-f98c034069fa,2025-03-04,Event Payment,2044.05,Expense,Entertainment,Credit Card,Gaming,
394e818d-fdcb-4def-a2e7-981209c04898,2025-03-04,Local Clinic Payment,3478.6,Expense,Healthcare,UPI,Local Clinic,
979f2701-5f76-4f31-a1df-a3b7fedeffb5,2025-03-04,Gas Payment,868.88,Expense,Bills,Credit Card,Airtel,
854b9980-549e-41cb-b294-35eec6fca46a,2025-03-05,Apollo Payment,4637.68,Expense,Healthcare,Credit Card,PharmEasy,
75e5b9ea-0530-4ec4-b1bb-34c69e863612,2025-03-05,Misc Payment,245.52,Expense,Other,Credit Card,Misc,
fc4bde48-48af-420d-a390-117664c04bc4,2025-03-05,Swiggy Payment,332.79,Expense,Food,UPI,Local Cafe,
d971cc3a-2c26-415b-9290-1a47b7c28092,2025-03-06,Local Clinic Payment,1298.54,Expense,Healthcare,Credit Card,Dentist,
03c12eb5-580f-40e0-a684-1e3895f88628,2025-03-06,Donation Payment,525.41,Expense,Other,Credit Card,Misc,
e5fe7bd1-d31e-4499-846a-ee95305bec8a,2025-03-06,Spotify Payment,325.26,Expense,Entertainment,Credit Card,PVR,
20fe3f69-d986-4748-bbae-35cbc9e0ea9c,2025-03-06,Misc Payment,830.85,Expense,Other,UPI,Donation,
2b43761f-77a3-432a-87fd-97109526e827,2025-03-06,Local Store Payment,2923.88,Expense,Shopping,Debit Card,Flipkart,
ead54e6a-b3b1-451b-b6ad-ea4f4aea3a85,2025-03-06,Zomato Payment,377.87,Expense,Food,Credit Card,Starbucks,
d81ec7f7-a5da-40e8-a6d3-5bf428d6b04a,2025-03-06,Electricity Payment,2293.89,Expense,Bills,Cash,Electricity,
f68c7358-970f-4102-b188-faafdc29f3b4,2025-03-06,Water Payment,745.46,Expense,Bills,Cash,Electricity,
aa50c9ed-d4d2-4af1-9602-78f47a736eaf,2025-03-06,IRCTC Payment,963.13,Expense,Travel,UPI,Uber,
7fced7de-154a-49f1-b0a8-e6f2a5a64fd7,2025-03-07,Gift Payment,676.62,Expense,Other,Credit Card,Misc,
b2d5c0b0-fb48-49e4-9b0a-a2ba0a4d676b,2025-03-07,Uber Payment,932.37,Expense,Travel,Cash,Ola,
2c1d3a4a-e3b4-48eb-8caa-a953abd4415e,2025-03-07,Gift Payment,692.7,Expense,Other,Credit Card,Misc,
ec7de4f8-5954-42c5-99d5-a94a55cf0a90,2025-03-07,Local Clinic Payment,3998.15,Expense,Healthcare,UPI,Dentist,
58b97070-f35c-4fef-90bc-d809b4d5cea2,2025-03-07,Uber Payment,352.65,Expense,Travel,Credit Card,Metro,
ff64b3e9-63f4-4cb4-906f-0a5b5cdbb4fe,2025-03-07,Starbucks Payment,1967.32,Expense,Food,UPI,Local Cafe,
b5e2daf5-8d01-47d2-ad4b-635e6936dba3,2025-03-07,Flight Payment,60.07,Expense,Travel,UPI,Flight,
420ec0aa-487f-40c9-a4bd-dcc6a6ce69b4,2025-03-07,Gift Payment,695.44,Expense,Other,Cash,Misc,
1aa8831f-05ec-468d-940a-3c7fa02b393d,2025-03-08,Gas Payment,668.6,Expense,Bills,Cash,Electricity,
580aca24-065a-4fd8-b2ea-750d470eee0e,2025-03-08,Gift Payment,275.38,Expense,Other,Debit Card,Misc,
f4fd182c-6347-4a19-89b3-2b1e6734e5ce,2025-03-08,Domino's Payment,993.95,Expense,Food,UPI,Starbucks,
9ef453c8-618e-407d-aaa7-ae2aebc9757f,2025-03-08,Zomato Payment,1042.42,Expense,Food,Debit Card,Swiggy,
dba8777d-5cf7-4f09-9485-1266fe2fbf80,2025-03-09,Domino's Payment,479.42,Expense,Food,Cash,Swiggy,
1c97372f-ea9e-46b7-9cb2-bcac67b9b7cc,2025-03-09,Flipkart Payment,5101.87,Expense,Shopping,Cash,Flipkart,
c68c6b4f-fb6e-4919-8e16-eb9888ef2755,2025-03-09,IRCTC Payment,698.6,Expense,Travel,Cash,IRCTC,
05b50b21-c41a-4d0f-abc1-80c9dc578639,2025-03-09,Gift Payment,902.83,Expense,Other,Credit Card,Gift,
bd5f8c80-dfdd-4c92-95dc-045620750b68,2025-03-09,Flipkart Payment,3410.74,Expense,Shopping,Debit Card,Myntra,
be37b4fc-1759-42de-9aca-8cf5bb2ac373,2025-03-09,Gaming Payment,2842.05,Expense,Entertainment,Credit Card,Event,
5cd0c5b9-818d-4718-9668-c60a78f9b6f5,2025-03-09,Domino's Payment,1116.47,Expense,Food,Cash,Local Cafe,
db533ded-3806-4c5a-a6d3-7d36f96f0412,2025-03-09,Swiggy Payment,204.62,Expense,Food,Debit Card,Local Cafe,
8a016ee4-7590-496c-8b29-2e6c028ec2f8,2025-03-09,Misc Payment,574.16,Expense,Other,Debit Card,Gift,
93874606-8341-49c6-a8b4-dc2d7ad4edc3,2025-03-09,Jio Payment,2488.48,Expense,Bills,Credit Card,Jio,
f0d12da5-9dcc-466a-9e9b-85b513f57ce1,2025-03-09,Domino's Payment,810.38,Expense,Food,UPI,Swiggy,
edca5cde-0f72-45be-a8ad-f185bd3724cd,2025-03-09,Water Payment,918.18,Expense,Bills,UPI,Jio,
10193e5c-0805-4464-9a75-c84c5b422772,2025-03-09,Metro Payment,654.08,Expense,Travel,Cash,Uber,
789dfccf-4316-4dfd-b8d0-0835a906a12a,2025-03-10,Zomato Payment,1937.65,Expense,Food,Credit Card,Swiggy,
c836819c-f204-46e7-a6f2-618118e57111,2025-03-10,Domino's Payment,1176.08,Expense,Food,Debit Card,Swiggy,
77a7628d-ed8d-48b1-8aec-7cb99c9a8cec,2025-03-10,Flipkart Payment,5678.27,Expense,Shopping,Debit Card,Reliance Mart,
cd427721-87aa-4ede-9a74-4cd339608cf3,2025-03-10,Swiggy Payment,610.95,Expense,Food,Credit Card,Domino's,
8de0bf5e-60a2-4712-85be-3685e92e592e,2025-03-10,Gift Payment,680.03,Expense,Other,Debit Card,Gift,
39c84afc-f8eb-4ed3-9336-b03810fa7102,2025-03-11,Swiggy Payment,869.66,Expense,Food,Debit Card,Swiggy,
2fbab8ed-1ded-4511-a9a0-e9f76fe6b58c,2025-03-11,Donation Payment,72.8,Expense,Other,Debit Card,Misc,
62306582-e3bb-4031-a201-065241f00c63,2025-03-11,Gift Payment,905.2,Expense,Other,Cash,Donation,
0ed68c48-bff5-4faa-a6bd-d99d5198d85a,2025-03-11,Ola Payment,125.32,Expense,Travel,UPI,Uber,
51826849-0e40-40e1-801b-57ca93ad7772,2025-03-11,Myntra Payment,6598.16,Expense,Shopping,Debit Card,Local Store,
dbd2a631-866d-499e-be8a-8b525e494cfb,2025-03-11,Domino's Payment,434.52,Expense,Food,UPI,Swiggy,
aaeda892-c3cb-4177-96af-3c6050cd3aca,2025-03-12,Spotify Payment,880.54,Expense,Entertainment,UPI,Spotify,
a439c41e-82f0-4e62-b7b8-4f651378922c,2025-03-12,Flight Payment,598.24,Expense,Travel,Cash,Metro,
a354db1d-0d85-4294-ab92-2830bf87cc1b,2025-03-12,Ola Payment,960.31,Expense,Travel,UPI,Ola,
02e664da-57ad-4702-91d0-77bc47987e07,2025-03-12,Domino's Payment,1086.69,Expense,Food,Credit Card,Zomato,
d9b373aa-b147-4c8c-bcfa-c9e901f37537,2025-03-12,Amazon Payment,5183.39,Expense,Shopping,Debit Card,Amazon,
e9879b2c-02d7-4121-87e0-1b2e74b36723,2025-03-12,Reliance Mart Payment,6599.1,Expense,Shopping,Credit Card,Flipkart,
3dc82707-7b67-466a-a7f9-241d1a8980e7,2025-03-12,Gas Payment,4158.74,Expense,Bills,UPI,Airtel,
c28406b9-782f-4d8b-9a45-7a8bbe76a264,2025-03-12,Flight Payment,435.57,Expense,Travel,Cash,IRCTC,
6009cdce-58d8-4e11-9713-9b748ad2cf93,2025-03-12,IRCTC Payment,323.74,Expense,Travel,Debit Card,Metro,
836868d8-d590-44fc-819a-616914b19350,2025-03-12,Domino's Payment,1542.78,Expense,Food,Debit Card,Zomato,
58487541-586c-42be-8f82-298bf708d0e4,2025-03-13,Donation Payment,562.69,Expense,Other,Cash,Misc,
4c5e119f-2d90-4626-bafa-2f2f51e23e8a,2025-03-13,Local Cafe Payment,1078.39,Expense,Food,Cash,Domino's,
09ef1ae3-269f-46cc-a963-f3e95121c9d0,2025-03-13,Flight Payment,890.67,Expense,Travel,Cash,Metro,
0036350a-9984-4a87-b316-0f942312bb22,2025-03-13,Event Payment,1187.93,Expense,Entertainment,Cash,Netflix,
e085e1a6-33df-4115-b7a7-95819eb2dd47,2025-03-13,Spotify Payment,1018.75,Expense,Entertainment,UPI,Netflix,
12866263-98f7-48ae-aedb-ce4024899cc2,2025-03-13,Dentist Payment,257.08,Expense,Healthcare,Credit Card,PharmEasy,
985a757e-7b0a-4a62-80e2-de7154af60af,2025-03-14,Zomato Payment,1181.45,Expense,Food,Cash,Zomato,
de75e430-ce8d-47fe-bf4c-19f8b98fb1a6,2025-03-14,Starbucks Payment,256.39,Expense,Food,Cash,Domino's,
53121f63-319c-425e-bd3e-e16d421a7876,2025-03-14,Local Cafe Payment,334.63,Expense,Food,UPI,Swiggy,
7127adf8-2a6b-4852-b3c7-6cb3a69faf9c,2025-03-14,Uber Payment,856.76,Expense,Travel,Debit Card,Ola,
e65f1304-6e78-4f77-8771-b5b71f993786,2025-03-14,Event Payment,489.43,Expense,Entertainment,Credit Card,Netflix,
7555c94b-6d42-4d0a-916f-a2155cef2352,2025-03-14,Starbucks Payment,250.53,Expense,Food,Cash,Swiggy,
40fa381d-8b85-469e-b08a-8e090e2eb7b7,2025-03-15,Swiggy Payment,1690.45,Expense,Food,UPI,Local Cafe,
83c47f89-2d17-4005-8ff5-40f4a561f3dd,2025-03-15,Gift Payment,349.77,Expense,Other,Cash,Misc,
c628daff-e7e8-4d9c-9423-1a69e8249706,2025-03-15,PharmEasy Payment,2275.98,Expense,Healthcare,Cash,Dentist,
b3572bb4-b6a8-4b55-b994-0eba5388cc7a,2025-03-16,Swiggy Payment,1978.04,Expense,Food,UPI,Starbucks,
445ff361-f6fc-4359-8e51-2c326bc8654c,2025-03-16,Starbucks Payment,1046.16,Expense,Food,Debit Card,Zomato,
8d2b6d35-62eb-4248-ab77-54b90e87c08f,2025-03-16,Local Store Payment,8872.44,Expense,Shopping,UPI,Local Store,
79347876-b310-45e1-b025-83a867f909ae,2025-03-16,Metro Payment,641.36,Expense,Travel,Debit Card,Flight,
59d9d823-ffc1-43d5-96f0-19235c5b3bb7,2025-03-16,Uber Payment,709.74,Expense,Travel,UPI,Flight,
f896b571-72d6-45c5-af8d-c3aaa2419f25,2025-03-16,Starbucks Payment,1641.9,Expense,Food,Cash,Zomato,
53ac960b-1d9e-47db-8cff-50fd9b8e82c0,2025-03-16,Zomato Payment,292.85,Expense,Food,Cash,Swiggy,
a807d5c1-b2be-479b-957f-f907e6dead09,2025-03-16,Gas Payment,4365.23,Expense,Bills,Cash,Jio,
fcf92848-accf-4a5a-a5a0-30342fb45ad6,2025-03-17,Spotify Payment,322.52,Expense,Entertainment,Debit Card,PVR,
0396b45b-82ef-4770-85c2-92525835193a,2025-03-17,Zomato Payment,386.58,Expense,Food,UPI,Domino's,
dfd16665-3fc7-498c-a195-f5d92b59955e,2025-03-17,Reliance Mart Payment,1941.05,Expense,Shopping,Debit Card,Amazon,
aa5d4a86-ad77-40cb-a3fa-9d7e498e3617,2025-03-17,Local Clinic Payment,400.44,Expense,Healthcare,Debit Card,Local Clinic,
74787665-6359-4b43-9fee-4fbf714ce961,2025-03-17,Donation Payment,570.75,Expense,Other,Debit Card,Gift,
83616987-8a94-4962-9be8-934cac3c7a09,2025-03-17,Donation Payment,654.86,Expense,Other,Debit Card,Misc,
1670b86e-d65b-4902-93e2-00b53aefe1f1,2025-03-17,Donation Payment,102.64,Expense,Other,Credit Card,Misc,
bb016f39-3f92-4fa5-b6ba-2db9fa67f22e,2025-03-17,Metro Payment,346.9,Expense,Travel,UPI,Uber,
93caddda-5071-4a6c-bd81-ba667655ccb3,2025-03-17,Reliance Mart Payment,6263.31,Expense,Shopping,Debit Card,Flipkart,
bb168250-bdc4-4e57-a786-1f99a31eaf69,2025-03-17,Gas Payment,719.78,Expense,Bills,Cash,Electricity,
1586314a-8150-4bcc-b9ec-a1901354e660,2025-03-17,Starbucks Payment,1259.74,Expense,Food,Cash,Swiggy,
25672229-efca-4393-8166-6de72ade3bf4,2025-03-17,Uber Payment,863.69,Expense,Travel,Debit Card,IRCTC,
0048b347-6765-4c8f-b10f-1576d37238c1,2025-03-18,Myntra Payment,2657.29,Expense,Shopping,Debit Card,Local Store,
35b40c20-f95f-4422-9b74-49258854d8bb,2025-03-18,Local Clinic Payment,2592.28,Expense,Healthcare,Debit Card,PharmEasy,
b5e4e5d0-6fa7-4ec6-92fc-967d8eafb962,2025-03-18,Starbucks Payment,1282.63,Expense,Food,Cash,Zomato,
cde34bfd-8b6d-46db-8101-71367a8487af,2025-03-18,Spotify Payment,828.66,Expense,Entertainment,Debit Card,Gaming,
74c1ae36-c68d-40a7-8093-77e4d537f731,2025-03-18,Apollo Payment,968.09,Expense,Healthcare,Cash,Apollo,
0d9f7d07-6bb5-4e9e-85ef-35484d21f604,2025-03-18,Local Cafe Payment,1254.11,Expense,Food,Credit Card,Zomato,
185ca63e-14d2-4b7d-9cff-7a91bebda87e,2025-03-18,Misc Payment,637.13,Expense,Other,Credit Card,Gift,
4d89b8af-4313-4363-b8d4-6861d8628eaf,2025-03-18,Misc Payment,708.22,Expense,Other,Credit Card,Misc,
d03fcdae-c300-4d60-839d-43c9ad456a34,2025-03-19,Local Store Payment,1435.39,Expense,Shopping,UPI,Reliance Mart,
72e14820-2d5b-4ac9-9f80-697bd4717097,2025-03-19,Swiggy Payment,729.69,Expense,Food,Credit Card,Domino's,
b281e76f-4d97-4884-84de-2188cc93852c,2025-03-20,Misc Payment,296.39,Expense,Other,Credit Card,Donation,
bd325fa4-6e71-4cab-8d31-0ccb99793fa9,2025-03-20,Donation Payment,769.79,Expense,Other,UPI,Gift,
45b7d9db-c511-4ff4-b4ab-ef20c88e8371,2025-03-20,Local Cafe Payment,5984.45,Expense,Food,Debit Card,Zomato,
f6e0d562-830e-4010-ab1a-abe320a042d3,2025-03-20,IRCTC Payment,878.6,Expense,Travel,UPI,Flight,
781641b6-be57-4575-accd-a4c9662b7f9b,2025-03-20,Local Cafe Payment,304.97,Expense,Food,UPI,Zomato,
ce18fc3e-d9df-4043-b876-d8ba5e4ec413,2025-03-20,Jio Payment,1665.77,Expense,Bills,Credit Card,Water,
9539690f-a8d8-4d69-953b-3e3ca932bb17,2025-03-20,Local Store Payment,5478.05,Expense,Shopping,Credit Card,Amazon,
cc06a2e3-aeac-45db-9b9f-f04d6d4a4977,2025-03-21,Local Cafe Payment,856.08,Expense,Food,Debit Card,Swiggy,
d4cc770a-e0d8-47db-986d-66c0643ccb69,2025-03-21,Electricity Payment,4332.5,Expense,Bills,UPI,Jio,
58eb1df6-8aac-4e27-b505-380b9dad7bf2,2025-03-21,IRCTC Payment,117.65,Expense,Travel,Debit Card,Uber,
ebb41e90-d150-4e4f-bdfd-e5fe1f9013d7,2025-03-21,Myntra Payment,4081.28,Expense,Shopping,Debit Card,Amazon,
4650ba3d-2bd8-472e-844b-805daba7060f,2025-03-21,Gift Payment,632.27,Expense,Other,Cash,Donation,
1254082a-7f52-4dfb-91f1-bbd8e4daf248,2025-03-21,Event Payment,822.84,Expense,Entertainment,Debit Card,Spotify,
fadcc35f-c15b-4ae6-91d3-a881a3b4d6a3,2025-03-21,Flipkart Payment,5578.71,Expense,Shopping,Credit Card,Flipkart,
3280c594-0312-4288-a3b4-091cf59b170f,2025-03-21,Myntra Payment,7238.85,Expense,Shopping,UPI,Reliance Mart,
78362935-4388-48b6-9e13-02592dafbfd8,2025-03-22,Uber Payment,618.58,Expense,Travel,UPI,IRCTC,
491e80e0-b63c-48a3-beab-32d3adeb701d,2025-03-22,Zomato Payment,1994.17,Expense,Food,Credit Card,Swiggy,
f300d3a0-0811-4adf-9881-14c928f98990,2025-03-22,Spotify Payment,322.26,Expense,Entertainment,Debit Card,Netflix,
652b4db6-563d-4f14-9484-2da520b54c38,2025-03-22,Flipkart Payment,3258.44,Expense,Shopping,Debit Card,Reliance Mart,
f125cc74-90c0-4304-ad42-b778964c6f62,2025-03-22,Zomato Payment,448.78,Expense,Food,UPI,Zomato,
2a107114-8592-4b7c-ac8a-098130c45989,2025-03-22,Starbucks Payment,250.99,Expense,Food,Debit Card,Starbucks,
b1c47af7-ca91-44cf-a689-70b65c43e598,2025-03-22,Gaming Payment,829.63,Expense,Entertainment,Credit Card,Event,
c810822e-fb14-46ee-8dca-6c7cba18df6f,2025-03-22,Gaming Payment,549.82,Expense,Entertainment,Cash,Spotify,
95eb7f96-25a4-4966-aa13-cbf26e4bb8af,2025-03-22,Ola Payment,441.56,Expense,Travel,UPI,Flight,
542add87-a7fa-42a3-a02e-0d800aef23af,2025-03-22,Zomato Payment,1832.04,Expense,Food,Credit Card,Starbucks,
d45841db-caf6-4c73-9148-440d488adce7,2025-03-22,Donation Payment,714.68,Expense,Other,Debit Card,Donation,
1379f5b5-cb8e-4e27-80ad-19710eac4cff,2025-03-23,Donation Payment,628.43,Expense,Other,UPI,Gift,
b7f52c44-2352-44ba-a7a6-eda3a9a6137d,2025-03-23,Gift Payment,67.25,Expense,Other,UPI,Misc,
72558bf4-c636-4163-a3c1-0b8a3f8875fe,2025-03-23,Flight Payment,326.66,Expense,Travel,Debit Card,Metro,
46c80016-9a27-4229-94bb-9289326b1352,2025-03-23,Local Cafe Payment,475.74,Expense,Food,Debit Card,Zomato,
24f583bb-aa54-4ad2-9848-697833f06ab1,2025-03-23,Reliance Mart Payment,4092.14,Expense,Shopping,Credit Card,Amazon,
70787b86-a79e-4e9c-9e28-5692f66b35ce,2025-03-23,Reliance Mart Payment,6333.05,Expense,Shopping,Debit Card,Amazon,
a778b087-2cc1-45f6-b6f6-2775e54b9a6e,2025-03-23,Domino's Payment,310.2,Expense,Food,Cash,Local Cafe,
6982ff7c-446e-4c62-bdeb-08e876a03cb4,2025-03-23,Misc Payment,312.63,Expense,Other,Credit Card,Misc,
3e3e3c0a-aab1-45b0-9510-a49e20f99832,2025-03-23,Flight Payment,827.0,Expense,Travel,Debit Card,Flight,
b85f8bcb-fbf5-4eb4-92b8-860a81a72857,2025-03-23,Donation Payment,835.39,Expense,Other,Credit Card,Donation,
2c1afdff-5b7b-4c75-98c2-2cc343c13d13,2025-03-23,Local Clinic Payment,617.31,Expense,Healthcare,Debit Card,Dentist,
953ef634-5474-4e66-899e-05b12da03f23,2025-03-23,Gift Payment,906.04,Expense,Other,Cash,Gift,
399e450c-4cf0-4711-8681-5b0beae5a9bb,2025-03-23,Netflix Payment,722.73,Expense,Entertainment,Debit Card,Gaming,
bdfe03fd-c2ea-4dbd-949f-5103804bd8fb,2025-03-23,Zomato Payment,964.16,Expense,Food,UPI,Local Cafe,
7889f7ca-19ed-47d8-b1cb-26dd66176578,2025-03-24,Water Payment,3167.71,Expense,Bills,Debit Card,Electricity,
1ccfc557-0894-436d-8610-26ee93956c20,2025-03-24,Apollo Payment,3822.25,Expense,Healthcare,Credit Card,Dentist,
9be5a033-3bf6-4159-bac2-490186759d3e,2025-03-24,Donation Payment,870.96,Expense,Other,Debit Card,Misc,
032aac7d-61ef-4190-b29c-98e972e1bad9,2025-03-24,Gift Payment,587.57,Expense,Other,Cash,Misc,
130d3472-87a7-4717-9542-b068a0d5dda4,2025-03-24,Dentist Payment,1189.33,Expense,Healthcare,UPI,Apollo,
b2e282dc-dce6-4b6d-85af-872d6ccb4474,2025-03-24,Misc Payment,263.11,Expense,Other,Cash,Misc,
624423e1-8acf-473d-98df-ed2a6f8e796f,2025-03-24,Ola Payment,222.12,Expense,Travel,Credit Card,Ola,
1f746b97-41d4-4cde-81cc-4d16f9013f7a,2025-03-24,Amazon Payment,7785.0,Expense,Shopping,Credit Card,Flipkart,
d0df561a-d53a-4e7d-abfb-cd0918dbe3af,2025-03-25,Gift Payment,507.54,Expense,Other,Cash,Donation,
fe14338e-61ae-45c5-80a8-34f8f362fd69,2025-03-25,Flight Payment,947.66,Expense,Travel,Credit Card,Metro,
97525386-244e-4a5d-8ef2-67d818645fc3,2025-03-25,Zomato Payment,793.06,Expense,Food,Credit Card,Swiggy,
50c29e88-a32a-4b85-afbb-632c509c7998,2025-03-25,Donation Payment,858.61,Expense,Other,Cash,Gift,
1ed38da3-728d-4fe1-9511-e896974b4232,2025-03-25,Ola Payment,347.91,Expense,Travel,Debit Card,Uber,
15ebde71-6259-4d09-812f-ee45ab78917f,2025-03-25,Zomato Payment,181.97,Expense,Food,UPI,Starbucks,
068d253e-1bec-46c2-8434-7c6cd5594cee,2025-03-26,Gift Payment,983.35,Expense,Other,UPI,Gift,
c6e0ae08-4533-48f2-ba83-994a551d2c23,2025-03-26,Domino's Payment,1698.32,Expense,Food,Debit Card,Swiggy,
1e2f7b64-b6bd-4005-97f8-7dabb64ad0b2,2025-03-26,Donation Payment,451.34,Expense,Other,Credit Card,Gift,
4c8cc13b-a92e-49bd-8d0f-f50ba3c2c356,2025-03-26,Airtel Payment,4320.05,Expense,Bills,Credit Card,Airtel,
10d71175-c4cd-4f13-a29a-858f9a3e9862,2025-03-26,Swiggy Payment,344.75,Expense,Food,Debit Card,Swiggy,
3fb26c43-63a9-408b-b2e3-5553d99bff3a,2025-03-26,Starbucks Payment,760.89,Expense,Food,Debit Card,Zomato,
3fee2eae-7412-4808-a0c2-1a732e660e18,2025-03-27,Donation Payment,584.94,Expense,Other,Credit Card,Donation,
90a568b3-bbbf-49cb-996e-54955a5034a4,2025-03-27,Water Payment,3057.36,Expense,Bills,Cash,Jio,
2860af85-1627-45dc-ae40-d12cf10ed3bc,2025-03-27,Reliance Mart Payment,4044.65,Expense,Shopping,Cash,Local Store,
8401b728-7a15-4959-9246-5330880c709c,2025-03-27,Local Cafe Payment,1573.95,Expense,Food,Credit Card,Domino's,
0c512312-8bb7-416d-a7e5-670b02951cc6,2025-03-27,Reliance Mart Payment,5965.01,Expense,Shopping,UPI,Flipkart,
ef3d1d93-47c9-4065-82e5-f936c662ee67,2025-03-27,Apollo Payment,2177.57,Expense,Healthcare,Credit Card,PharmEasy,
13376d50-7bda-4d0a-a2fa-a7050d35f851,2025-03-27,Airtel Payment,3169.29,Expense,Bills,Debit Card,Jio,
976c24fb-ace4-4016-9d5f-80d56c0450a0,2025-03-28,Gift Payment,823.8,Expense,Other,Cash,Donation,
3373ec12-5fd5-4066-a5d4-a2f93ec4f14b,2025-03-28,Local Store Payment,2976.41,Expense,Shopping,Cash,Amazon,
935c706e-660b-418f-8341-a7514b96337e,2025-03-28,Uber Payment,884.4,Expense,Travel,Debit Card,IRCTC,
6d0acef4-7c20-4859-89c0-d8e05d3d9493,2025-03-28,PharmEasy Payment,4206.63,Expense,Healthcare,Debit Card,Dentist,
0fd4ce0e-a399-485c-9c8a-db4261e8321d,2025-03-28,Local Cafe Payment,420.74,Expense,Food,Cash,Zomato,
9eab8f88-0e2a-4ac1-962c-f80e5e966582,2025-03-28,Swiggy Payment,1414.26,Expense,Food,UPI,Swiggy,
af4360bd-56a2-4de9-a6e3-f2cedbd25c88,2025-03-28,Domino's Payment,1921.17,Expense,Food,UPI,Domino's,
bb899a18-3f49-4e62-85c1-61dfa80c013b,2025-03-28,Airtel Payment,3169.7,Expense,Bills,Credit Card,Water,
0f301474-0da1-4014-b467-99868a4e4496,2025-03-28,Electricity Payment,2556.93,Expense,Bills,Cash,Jio,
175352ce-f515-403c-b2d9-c33dc1a6b0c1,2025-03-29,Misc Payment,950.64,Expense,Other,Credit Card,Gift,
bb1aaa57-e781-4659-910c-e93b299992bf,2025-03-29,Gift Payment,665.57,Expense,Other,Credit Card,Gift,
b17bfb50-9a12-48c9-9100-2cb1c7dc7ddf,2025-03-29,Uber Payment,659.8,Expense,Travel,Debit Card,Metro,
d67cc71e-2a0d-4b89-b0dd-bf3d5e17c10a,2025-03-29,Misc Payment,709.42,Expense,Other,Credit Card,Misc,
2fa016a0-54ec-42f0-a857-bb5b79bdd098,2025-03-29,Flipkart Payment,6378.83,Expense,Shopping,Credit Card,Amazon,
8e9b288f-330a-4697-8168-32c84f7c3ff1,2025-03-29,Water Payment,4371.62,Expense,Bills,Cash,Jio,
422652fe-fad5-4584-886e-8ca2652c7ae2,2025-03-29,Donation Payment,430.83,Expense,Other,UPI,Donation,
6c34ea2b-0594-41d1-a01f-3fba19eb847c,2025-03-29,Local Store Payment,8714.18,Expense,Shopping,UPI,Local Store,
a09f1f0b-f6e0-433e-b00f-e9f1a563cf13,2025-03-30,Misc Payment,923.37,Expense,Other,Cash,Donation,
179a7b6d-ade6-4ec8-95d9-2e5f731b2cf6,2025-03-30,Zomato Payment,1706.86,Expense,Food,Debit Card,Zomato,
3f557330-12f2-452d-b106-d730d2e38683,2025-03-30,IRCTC Payment,838.56,Expense,Travel,Debit Card,IRCTC,
90d5cd42-fc3c-414a-80fb-561d0aea1c5a,2025-03-30,Domino's Payment,1939.42,Expense,Food,UPI,Local Cafe,
660df8d5-1f0d-4f4f-9d9f-7f96977eb5f5,2025-03-30,Misc Payment,297.16,Expense,Other,UPI,Donation,
78d0cb53-c3cd-4cc5-90fe-8ecfca9fa193,2025-03-31,Reliance Mart Payment,7208.6,Expense,Shopping,Cash,Reliance Mart,
0c89bab7-b43b-4f1e-bbbc-d2aa520b8177,2025-03-31,Donation Payment,733.18,Expense,Other,Debit Card,Misc,
b17a5237-a49e-4a71-9de9-d2718e0360b9,2025-03-31,IRCTC Payment,575.48,Expense,Travel,Debit Card,Ola,
59c8b3b2-c777-44ac-80ec-84170c82df29,2025-03-31,Misc Payment,688.61,Expense,Other,Debit Card,Gift,
6c1cbee4-2c63-45a1-85a8-daec882edbee,2025-03-31,Misc Payment,72.27,Expense,Other,Credit Card,Gift,
da96330f-7a6c-4b23-bd1a-004a4e119518,2025-03-31,IRCTC Payment,677.79,Expense,Travel,Credit Card,Ola,
57aab252-b4fc-4e7d-9f9a-8e1d8b793c03,2025-03-31,Domino's Payment,1174.02,Expense,Food,Credit Card,Local Cafe,
e7ec1e23-ca8f-417f-bff0-2c2fb62b82ca,2025-03-31,Local Clinic Payment,3578.68,Expense,Healthcare,UPI,Apollo,
2aa70915-f3af-4ada-8435-1fd493949245,2025-03-31,Water Payment,1373.56,Expense,Bills,Cash,Water,
52afc1f1-d5af-4bdb-9f62-8658e90c17d7,2025-03-31,PVR Payment,227.24,Expense,Entertainment,Cash,PVR,
aa417a84-3546-4f0a-8ccd-6ebd7c86591f,2025-03-31,Amazon Payment,4105.63,Expense,Shopping,UPI,Myntra,
4c57c900-1a25-4ac9-a9a2-be5a46c70824,2025-03-31,Myntra Payment,1026.67,Expense,Shopping,Credit Card,Myntra,
a26112cf-64c0-4a34-aacb-5ec77a02f08c,2025-04-01,PharmEasy Payment,723.34,Expense,Healthcare,UPI,PharmEasy,
c608c334-627d-4dcf-9232-eea6a83e1992,2025-04-01,Domino's Payment,1947.85,Expense,Food,Cash,Domino's,
754846ba-baed-49a1-9a7e-49e3a2c0ccb1,2025-04-01,Misc Payment,787.07,Expense,Other,Cash,Gift,
fd9a95b6-b077-4b9a-87f6-456ed420123e,2025-04-01,Misc Payment,284.9,Expense,Other,Debit Card,Misc,
3b2f4d4d-6c08-4fef-a5cb-02acb18108ac,2025-04-01,Monthly Salary,67843.59,Income,Salary,Bank Transfer,Employer,Regular Income
4c07c692-7b9a-4203-b4bf-adace865ccab,2025-04-01,Misc Payment,639.69,Expense,Other,UPI,Donation,
1a9b9656-9928-46dd-ba58-f1a72286c1e2,2025-04-01,Apollo Payment,4994.21,Expense,Healthcare,Cash,Apollo,
2bb07a17-fdf6-4399-a093-551476ff8c18,2025-04-01,Local Cafe Payment,1300.25,Expense,Food,Cash,Starbucks,
aad8a834-9bee-45b3-a15b-fd04745a96d6,2025-04-01,Misc Payment,476.59,Expense,Other,Credit Card,Misc,
8cc08d5c-069c-4b2d-bf69-69a36f2c4366,2025-04-02,Gift Payment,659.61,Expense,Other,Debit Card,Misc,
b70d4bd0-a3cf-42be-8e0c-7f71bf033443,2025-04-02,Donation Payment,337.24,Expense,Other,Cash,Gift,
8ce47892-8f83-4eec-a496-e2f3ca9451c9,2025-04-02,Local Cafe Payment,620.4,Expense,Food,Credit Card,Domino's,
01c4ecd4-84b0-4cac-8397-4edf62976ef2,2025-04-02,Electricity Payment,4134.65,Expense,Bills,Debit Card,Jio,
0d719a6b-1f52-43da-8133-4382d8a2707f,2025-04-03,Gas Payment,1419.58,Expense,Bills,Cash,Water,
300ad581-bb73-4b85-ace0-dfa588d11b94,2025-04-03,Local Cafe Payment,620.31,Expense,Food,Debit Card,Starbucks,
f69f2337-bed8-490e-a386-c15819b66b39,2025-04-03,Flight Payment,872.14,Expense,Travel,Cash,Ola,
3e42eb76-b2f1-417d-94eb-c93287fad773,2025-04-03,Uber Payment,691.85,Expense,Travel,Debit Card,Flight,
191aad96-a399-4a9a-b498-19cf7c376b4e,2025-04-03,Misc Payment,977.03,Expense,Other,Cash,Gift,
03f6be5b-907e-4254-adb1-24c17ea871e2,2025-04-04,Uber Payment,261.7,Expense,Travel,Credit Card,Flight,
21d829df-ad2d-4145-bc94-04cefac909bf,2025-04-04,Swiggy Payment,1658.81,Expense,Food,UPI,Zomato,
172cfeb0-41c3-4b52-bc0c-623aace4025d,2025-04-05,PVR Payment,704.73,Expense,Entertainment,Debit Card,Netflix,
d10409be-0d7f-4093-b3dd-eb3a951b6b84,2025-04-05,Flight Payment,587.31,Expense,Travel,Cash,IRCTC,
5024f4cc-53e5-4608-8257-d7662fd75b3c,2025-04-05,Starbucks Payment,1458.25,Expense,Food,UPI,Zomato,
83016680-e82a-4799-8100-26edc1f7b6d4,2025-04-05,Gas Payment,3163.14,Expense,Bills,Debit Card,Gas,
616f2800-129a-4398-840d-bfe7cf5361fd,2025-04-05,Swiggy Payment,975.41,Expense,Food,UPI,Domino's,
b1e13910-81ab-493d-b028-1fd0dde8fe18,2025-04-05,Donation Payment,807.12,Expense,Other,UPI,Gift,
fddbbcce-63dc-40dc-b1c1-b0334e93bb9d,2025-04-05,Ola Payment,186.45,Expense,Travel,Credit Card,IRCTC,
bd47dd49-ecff-4002-8990-901af613b789,2025-04-05,Zomato Payment,1579.52,Expense,Food,UPI,Swiggy,
bffa9ba5-e3e0-4256-8a95-0400a13fead4,2025-04-05,IRCTC Payment,175.36,Expense,Travel,Credit Card,Metro,
d31583e0-822a-4233-b1c5-ff797e498bc5,2025-04-05,Gaming Payment,1467.17,Expense,Entertainment,Credit Card,Event,
8a4671c3-b36c-461d-b159-42e48021c5d9,2025-04-05,Reliance Mart Payment,4011.59,Expense,Shopping,Cash,Amazon,
df7b7a7f-0736-44b4-9546-f51afe82837a,2025-04-05,Gaming Payment,2386.68,Expense,Entertainment,UPI,PVR,
f654bb1e-be91-434f-96cc-e983db241a76,2025-04-06,Amazon Payment,3673.52,Expense,Shopping,Cash,Reliance Mart,
7ac45b7e-1f20-49fb-888a-d4dd5922b525,2025-04-06,Myntra Payment,7739.34,Expense,Shopping,Debit Card,Amazon,
2c358692-96ac-4b9c-83f8-ee6b206c8f94,2025-04-06,Local Clinic Payment,2395.89,Expense,Healthcare,Cash,PharmEasy,
6a440fc6-f14a-443b-94da-b4d683327a79,2025-04-06,Donation Payment,850.43,Expense,Other,Debit Card,Donation,
db9be5b4-6d9d-4aec-acd9-905093394ce6,2025-04-07,Reliance Mart Payment,8798.31,Expense,Shopping,Debit Card,Myntra,
ef832f86-8893-4b18-af15-f28c3cbf3e87,2025-04-08,Myntra Payment,5924.67,Expense,Shopping,Cash,Flipkart,
56b67890-9aa9-4948-beac-4cf149c244f8,2025-04-08,Airtel Payment,1359.09,Expense,Bills,Credit Card,Gas,
90322e05-fdb9-4974-9df4-1b803ea83ef5,2025-04-08,Amazon Payment,6933.24,Expense,Shopping,Cash,Local Store,
47056d65-8c36-429e-99a5-17ad2b403d0e,2025-04-08,Zomato Payment,1733.66,Expense,Food,UPI,Starbucks,
a26b9cd4-13d9-476e-bba1-677084879946,2025-04-08,Zomato Payment,1040.36,Expense,Food,UPI,Zomato,
1b4036b5-0144-4df9-b424-d55b8fedcafc,2025-04-08,Swiggy Payment,705.0,Expense,Food,Debit Card,Swiggy,
bd755b3d-6708-4851-b8e8-7714171a00b1,2025-04-08,Flight Payment,943.35,Expense,Travel,Debit Card,Metro,
4250b942-2b6f-468d-945d-fcba981a2e2a,2025-04-09,Zomato Payment,1886.59,Expense,Food,Debit Card,Local Cafe,
294fa8ff-ec88-4b11-bcc0-062862aa252f,2025-04-09,Apollo Payment,3033.04,Expense,Healthcare,Credit Card,PharmEasy,
7a204196-1f88-4988-9efb-511de3e57ec2,2025-04-09,Domino's Payment,1902.19,Expense,Food,Cash,Swiggy,
3320655d-0860-4b85-8357-f2e53f3b43d1,2025-04-09,Gift Payment,537.33,Expense,Other,UPI,Donation,
c96dbf24-d78d-4fb0-af12-eafebb0311b4,2025-04-09,Domino's Payment,1137.43,Expense,Food,Cash,Zomato,
2bcbf210-9e7b-4e13-9733-a2f0812faf28,2025-04-09,Spotify Payment,2045.64,Expense,Entertainment,Credit Card,Gaming,
07001092-68d4-4986-b287-0eabe3c9d4dc,2025-04-09,Gaming Payment,2580.93,Expense,Entertainment,Credit Card,Netflix,
465de7f2-abdf-45e6-a84c-87027995ebe4,2025-04-09,Uber Payment,697.71,Expense,Travel,Cash,Flight,
7b1bb129-6426-4963-9622-a179289f4941,2025-04-09,Ola Payment,57.34,Expense,Travel,Cash,Flight,
6ab0ac6a-b374-4b63-bfa7-559e8325490d,2025-04-09,Ola Payment,866.07,Expense,Travel,UPI,Ola,
7bb42250-443e-444e-90f8-6b63d445f502,2025-04-09,Myntra Payment,9147.41,Expense,Shopping,UPI,Myntra,
a274ff88-a71b-45ad-be03-bef5d2bc3f43,2025-04-10,Donation Payment,283.67,Expense,Other,UPI,Misc,
496ad4ba-8ae1-4f98-a4d4-9c49271ffc97,2025-04-10,Reliance Mart Payment,8719.7,Expense,Shopping,Cash,Myntra,
3c47a562-b334-469d-b833-fd8f81e175a4,2025-04-10,Domino's Payment,1649.73,Expense,Food,Cash,Local Cafe,
d364a210-37ce-4ae0-8b4b-4d01304a388f,2025-04-10,Spotify Payment,2395.94,Expense,Entertainment,Cash,Gaming,
5a7e1ce5-944c-4900-bcfa-538919f839c8,2025-04-10,IRCTC Payment,735.63,Expense,Travel,UPI,IRCTC,
6593433c-7aa5-4ff4-a9e9-bd11e62e7559,2025-04-10,Donation Payment,258.32,Expense,Other,UPI,Gift,
8d404f97-ee32-4b11-bf5d-b3773871ed87,2025-04-11,Flight Payment,218.08,Expense,Travel,Credit Card,Metro,
78b07bc6-bb3c-49e1-a6d1-4056469c9e93,2025-04-11,Zomato Payment,1799.1,Expense,Food,UPI,Domino's,
b3b465c7-2d99-4dbf-86f9-5ceda88f3672,2025-04-11,Swiggy Payment,620.91,Expense,Food,Credit Card,Domino's,
acded472-d484-4010-9e28-f00467b20a9a,2025-04-11,Domino's Payment,645.7,Expense,Food,UPI,Domino's,
63da0566-e159-4d24-9639-1750cdd7ee8f,2025-04-11,PVR Payment,2917.81,Expense,Entertainment,Cash,Gaming,
92508435-5d60-4a0a-be5f-9be8f41c695f,2025-04-11,Gift Payment,223.84,Expense,Other,Cash,Donation,
4e5cedce-9392-4662-ae41-737637c157f8,2025-04-11,Ola Payment,720.86,Expense,Travel,Debit Card,Metro,
93ad2e42-9536-4e8c-9262-a0e8502f4973,2025-04-11,Donation Payment,476.98,Expense,Other,Debit Card,Misc,
442d9bc3-45c5-4014-84fe-5177430b9139,2025-04-12,Netflix Payment,322.58,Expense,Entertainment,Credit Card,Netflix,
5dbebd01-0909-4de3-8bd0-219049f9c0f2,2025-04-12,Misc Payment,412.32,Expense,Other,Cash,Misc,
12f96776-9845-45cb-a46c-66b1e0858722,2025-04-12,Misc Payment,96.58,Expense,Other,Debit Card,Gift,
09f0fe0a-620a-4ee8-a65c-f3cb7362a83b,2025-04-12,Gaming Payment,2499.01,Expense,Entertainment,Debit Card,Spotify,
62538f80-44e6-405c-b328-159d6c5ea717,2025-04-12,Zomato Payment,388.77,Expense,Food,UPI,Local Cafe,
94177e3a-815b-40d5-919c-52c6a1d9376c,2025-04-13,Misc Payment,272.51,Expense,Other,Credit Card,Misc,
3b159cc8-7401-413b-a80a-71fce563ee3d,2025-04-13,Spotify Payment,1861.98,Expense,Entertainment,Debit Card,Netflix,
32649d16-dd64-4e16-b10e-4b5cdbe317e2,2025-04-13,Gaming Payment,347.19,Expense,Entertainment,Cash,Spotify,
c5f95c8d-e184-4616-b077-0bef5b0507e8,2025-04-13,Starbucks Payment,715.94,Expense,Food,Cash,Local Cafe,
2fbe709c-fd5e-4891-b65e-da204a36c69a,2025-04-13,PVR Payment,613.05,Expense,Entertainment,Debit Card,PVR,
79c079e0-28e8-4c2d-bdcd-a62603954c98,2025-04-13,PharmEasy Payment,4403.92,Expense,Healthcare,Debit Card,Apollo,
aa7fbb65-7ed9-46da-a3ed-ecc96f75247d,2025-04-13,Metro Payment,247.98,Expense,Travel,Debit Card,Flight,
f5a99f63-5cc7-463a-95b5-57a6a1470aba,2025-04-13,Zomato Payment,537.01,Expense,Food,Debit Card,Domino's,
760135f0-a67c-455f-96c3-645a501a6d7e,2025-04-13,Metro Payment,199.71,Expense,Travel,Cash,Metro,
8e5d292f-6525-4e5b-ab9e-63e5c5bff68c,2025-04-13,Domino's Payment,1365.24,Expense,Food,Credit Card,Swiggy,
5e623987-feab-45a6-a58e-a00e3f3ad661,2025-04-14,Swiggy Payment,1227.99,Expense,Food,UPI,Local Cafe,
efc92078-d4cc-4dc6-af85-947d62d6c26f,2025-04-14,Misc Payment,221.63,Expense,Other,Cash,Donation,
71494c5f-c052-4fdb-a5de-78410b191bc3,2025-04-14,Event Payment,1395.81,Expense,Entertainment,Cash,Event,
8b8edde0-4b9d-4bbf-b303-38fc846189b0,2025-04-14,Donation Payment,122.78,Expense,Other,UPI,Donation,
d71855ee-2aed-4a6d-87e8-1e8785104c6d,2025-04-14,Gaming Payment,1449.02,Expense,Entertainment,UPI,PVR,
e62a5a01-b00d-475a-b934-3427463287b5,2025-04-14,Misc Payment,987.32,Expense,Other,Cash,Donation,
687ae5bd-01df-4a6f-a841-1841991e90b9,2025-04-14,Gift Payment,220.21,Expense,Other,Cash,Gift,
9ef41632-d1f4-49f1-9295-2ac3816d41a0,2025-04-14,Donation Payment,837.99,Expense,Other,Debit Card,Donation,
0678e792-5a9b-4fbf-b498-2cb5b0bc1e81,2025-04-14,Donation Payment,53.92,Expense,Other,UPI,Misc,
a629c0ab-10f4-41c0-b8ed-baae74b5338b,2025-04-14,Local Cafe Payment,973.68,Expense,Food,UPI,Starbucks,
f71032df-a6e3-429a-9046-c21d143792cd,2025-04-14,Flight Payment,459.08,Expense,Travel,Debit Card,IRCTC,
513bc22e-9287-4e2c-84c7-6245554d48b3,2025-04-14,Local Cafe Payment,762.54,Expense,Food,Credit Card,Local Cafe,
eff606ea-87a1-4455-860d-287971c47e1c,2025-04-15,Netflix Payment,364.96,Expense,Entertainment,UPI,Spotify,
c4064ee8-fa60-4dd1-8be4-d1be3c47d6fe,2025-04-15,Metro Payment,114.88,Expense,Travel,Credit Card,Uber,
2911e46b-db1f-49d2-bbe1-649edefdee9b,2025-04-15,Metro Payment,186.85,Expense,Travel,Cash,Metro,
7958de2b-01bf-4119-9aab-035109534249,2025-04-15,PVR Payment,420.52,Expense,Entertainment,UPI,PVR,
4155bad2-05e6-41f0-ac36-754969fccef7,2025-04-16,Gift Payment,150.98,Expense,Other,Credit Card,Donation,
884f8933-2a66-422a-819d-55c70b5c3d9c,2025-04-16,Gift Payment,620.8,Expense,Other,Debit Card,Misc,
54e469a0-b458-4574-a3df-6761a6cd37e6,2025-04-16,Misc Payment,791.25,Expense,Other,Cash,Gift,
efb35b51-cdb8-4dd8-a040-62775ea97a5c,2025-04-16,Misc Payment,442.26,Expense,Other,Debit Card,Misc,
3eb93412-2679-443a-ae0f-475840ab80a8,2025-04-17,Local Cafe Payment,507.74,Expense,Food,Debit Card,Domino's,
90f605b9-1f38-4cab-af84-642c2051296e,2025-04-17,Flight Payment,455.75,Expense,Travel,UPI,Metro,
c11ec8bf-ff96-4273-85f0-0f8b6c958fa7,2025-04-17,Gift Payment,485.6,Expense,Other,Debit Card,Gift,
0ea84580-9f2e-4616-aa04-d6f7083c1d9d,2025-04-17,Local Cafe Payment,451.02,Expense,Food,Debit Card,Domino's,
986fa425-733a-4318-abbf-4ac33af39be2,2025-04-17,Local Cafe Payment,1118.94,Expense,Food,Cash,Zomato,
b03f40bd-66ca-497f-84d8-b4ad6efb2c40,2025-04-17,Flipkart Payment,2824.58,Expense,Shopping,Credit Card,Local Store,
21a70fcf-317e-4c8b-982d-d14f6b3e13f3,2025-04-17,Local Cafe Payment,1594.65,Expense,Food,UPI,Domino's,
95f07954-628b-4879-9f03-13432b63c260,2025-04-17,Metro Payment,826.53,Expense,Travel,UPI,Metro,
556f968d-bc7b-49e9-9373-2731f13ddd46,2025-04-17,Jio Payment,1456.58,Expense,Bills,Debit Card,Water,
058eff23-5d12-4c71-b3b3-71824a9b19a5,2025-04-17,Misc Payment,666.52,Expense,Other,Debit Card,Misc,
80780d74-67e2-4c4d-9d01-1bddd96f3a5e,2025-04-17,Event Payment,1481.92,Expense,Entertainment,UPI,Gaming,
227b539d-c2db-499d-9498-ff932c4662d5,2025-04-18,Electricity Payment,2612.29,Expense,Bills,Debit Card,Water,
14bcd3b8-30ce-407f-990b-dfc64a30193e,2025-04-18,Donation Payment,225.53,Expense,Other,Debit Card,Donation,
70466b1a-a219-49e4-ac70-b0b7e36d308a,2025-04-18,Gaming Payment,2333.53,Expense,Entertainment,Credit Card,Netflix,
18c3ef87-d9d6-42a9-9ef8-08be57fc1d6b,2025-04-18,Zomato Payment,1871.63,Expense,Food,UPI,Starbucks,
8c7a76ea-6a98-4d7f-a82b-877e77c51347,2025-04-18,Donation Payment,116.25,Expense,Other,UPI,Gift,
f2947b0d-842f-4ef0-b408-72e4493ba655,2025-04-18,Local Cafe Payment,1112.63,Expense,Food,Credit Card,Swiggy,
cc28cf4c-4996-4410-ad4f-dbeb0e349783,2025-04-19,Gift Payment,245.13,Expense,Other,Debit Card,Misc,
001f94c2-7ef9-4b78-a5a5-f0a1b682df2a,2025-04-19,Uber Payment,569.77,Expense,Travel,Cash,Uber,
268a63d9-60bb-4c74-8c3e-7cff4641fd27,2025-04-19,Starbucks Payment,226.96,Expense,Food,Cash,Swiggy,
f54e45b8-d785-40c7-a11e-8c0c40ee1435,2025-04-20,Swiggy Payment,194.3,Expense,Food,Debit Card,Local Cafe,
d5d8edaa-4549-449f-89d1-43a0092e7735,2025-04-20,Local Cafe Payment,1637.18,Expense,Food,Credit Card,Swiggy,
c8df701f-f914-4a79-beca-01d8ba32e006,2025-04-20,Gaming Payment,2314.68,Expense,Entertainment,Debit Card,Event,
0643e1d2-d58f-4fbf-8f1d-8cf63717847f,2025-04-20,Flipkart Payment,6446.13,Expense,Shopping,Cash,Local Store,
8a61fd98-036f-4f17-a632-2d1fcb41550f,2025-04-20,PVR Payment,2039.07,Expense,Entertainment,Credit Card,Spotify,
628c0255-0477-41d1-a3c7-69a2300857d0,2025-04-20,Local Clinic Payment,4634.65,Expense,Healthcare,Debit Card,Dentist,
9ea8d3c9-5521-4871-b249-e77e73d94d69,2025-04-20,Flipkart Payment,36498.5,Expense,Shopping,Debit Card,Reliance Mart,
1f45b9e6-1b3a-4073-94a8-c28182666797,2025-04-20,Misc Payment,191.64,Expense,Other,Debit Card,Misc,
a4fd3a1f-0952-4b4f-86cb-4cef7fc8ee9f,2025-04-20,Gas Payment,4992.68,Expense,Bills,Cash,Gas,
daf9515c-aa24-4586-8b11-6cee72d8192d,2025-04-20,Metro Payment,979.77,Expense,Travel,Debit Card,Uber,
d43c64b8-e43d-4bff-8a48-2a611a5de746,2025-04-21,Spotify Payment,683.86,Expense,Entertainment,Debit Card,Gaming,
6c6e6ce4-6bde-4c8a-8698-097aa23ee612,2025-04-21,Ola Payment,817.44,Expense,Travel,Credit Card,Uber,
b3961ae4-85df-4805-9066-6113653e11fe,2025-04-21,Starbucks Payment,1424.37,Expense,Food,Debit Card,Local Cafe,
c36124a2-a235-417a-8931-ec4699e5f15c,2025-04-22,Starbucks Payment,1013.48,Expense,Food,Cash,Domino's,
ddb4d9a4-1e65-48d2-95f7-e3815b05080a,2025-04-22,Jio Payment,2301.37,Expense,Bills,Cash,Electricity,
afe3c201-6f52-48fd-b7b8-167cd71d03ed,2025-04-22,Flipkart Payment,2993.58,Expense,Shopping,Credit Card,Flipkart,
c0425f83-9e86-403b-85cd-4109e68f9637,2025-04-22,Event Payment,1888.18,Expense,Entertainment,Credit Card,Gaming,
93ad96c2-b09b-4aaa-92bb-28b848c6014a,2025-04-22,PVR Payment,2866.13,Expense,Entertainment,Credit Card,Netflix,
facc01a4-0e6a-490a-8080-c6b17bb601c8,2025-04-22,Domino's Payment,1093.65,Expense,Food,Credit Card,Swiggy,
d789cd7d-67a5-4eef-86b0-e32a59d22fba,2025-04-22,Domino's Payment,842.21,Expense,Food,UPI,Local Cafe,
60abc6fe-95ea-4453-bfd1-07f56f2b1102,2025-04-22,IRCTC Payment,689.68,Expense,Travel,Cash,Ola,
53c3cfcd-ca41-45b9-9e11-b2c0640fc5e6,2025-04-22,Local Cafe Payment,699.53,Expense,Food,Credit Card,Zomato,
93edf6af-c0b1-49e7-bf46-a238630bcd38,2025-04-22,Gift Payment,411.17,Expense,Other,Debit Card,Gift,
94777807-d908-4cfb-8cd5-460b8c45a722,2025-04-23,Starbucks Payment,809.28,Expense,Food,UPI,Zomato,
f9c6de65-9081-4b5e-bd6b-966131bd8e89,2025-04-23,Ola Payment,236.53,Expense,Travel,Cash,IRCTC,
284778c6-b976-4510-9e9b-003feabb877f,2025-04-23,PVR Payment,200.37,Expense,Entertainment,Credit Card,Event,
4d53d64e-97ac-44fc-8890-fb5b0680d5ec,2025-04-23,Electricity Payment,1807.65,Expense,Bills,Cash,Airtel,
f5b2284a-12e1-468b-871b-228dadbadb47,2025-04-24,Starbucks Payment,1439.7,Expense,Food,UPI,Swiggy,
f2b995b9-7ef9-4e5a-a32b-d7f014074776,2025-04-24,Jio Payment,2572.61,Expense,Bills,Cash,Electricity,
8648c57b-f0cd-456c-985b-8472d9f844e4,2025-04-24,Flipkart Payment,8909.53,Expense,Shopping,UPI,Flipkart,
db6bec8e-6f08-4e62-9b76-5d73e2472852,2025-04-24,Swiggy Payment,1766.79,Expense,Food,Debit Card,Domino's,
b6f51653-9f38-445e-9d6f-3fdb6b4bc421,2025-04-24,Metro Payment,442.96,Expense,Travel,Debit Card,Flight,
29b1fd36-5612-4d12-b83d-5192eefb569b,2025-04-24,Netflix Payment,1292.07,Expense,Entertainment,Debit Card,PVR,
0fe7c168-b062-4e17-808d-6c15849f51d5,2025-04-24,PharmEasy Payment,1704.68,Expense,Healthcare,Credit Card,Apollo,
e3f1f363-2045-41f9-8f01-09c8efcc302b,2025-04-24,Zomato Payment,1477.83,Expense,Food,Credit Card,Starbucks,
5148b752-9233-4622-9edc-0bf6e85f39b9,2025-04-24,Event Payment,2119.88,Expense,Entertainment,Debit Card,Event,
9093fb48-fdc4-4d22-92fe-be4ab5a85d29,2025-04-24,Zomato Payment,1777.17,Expense,Food,Cash,Local Cafe,
3b701e0f-398f-4285-b402-8285b733de4e,2025-04-24,Jio Payment,2446.19,Expense,Bills,Cash,Jio,
a2cd8bbc-0d78-4d4f-bed4-e9ee46850f81,2025-04-25,Misc Payment,137.84,Expense,Other,Debit Card,Donation,
fa8833b7-8688-4f0d-80cc-4c569ac3397c,2025-04-25,Donation Payment,357.96,Expense,Other,Debit Card,Misc,
7a950363-a206-4ed9-a165-3dc8e946365b,2025-04-25,Event Payment,2351.75,Expense,Entertainment,Credit Card,Event,
6330dea5-09e4-475d-823a-950fd7e6dec9,2025-04-25,Starbucks Payment,1526.24,Expense,Food,UPI,Domino's,
6b3cf927-6616-4f93-afc4-f34991edd580,2025-04-25,Jio Payment,4604.8,Expense,Bills,Cash,Electricity,
667ab06e-fd99-4b20-944e-aef3500fa3e7,2025-04-25,Metro Payment,636.13,Expense,Travel,Debit Card,Ola,
337f2e41-b143-4640-bdd9-ba11d7c5e739,2025-04-25,Netflix Payment,973.55,Expense,Entertainment,Credit Card,Gaming,
08877083-6916-4c3a-b45e-43d69b3f83aa,2025-04-25,Zomato Payment,946.96,Expense,Food,Credit Card,Swiggy,
0f0794df-65a6-4172-bf0e-a9c31f751481,2025-04-26,Donation Payment,775.08,Expense,Other,Credit Card,Gift,
1c739efe-571d-4ad8-bb94-0d04acc91d07,2025-04-26,Misc Payment,374.65,Expense,Other,Credit Card,Misc,
01106d58-30dd-4842-b465-d03cd6b17694,2025-04-26,Reliance Mart Payment,7682.05,Expense,Shopping,UPI,Amazon,
9834bdbb-f974-4e42-b3ec-6602efb32a97,2025-04-26,IRCTC Payment,927.63,Expense,Travel,Cash,Flight,
6e36e5c3-758d-4f8e-918d-1975199823af,2025-04-26,Domino's Payment,1160.12,Expense,Food,Debit Card,Domino's,
df4a299e-4d33-463f-947a-bbb92e86dd21,2025-04-27,Misc Payment,516.87,Expense,Other,UPI,Donation,
dced8720-f6c0-4e0c-80b1-83ca3c331e42,2025-04-27,Spotify Payment,494.64,Expense,Entertainment,Cash,Netflix,
04db38b4-3123-4c6d-a466-ec02159bd959,2025-04-27,Local Cafe Payment,577.67,Expense,Food,UPI,Starbucks,
ee2ff682-10fb-40fd-bef8-3f4490ed932b,2025-04-27,Local Cafe Payment,1850.29,Expense,Food,UPI,Swiggy,
7dab960d-e4d8-4717-9bbe-2e43ec96a614,2025-04-27,IRCTC Payment,292.59,Expense,Travel,Debit Card,Ola,
af68eee0-2228-420d-9d63-84bdf42d8e30,2025-04-27,Local Cafe Payment,1674.03,Expense,Food,Cash,Starbucks,
a0919424-2563-4249-8096-859d2cbf0220,2025-04-27,Uber Payment,854.21,Expense,Travel,Credit Card,IRCTC,
3f66061f-1bf3-4fb8-be7e-cf3b88bab0bc,2025-04-27,Donation Payment,358.16,Expense,Other,Cash,Gift,
f67f2fdd-01f2-4d0c-90d5-d1ea8251fc1e,2025-04-27,Gaming Payment,1283.32,Expense,Entertainment,Credit Card,Gaming,
4c62182f-ea9a-4f75-9aa0-42b971f361dd,2025-04-27,Local Store Payment,8001.85,Expense,Shopping,Debit Card,Flipkart,
284fd34a-6ed3-425a-9837-1bd2b968892e,2025-04-27,Electricity Payment,790.78,Expense,Bills,Credit Card,Jio,
36ad3da6-0fc3-4ba8-ad4b-5f7ad5c20b3f,2025-04-28,Amazon Payment,4636.74,Expense,Shopping,Debit Card,Reliance Mart,
5475e233-71ca-4bbd-98fd-493b428cb1a8,2025-04-28,Misc Payment,122.87,Expense,Other,Cash,Donation,
16a48a18-6a8c-42b3-a411-fdb1492b0ffe,2025-04-28,Local Cafe Payment,1934.63,Expense,Food,Cash,Domino's,
325a9961-a805-4470-916b-70ea8a040b64,2025-04-28,Myntra Payment,6232.18,Expense,Shopping,Cash,Flipkart,
57dc2d72-326e-4195-90fb-16289ff64fd8,2025-04-28,Starbucks Payment,756.27,Expense,Food,UPI,Swiggy,
7906e324-e9ff-4800-a875-2594cc6eb7fb,2025-04-28,Zomato Payment,588.1,Expense,Food,Credit Card,Domino's,
80f71679-1017-43cb-b94c-808c46fd9f42,2025-04-28,Starbucks Payment,267.55,Expense,Food,Cash,Swiggy,
1005ccf6-1538-476c-877f-3abdcbb473e4,2025-04-28,Local Cafe Payment,1102.84,Expense,Food,Debit Card,Zomato,
57f3af26-2a18-4c1a-acec-26a9401532e4,2025-04-28,Donation Payment,730.51,Expense,Other,Debit Card,Donation,
111387d7-26f6-4329-b9a5-71cb8625e41c,2025-04-29,Zomato Payment,886.05,Expense,Food,Credit Card,Zomato,
1e291e01-27c3-47d0-a528-979fcca18a75,2025-04-29,IRCTC Payment,890.92,Expense,Travel,Cash,IRCTC,
78fb8185-f58b-4c5c-acf7-575670f15643,2025-04-29,Domino's Payment,675.53,Expense,Food,Credit Card,Domino's,
67ff6ce7-4758-487f-a930-22c47b394aa0,2025-04-29,Local Store Payment,642.92,Expense,Shopping,Cash,Reliance Mart,
4b58a5da-498b-4076-9f60-bc9a7aaa465f,2025-04-29,Misc Payment,591.01,Expense,Other,Credit Card,Misc,
cb7a8e74-7a68-4eed-823e-373311c718ec,2025-04-29,Gas Payment,1830.29,Expense,Bills,Debit Card,Jio,
e1a189db-242d-48e5-84da-d12df55af2fe,2025-04-29,Swiggy Payment,979.92,Expense,Food,Cash,Swiggy,
b967f5b9-b808-4993-8f35-eb0d494ae9a7,2025-04-29,Electricity Payment,3672.86,Expense,Bills,Debit Card,Jio,
bf258383-3a9b-4a37-916a-7c17b28a9481,2025-04-30,Misc Payment,577.57,Expense,Other,Credit Card,Donation,
03c2b812-d386-4464-a225-6704c08e0cf5,2025-04-30,Misc Payment,675.48,Expense,Other,UPI,Gift,
c7258e9a-37cd-4853-b131-f61f7ecc29d5,2025-04-30,Gift Payment,274.43,Expense,Other,UPI,Misc,
c680edc6-96f3-477a-874f-e36f60e84679,2025-04-30,Starbucks Payment,1041.09,Expense,Food,Debit Card,Starbucks,
c00621c5-995a-4035-a991-9233ba0b46d2,2025-04-30,Swiggy Payment,1777.04,Expense,Food,UPI,Local Cafe,
3bb8d799-4fda-482a-8495-f621b7a66a4b,2025-04-30,Zomato Payment,236.68,Expense,Food,Debit Card,Domino's,
90808c4e-210b-4857-8f75-fd4891de2e0b,2025-04-30,Flight Payment,973.26,Expense,Travel,Credit Card,Ola,
8f009b09-a7c3-4790-84ed-714a8d08c253,2025-04-30,Misc Payment,4290.74,Expense,Other,Debit Card,Donation,
5bb24752-ab46-428b-943b-e9f1c2eda15d,2025-04-30,Donation Payment,874.76,Expense,Other,Debit Card,Misc,
90325c02-0049-4de4-a12a-73c08ae7c54e,2025-05-01,Apollo Payment,1725.36,Expense,Healthcare,Cash,Dentist,
3f43e570-4cb3-4cfc-aeb3-817f88748fd2,2025-05-01,Local Cafe Payment,1663.19,Expense,Food,Credit Card,Starbucks,
b38422fb-3cac-431a-bbfe-e4ba66bc2b99,2025-05-01,Local Cafe Payment,172.73,Expense,Food,Debit Card,Local Cafe,
ea106e16-c882-4247-9096-b5ac822f7b43,2025-05-01,Donation Payment,323.32,Expense,Other,Credit Card,Donation,
28334aaf-3308-4f25-808e-d69feef9a40d,2025-05-01,Misc Payment,167.12,Expense,Other,Cash,Gift,
93393a5e-98af-4ecc-ad42-44f00ae61ee2,2025-05-01,Apollo Payment,1034.3,Expense,Healthcare,Cash,Apollo,
fc5eebda-20a9-4a69-b79f-7d894ca5289f,2025-05-01,Monthly Salary,51738.78,Income,Salary,Bank Transfer,Employer,Regular Income
a6791eba-3619-4905-b794-3ccb0fe3af8b,2025-05-01,Domino's Payment,1419.87,Expense,Food,Cash,Starbucks,
306f3346-dc44-4e63-9f33-33c0d0916ee1,2025-05-01,Domino's Payment,264.12,Expense,Food,Debit Card,Starbucks,
a7248b01-e2f5-4ace-9b45-ac40a1628203,2025-05-02,Misc Payment,430.06,Expense,Other,Credit Card,Donation,
22d697df-b2ab-4d12-8092-a2dffc8485df,2025-05-02,Swiggy Payment,568.81,Expense,Food,Credit Card,Domino's,
7ee70035-1d7f-45e7-a03c-e99c82d4643b,2025-05-02,Flipkart Payment,7092.18,Expense,Shopping,UPI,Flipkart,
68efe239-9c18-4488-887b-a886ee6cc750,2025-05-02,Local Cafe Payment,112.0,Expense,Food,Credit Card,Starbucks,
926de665-6f01-4e21-bc7a-697a84bf0c94,2025-05-02,Airtel Payment,1771.53,Expense,Bills,Cash,Water,
ac624114-1347-4280-be70-c1bbf0291018,2025-05-02,Flight Payment,937.47,Expense,Travel,Cash,Metro,
5d95f29a-dd29-43c4-9408-f2faec09a914,2025-05-02,Domino's Payment,1583.82,Expense,Food,Debit Card,Swiggy,
8260ae80-44c1-423d-8a03-5ca3501a130f,2025-05-03,Reliance Mart Payment,6172.51,Expense,Shopping,Cash,Reliance Mart,
3e015206-32fa-4dd9-b712-a679519072a0,2025-05-03,Amazon Payment,4280.73,Expense,Shopping,UPI,Reliance Mart,
a2c2659d-4550-40e6-87fb-90a1929c5106,2025-05-03,Gift Payment,966.97,Expense,Other,Credit Card,Misc,
15c0c289-8518-4172-aac9-c259716fd667,2025-05-03,Uber Payment,404.94,Expense,Travel,Credit Card,Metro,
ad11073a-0ec2-4be3-a136-00a1fcb484d6,2025-05-03,Swiggy Payment,11271.25,Expense,Food,Credit Card,Local Cafe,
ff23d671-8b54-458b-8ca9-9fc9ccab1c02,2025-05-03,Gift Payment,619.05,Expense,Other,Debit Card,Gift,
8bf83377-e5b0-40be-be3b-31514014c830,2025-05-03,Swiggy Payment,698.0,Expense,Food,Cash,Local Cafe,
0dcb2d4d-ddd7-4e83-8172-28a54511167f,2025-05-03,Airtel Payment,1746.91,Expense,Bills,UPI,Water,
c46b16f2-473a-46a4-8a22-215bd180672f,2025-05-03,IRCTC Payment,266.3,Expense,Travel,Debit Card,Flight,
33e31c4f-4d2f-47c8-9086-94a2dab29e89,2025-05-03,Starbucks Payment,745.74,Expense,Food,Debit Card,Swiggy,
eff22894-cdc4-44d7-ba6f-fef591d65e59,2025-05-03,Starbucks Payment,1748.0,Expense,Food,Credit Card,Local Cafe,
d2b2c38d-0547-49b6-8199-8e05a566a988,2025-05-03,PVR Payment,935.84,Expense,Entertainment,Cash,PVR,
e8261723-2bf0-434f-a3ef-4c3d8af0bf81,2025-05-03,Donation Payment,803.61,Expense,Other,Cash,Misc,
4fbc2c8d-ff29-4050-afa3-f4f0414fc607,2025-05-04,Zomato Payment,1705.88,Expense,Food,Cash,Local Cafe,
8bbd665b-f0b9-4d89-872d-0644a2c45823,2025-05-04,Donation Payment,926.37,Expense,Other,Debit Card,Misc,
ec8a95d8-c07b-4f05-a0a1-b0c13709fbc2,2025-05-04,Local Cafe Payment,718.57,Expense,Food,Cash,Swiggy,
14e6f9be-9644-489c-99ba-e028f50b815d,2025-05-04,Metro Payment,143.16,Expense,Travel,Credit Card,Uber,
3a96d5b6-b9a1-4f08-81f8-2f438cb94913,2025-05-04,Swiggy Payment,331.76,Expense,Food,Credit Card,Swiggy,
1f2ded8e-bf3b-49b3-9cf9-e9f06713ec00,2025-05-05,Misc Payment,77.5,Expense,Other,Credit Card,Misc,
4de22592-41e3-4aae-b162-45f2e4580bab,2025-05-05,Flight Payment,516.82,Expense,Travel,UPI,Metro,
4c5d4b54-0834-4081-af8e-463658ec4384,2025-05-05,Local Cafe Payment,1723.06,Expense,Food,Cash,Starbucks,
b945ceee-48d5-4fd1-92c2-689a0f8abbf1,2025-05-05,Airtel Payment,1609.02,Expense,Bills,Debit Card,Airtel,
0206d9f0-1302-4a38-a9b7-7b777d5f4932,2025-05-05,Starbucks Payment,1375.0,Expense,Food,Cash,Zomato,
647dcb10-8951-4159-8559-ac09c2695bcc,2025-05-05,Electricity Payment,1978.64,Expense,Bills,Cash,Electricity,
7f7a52f9-024a-44e0-a37f-f55b54947fb5,2025-05-05,Electricity Payment,20726.98,Expense,Bills,Credit Card,Electricity,
a2675842-1ec3-4e93-aec9-11ba7473e777,2025-05-06,Zomato Payment,248.9,Expense,Food,Debit Card,Local Cafe,
6c37b00e-2a7d-4026-8109-30f70dac810a,2025-05-06,Zomato Payment,1565.98,Expense,Food,Credit Card,Local Cafe,
2e6ac556-d8a8-446d-bbbc-103f4f823bfd,2025-05-06,Zomato Payment,361.36,Expense,Food,Cash,Zomato,
ca7c6b1c-3536-4488-aed2-5a4f2580de30,2025-05-06,Netflix Payment,1313.88,Expense,Entertainment,Cash,Gaming,
77f3249d-b6a7-4243-ad38-da76cca58cdd,2025-05-06,Zomato Payment,931.28,Expense,Food,Cash,Starbucks,
f1bb92b8-5964-4013-b432-36c5153abd15,2025-05-06,Swiggy Payment,1461.87,Expense,Food,Credit Card,Domino's,
10e94b37-25b6-4654-a25c-af538624ee0e,2025-05-06,Uber Payment,681.22,Expense,Travel,Credit Card,Metro,
fa452483-8333-4416-a15a-9bb9f60a6378,2025-05-07,Reliance Mart Payment,8430.5,Expense,Shopping,Cash,Myntra,
fe84ad4f-7212-43b4-963a-b5d58d0cb28f,2025-05-07,Uber Payment,204.09,Expense,Travel,Cash,Metro,
4d3d6370-ae49-4fb2-81dd-80f4f3215e55,2025-05-07,Amazon Payment,64571.11,Expense,Shopping,Credit Card,Reliance Mart,
5a63b0a8-8cab-4922-a658-acab3bf8bfeb,2025-05-07,Ola Payment,50.64,Expense,Travel,Debit Card,Ola,
e48e8b3c-54ba-4786-b2dd-3ae49d267fcb,2025-05-07,Gift Payment,501.99,Expense,Other,Credit Card,Misc,
652a5008-78f5-40f4-bfc2-63c7a9e7bedc,2025-05-07,Airtel Payment,1373.37,Expense,Bills,Credit Card,Water,
e0973acd-8324-46e1-9d00-f596d1ceac73,2025-05-07,Amazon Payment,722.6,Expense,Shopping,Debit Card,Reliance Mart,
87c7c58f-2cf2-4928-8d7e-4213470bd2a6,2025-05-07,Metro Payment,479.81,Expense,Travel,Credit Card,Uber,
e46f8066-e646-475b-ba2b-75572019d5c4,2025-05-07,Zomato Payment,1247.45,Expense,Food,Cash,Swiggy,
8e4c0d4a-0b36-4a8d-8bea-7a2e95869a11,2025-05-07,Myntra Payment,9891.1,Expense,Shopping,Debit Card,Flipkart,
d3daae0d-198c-4594-a66d-8d6d86edbdaa,2025-05-07,Starbucks Payment,1674.67,Expense,Food,Credit Card,Zomato,
b8015470-7b85-4190-acdb-fd0a0c93b3ae,2025-05-08,Metro Payment,838.7,Expense,Travel,Debit Card,IRCTC,
ad540f83-ade9-49bd-8929-5d923946a3aa,2025-05-08,Jio Payment,4385.83,Expense,Bills,Debit Card,Airtel,
1910de0f-f59b-4edc-b0e5-9b4a5e6b6d03,2025-05-08,Donation Payment,958.5,Expense,Other,Cash,Gift,
dd00e2a6-b9fe-4cec-bade-99d1c7a60b36,2025-05-08,Airtel Payment,1103.42,Expense,Bills,UPI,Water,
7904c2b7-a68c-4c7b-9287-ce7daa0a99c7,2025-05-08,Starbucks Payment,310.72,Expense,Food,Debit Card,Zomato,
5d6ee937-46f4-40a3-a3eb-f219feed50db,2025-05-08,Jio Payment,2384.06,Expense,Bills,Cash,Electricity,
f1c21c24-66c1-463d-bfb5-c239390162c1,2025-05-08,Misc Payment,789.63,Expense,Other,Debit Card,Donation,
60564dc7-b57e-4446-aabf-d38f2443f282,2025-05-09,Uber Payment,594.94,Expense,Travel,Credit Card,Uber,
7fd49651-ef4a-4261-9e50-c942d9abc143,2025-05-09,Starbucks Payment,381.11,Expense,Food,UPI,Local Cafe,
6b0c1b7e-8d60-4959-9c63-bae7524baf7a,2025-05-09,IRCTC Payment,834.61,Expense,Travel,Credit Card,Ola,
3fb5e8c7-63db-4250-b95f-9938c00fd847,2025-05-09,Amazon Payment,9356.33,Expense,Shopping,UPI,Local Store,
a14f44ae-ff33-469e-ac90-df82b53e81fd,2025-05-09,Netflix Payment,1869.25,Expense,Entertainment,UPI,Spotify,
9f4d71f1-41b0-4ab3-8f54-793b2419de7e,2025-05-09,Misc Payment,872.27,Expense,Other,Credit Card,Donation,
6fc52a14-3fc7-4dcf-8b47-0bc525e9c246,2025-05-09,Zomato Payment,429.98,Expense,Food,UPI,Domino's,
660c136c-a76e-4130-94ac-6d1583d6507c,2025-05-10,Zomato Payment,1628.81,Expense,Food,Debit Card,Zomato,
a29a686f-4b2e-4228-a101-cf3a5a1752ec,2025-05-10,Event Payment,2653.21,Expense,Entertainment,Debit Card,PVR,
30c87a16-1640-46f8-9f44-880d008a524d,2025-05-10,Flight Payment,544.32,Expense,Travel,Cash,Uber,
475e184a-bd5c-44e7-a444-9c85258a5176,2025-05-10,Misc Payment,199.25,Expense,Other,Cash,Gift,
26251d6b-b067-4059-bb33-9af9310be3d7,2025-05-11,Domino's Payment,406.09,Expense,Food,Debit Card,Zomato,
85a96f70-6a74-49c4-a3d7-34e81f0c12b7,2025-05-11,Apollo Payment,4442.03,Expense,Healthcare,UPI,Apollo,
5ce2c65c-bae5-4c07-a324-95921f4e81d9,2025-05-11,Metro Payment,565.48,Expense,Travel,Cash,Flight,
e291fc82-829c-4b30-bcb7-34c80fd7e36d,2025-05-11,Event Payment,404.3,Expense,Entertainment,UPI,Netflix,
e571de57-5a85-401d-a502-ed46ce8c1eb1,2025-05-12,Flight Payment,275.37,Expense,Travel,Debit Card,Ola,
4948eda8-9c73-4125-bf66-9c9b7c061853,2025-05-12,Domino's Payment,174.87,Expense,Food,Debit Card,Zomato,
38e05985-3257-4005-878d-6ede2dc8fba0,2025-05-12,Misc Payment,175.92,Expense,Other,Credit Card,Gift,
48a2f444-35e0-45a3-a81b-df870e95b949,2025-05-12,Zomato Payment,702.47,Expense,Food,UPI,Starbucks,
425f1a6d-eda2-4ad6-8477-7afa04d36a88,2025-05-12,Water Payment,4956.57,Expense,Bills,Debit Card,Water,
c05a939c-4565-4220-9b5b-83d45ef88571,2025-05-12,Misc Payment,617.35,Expense,Other,Cash,Donation,
523f7f67-fe06-4c11-8c41-52a72839035e,2025-05-12,Domino's Payment,1704.78,Expense,Food,UPI,Domino's,
c17d93e4-8cc7-493e-9d60-1227cba4c03d,2025-05-13,Myntra Payment,4910.05,Expense,Shopping,UPI,Flipkart,
b440f806-b54f-4c58-ad0b-39a593fb1015,2025-05-13,Swiggy Payment,242.96,Expense,Food,Cash,Swiggy,
36144bb7-0270-49a3-9d78-16373f18ebee,2025-05-13,Gift Payment,228.52,Expense,Other,Debit Card,Donation,
c05b9026-a886-42e9-b42e-25f71a2dbf23,2025-05-13,Swiggy Payment,1067.18,Expense,Food,Credit Card,Starbucks,
611f09aa-4b10-413b-873b-02745c15d514,2025-05-13,Water Payment,678.28,Expense,Bills,Cash,Gas,
531c45d4-d10a-4bc4-b9fe-bc58e608c733,2025-05-13,Jio Payment,3017.65,Expense,Bills,Cash,Electricity,
18b99633-53dc-45c7-b0f3-3c1d1bbece25,2025-05-13,Misc Payment,391.32,Expense,Other,UPI,Misc,
658a2d95-11cb-4ab9-aff7-a7c50e5a73b1,2025-05-13,Jio Payment,680.59,Expense,Bills,Cash,Electricity,
e25b07d4-0566-4e93-b2b1-0722607fc5ab,2025-05-13,Metro Payment,625.66,Expense,Travel,UPI,Metro,
96bab4da-a80c-4405-b0ca-06eb0ad6f050,2025-05-13,Spotify Payment,1719.7,Expense,Entertainment,Debit Card,Spotify,
92e55bf1-182c-47e7-af1b-3392ce969d22,2025-05-14,IRCTC Payment,195.21,Expense,Travel,Cash,Flight,
97647173-eff6-4776-bcfc-03d38d24ae83,2025-05-14,Misc Payment,77.72,Expense,Other,Debit Card,Misc,
3f11b899-f9d1-4783-86e8-1e6954187d63,2025-05-14,Zomato Payment,494.7,Expense,Food,UPI,Zomato,
f7bea139-69d7-4557-93f1-3188351e179f,2025-05-14,Flight Payment,443.07,Expense,Travel,UPI,Uber,
9b3b9309-f8ff-40aa-b7fb-ba5ee09920cf,2025-05-14,Misc Payment,660.87,Expense,Other,Debit Card,Misc,
35328c71-02d1-4bc1-8784-581ebb72b9a6,2025-05-14,Airtel Payment,4496.7,Expense,Bills,Credit Card,Electricity,
f0a26ed3-d775-438a-957c-5df7b1231fa3,2025-05-15,Reliance Mart Payment,3795.43,Expense,Shopping,UPI,Amazon,
27cc1894-1f7f-4843-9eb7-97e223c3f253,2025-05-15,Event Payment,1548.25,Expense,Entertainment,Credit Card,Gaming,
8340afc9-8bef-47f7-b684-80088c471bf2,2025-05-15,Event Payment,2996.7,Expense,Entertainment,Debit Card,Spotify,
3e5abb80-8cb4-4a8a-84dc-899e837feecd,2025-05-15,Gas Payment,2918.33,Expense,Bills,Debit Card,Airtel,
238ec080-ca6e-4d86-b1d4-efbb7132c3ee,2025-05-15,Spotify Payment,635.25,Expense,Entertainment,Credit Card,Spotify,
52cf7df5-542e-4a7b-9dda-9758880cb43c,2025-05-15,Swiggy Payment,1716.87,Expense,Food,UPI,Domino's,
2438a6f2-97b5-4567-a2ee-aeacb36164eb,2025-05-16,Spotify Payment,1345.78,Expense,Entertainment,UPI,Netflix,
123a632d-171b-434b-ab27-bc716ec1795c,2025-05-16,Dentist Payment,2109.04,Expense,Healthcare,Debit Card,Local Clinic,
6845522c-01a6-4c3d-8f5b-47d0926c7207,2025-05-16,Swiggy Payment,1017.79,Expense,Food,Cash,Domino's,
352c53b4-7b5b-4d74-aebf-c3db7ac23273,2025-05-16,Ola Payment,953.11,Expense,Travel,Debit Card,Metro,
7df93c82-97eb-49e5-8987-03cd494dde24,2025-05-16,Domino's Payment,868.48,Expense,Food,Debit Card,Swiggy,
1a6009ab-94c6-4875-abac-05e5e400f182,2025-05-16,Flight Payment,734.96,Expense,Travel,Cash,Flight,
5a4bf64c-de5e-4d9c-98c9-cad518f1030c,2025-05-16,Ola Payment,2791.52,Expense,Travel,Debit Card,IRCTC,
7dc5d637-f01f-49fa-b75f-3ec1a7fe7e48,2025-05-16,Airtel Payment,1121.36,Expense,Bills,Cash,Electricity,
a4f50ee3-bfc8-41ac-81e5-f129db4d7861,2025-05-17,Gift Payment,832.98,Expense,Other,UPI,Misc,
ca553cb6-0ac6-42e3-a5a1-251302a4d4f1,2025-05-17,Netflix Payment,410.4,Expense,Entertainment,Credit Card,Gaming,
62bac20e-6797-4d72-8b64-4eb2ab4627b6,2025-05-17,Local Store Payment,9112.03,Expense,Shopping,UPI,Local Store,
172d3a71-a019-4b6b-a642-92fd13696dcb,2025-05-17,Domino's Payment,1342.59,Expense,Food,Credit Card,Swiggy,
5ee0084b-f7a8-4682-b2c0-30073431c359,2025-05-18,Netflix Payment,1073.29,Expense,Entertainment,Cash,Netflix,
168cc242-6094-4257-a5e1-fe7bc52e5e0d,2025-05-18,Amazon Payment,8848.47,Expense,Shopping,Cash,Myntra,
2595f73d-0145-4a5b-a7ba-97d83d9d013d,2025-05-18,Jio Payment,3619.49,Expense,Bills,Cash,Airtel,
8d7f69f1-8ebf-4ea8-8d12-31a258a1fdc1,2025-05-18,Misc Payment,597.17,Expense,Other,Credit Card,Donation,
55bb99c7-3cdd-46d5-9933-c70401a53875,2025-05-18,Spotify Payment,392.42,Expense,Entertainment,Cash,Spotify,
61935a64-b028-404a-bec4-d2c08f97bcf1,2025-05-18,Myntra Payment,4332.46,Expense,Shopping,Debit Card,Myntra,
b256ac50-f36d-4286-80bd-ca0c1aae1c11,2025-05-18,Swiggy Payment,690.62,Expense,Food,UPI,Local Cafe,
a8e099ce-8e8b-4e5c-96e5-f50ea0f82bea,2025-05-18,Donation Payment,388.86,Expense,Other,UPI,Donation,
d3657f49-c170-4c67-a437-e6c5b16a9fb3,2025-05-19,Zomato Payment,1791.14,Expense,Food,Cash,Swiggy,
9508a7c6-c65c-452a-a5b7-d44e83845ed4,2025-05-19,Local Cafe Payment,14193.16,Expense,Food,UPI,Local Cafe,
b1a57e54-a0c9-411c-be09-a62f10929147,2025-05-19,Donation Payment,257.11,Expense,Other,Cash,Donation,
bddb6c9d-91f3-42bd-90de-2794ac85e0c7,2025-05-19,Ola Payment,124.29,Expense,Travel,Debit Card,Ola,
5b20ed0f-8eb6-419f-b9a6-dfb13142a702,2025-05-19,Zomato Payment,1722.26,Expense,Food,Credit Card,Zomato,
c683803e-6436-41a3-bdeb-ba2b16a7044d,2025-05-19,Local Cafe Payment,343.37,Expense,Food,UPI,Zomato,
be72d71d-4d4a-499a-9b54-b055d8eeebad,2025-05-20,Metro Payment,473.3,Expense,Travel,Cash,Metro,
6cdbc0c8-122f-4954-bb44-30d9f9648a6a,2025-05-20,Flight Payment,581.97,Expense,Travel,Cash,IRCTC,
ba44fe18-9ab0-4942-a52a-061909cee19d,2025-05-20,Local Cafe Payment,1627.28,Expense,Food,Credit Card,Starbucks,
d4f8dc48-797d-436b-a810-285c806e51e4,2025-05-20,Local Cafe Payment,1096.22,Expense,Food,Credit Card,Domino's,
82937859-1efd-433b-a080-cd86b345de81,2025-05-20,Gift Payment,851.41,Expense,Other,Debit Card,Donation,
07006178-8d34-4060-8dc9-d94ae0d3002f,2025-05-20,Domino's Payment,540.09,Expense,Food,Cash,Domino's,
29e82fa5-612c-41dd-857e-1316a1d80263,2025-05-20,Misc Payment,828.44,Expense,Other,Credit Card,Gift,
be8b1cec-08fa-4b51-861c-ed1a63565716,2025-05-20,Domino's Payment,329.42,Expense,Food,Credit Card,Local Cafe,
73bc19a5-8c51-43cd-aad0-35d8596bd15e,2025-05-21,Metro Payment,412.9,Expense,Travel,Debit Card,Uber,
01ccfd0c-f2d4-4edc-aa6c-74896704cbe5,2025-05-21,Gift Payment,333.7,Expense,Other,Debit Card,Misc,
35f9cd8c-acb5-423e-bad9-f8091eb6f654,2025-05-22,Starbucks Payment,1406.22,Expense,Food,Credit Card,Swiggy,
20397340-60c2-4dc4-8c40-9c6abe56f7d0,2025-05-22,Reliance Mart Payment,6068.88,Expense,Shopping,Cash,Reliance Mart,
659b0cd0-1f74-4528-adb6-3e07282a2389,2025-05-22,Misc Payment,635.27,Expense,Other,UPI,Misc,
aed21f81-950b-4646-a334-dc918342802e,2025-05-22,Swiggy Payment,638.87,Expense,Food,Debit Card,Starbucks,
37cf4e62-e025-4f3b-a6f8-798604852227,2025-05-22,Local Clinic Payment,871.33,Expense,Healthcare,Cash,PharmEasy,
4f509068-d002-404f-bb69-885fdb484e8f,2025-05-22,Gift Payment,137.31,Expense,Other,UPI,Gift,
de2bffe3-66df-47d1-9107-323a87d79153,2025-05-22,Donation Payment,744.53,Expense,Other,UPI,Misc,
569e4a6c-be4c-4f34-abbf-76a9014ced2b,2025-05-22,Gift Payment,795.43,Expense,Other,Credit Card,Misc,
e94e5410-3aa1-4649-89dc-a85dfb7bb702,2025-05-22,Metro Payment,554.36,Expense,Travel,UPI,Flight,
474b9afb-9d3b-4e33-b762-0e3dec4b03a6,2025-05-22,Local Cafe Payment,1982.91,Expense,Food,UPI,Zomato,
6634f245-89a4-4013-b70c-126af1822996,2025-05-22,Domino's Payment,223.69,Expense,Food,UPI,Starbucks,
e6de941a-c6c0-4c29-944e-ef3080652fe1,2025-05-23,Starbucks Payment,1465.68,Expense,Food,UPI,Zomato,
d1f66b2c-7a10-4ea9-a30e-cea603834279,2025-05-23,PVR Payment,2850.61,Expense,Entertainment,Cash,Spotify,
165f61d4-d306-4c07-8d3e-439f8d5dbd91,2025-05-23,Zomato Payment,1392.41,Expense,Food,Debit Card,Local Cafe,
fd8108fc-aca7-459d-b23c-34781b6e2925,2025-05-23,Donation Payment,479.48,Expense,Other,Cash,Donation,
a20c4e0f-f7aa-4c72-9292-83e438994f3d,2025-05-23,Flight Payment,181.44,Expense,Travel,Cash,Flight,
a843b629-09dc-443f-91df-22a99a6352d2,2025-05-23,Domino's Payment,355.95,Expense,Food,Credit Card,Swiggy,
596107fa-9af2-41f8-a712-ca06bf391b90,2025-05-23,Gift Payment,876.79,Expense,Other,Debit Card,Misc,
9d2d2b7e-c782-4fa7-bc63-c1990878847e,2025-05-24,Domino's Payment,1594.39,Expense,Food,Credit Card,Zomato,
db5c1aad-42a4-4ecc-8f12-95bdaa8f78c4,2025-05-24,Netflix Payment,2009.77,Expense,Entertainment,UPI,Netflix,
b48eb8fb-78fb-463a-989e-9b82e98c5fa2,2025-05-24,PharmEasy Payment,1304.57,Expense,Healthcare,Debit Card,PharmEasy,
8bb66579-c945-4700-8928-dc0e963d807e,2025-05-24,Donation Payment,239.17,Expense,Other,Credit Card,Donation,
35b57230-f007-45cb-9a07-26566cd91daf,2025-05-24,Zomato Payment,381.15,Expense,Food,Cash,Zomato,
e39b9c0a-dacb-4047-81ca-c3e9b144547b,2025-05-24,Amazon Payment,1357.45,Expense,Shopping,Cash,Amazon,
6c8bf9db-20d4-4280-98c9-b1c15a96fb2f,2025-05-25,Jio Payment,876.78,Expense,Bills,Credit Card,Electricity,
55713fcc-fb06-4d4e-8ec2-066b1724be86,2025-05-25,Electricity Payment,2983.27,Expense,Bills,Debit Card,Jio,
f1e61c2b-ce33-4176-817a-179094cd41dc,2025-05-25,Zomato Payment,1214.05,Expense,Food,Debit Card,Domino's,
34cf61cf-a450-42a8-8d8d-1fc5cdf26f8a,2025-05-25,Swiggy Payment,512.22,Expense,Food,Credit Card,Local Cafe,
2456199b-c168-49f4-b60e-b115d7421abe,2025-05-25,Local Cafe Payment,919.06,Expense,Food,UPI,Zomato,
4459b498-d659-4c1c-992c-074aa83b0128,2025-05-25,Zomato Payment,228.35,Expense,Food,Debit Card,Domino's,
7aeb364c-36f2-4f69-ba1c-decf12aebf3f,2025-05-25,Zomato Payment,1152.05,Expense,Food,Cash,Zomato,
463e8cd9-9795-4729-8b33-4d78e3585397,2025-05-25,Ola Payment,92.23,Expense,Travel,Cash,Uber,
966b7ef9-0b6c-42da-90e2-6a63011cdf9c,2025-05-25,Spotify Payment,1670.2,Expense,Entertainment,Debit Card,Event,
76e10ff5-dd00-44ef-8b78-b0472c2a7f40,2025-05-26,Misc Payment,643.97,Expense,Other,Cash,Donation,
6b713953-3cf6-4eb7-987f-d47bbbed7b48,2025-05-26,Flipkart Payment,9553.42,Expense,Shopping,UPI,Local Store,
0cc46605-b0ef-4734-99ee-6b8ac046e4ad,2025-05-26,Ola Payment,443.23,Expense,Travel,UPI,IRCTC,
a8957cf4-13f3-4795-8a79-b200f52d22cd,2025-05-26,Jio Payment,4891.54,Expense,Bills,UPI,Airtel,
d099e268-ca37-4d49-b354-f806001a408f,2025-05-26,Metro Payment,186.1,Expense,Travel,Debit Card,IRCTC,
b803aa66-641c-4a44-bfad-ffa7c207cc62,2025-05-26,Flipkart Payment,2772.04,Expense,Shopping,Debit Card,Reliance Mart,
5b432e0e-8d4a-40b1-89f2-165e9de3176d,2025-05-26,Netflix Payment,1942.54,Expense,Entertainment,UPI,Netflix,
a3f12fd8-54b7-4740-ae04-c73c8e5c9e97,2025-05-27,Domino's Payment,236.45,Expense,Food,Debit Card,Starbucks,
1bd90cfb-36ae-4dc0-aa11-1ebf90db9bf4,2025-05-27,Donation Payment,954.69,Expense,Other,Credit Card,Donation,
78c7404a-45a7-45ab-b983-2b654dc9952b,2025-05-27,Dentist Payment,1209.18,Expense,Healthcare,Cash,Dentist,
c8b2ff25-dc88-4a97-a3df-938dc88a0038,2025-05-27,Local Store Payment,8578.25,Expense,Shopping,Cash,Local Store,
e16809ed-fde9-499e-8903-3824c53dadd8,2025-05-27,Netflix Payment,519.27,Expense,Entertainment,Debit Card,Spotify,
5a09bfdc-9cfd-433c-b080-79f8b9dc8118,2025-05-27,PVR Payment,280.53,Expense,Entertainment,Credit Card,PVR,
4203ad49-e2f1-42e3-900f-512ef95139d2,2025-05-27,Domino's Payment,931.2,Expense,Food,Debit Card,Swiggy,
038d1a12-ea28-4c78-b946-5ffe6a1cb63d,2025-05-27,Domino's Payment,286.1,Expense,Food,UPI,Swiggy,
f82da091-5dbc-43f8-8aad-c2014cb5d544,2025-05-28,Spotify Payment,584.59,Expense,Entertainment,Credit Card,Netflix,
66c6cf35-0024-4206-af93-5a32ba3d53bb,2025-05-28,Water Payment,4214.37,Expense,Bills,Cash,Gas,
6164c654-4c50-4af1-bee1-d3e99653e7fa,2025-05-28,Myntra Payment,1047.69,Expense,Shopping,UPI,Amazon,
40bc48f0-d457-4269-bb06-55f7298e69e5,2025-05-28,Uber Payment,454.33,Expense,Travel,Credit Card,Ola,
90a911cb-2289-4ae7-96ae-51664c0dbebf,2025-05-29,Gift Payment,850.25,Expense,Other,Credit Card,Donation,
5c9d13f6-60f5-4ad9-9bbe-37f97ff63534,2025-05-29,Apollo Payment,2740.1,Expense,Healthcare,Credit Card,Dentist,
508ee407-f725-43eb-8670-20ec3ba2e359,2025-05-29,Spotify Payment,2577.62,Expense,Entertainment,Credit Card,Gaming,
9ed9a55c-78de-4858-b701-8b7b0f078060,2025-05-29,Myntra Payment,4579.14,Expense,Shopping,Debit Card,Local Store,
4719cfeb-7cd8-498f-a457-4d168a9ad3bc,2025-05-29,Gift Payment,640.85,Expense,Other,Debit Card,Gift,
69ff845b-d8cb-4897-af33-31e67e34e0b6,2025-05-30,Event Payment,2424.48,Expense,Entertainment,UPI,Netflix,
f8ece9d3-c7d5-4ae5-a3d3-76ec8ce80089,2025-05-30,Flight Payment,64.2,Expense,Travel,UPI,Flight,
8ac2f35d-7f1d-4db9-b9a0-fcf48ac76331,2025-05-30,Zomato Payment,1187.6,Expense,Food,Credit Card,Local Cafe,
03698ddc-741e-43c8-825e-854b0407e59d,2025-05-30,Electricity Payment,4834.31,Expense,Bills,UPI,Water,
c393cff6-6e4e-44df-b299-176b59a998f9,2025-05-30,Local Store Payment,6759.06,Expense,Shopping,Cash,Local Store,
b3513a4b-eba9-41da-a2dd-8613122c45b2,2025-05-31,Starbucks Payment,1061.1,Expense,Food,Credit Card,Swiggy,
dd31708d-e98d-4b76-be7d-fd4c1f283195,2025-05-31,Starbucks Payment,1622.19,Expense,Food,UPI,Zomato,
5ac7395f-e7e8-4b8d-ba6f-8a12830572d4,2025-05-31,Water Payment,1118.17,Expense,Bills,Credit Card,Jio,
49f65d5a-47bc-431d-b209-38e890696b57,2025-05-31,Gift Payment,599.72,Expense,Other,UPI,Donation,
cacc33cd-5d1d-45fb-bd5a-becc141d40b6,2025-05-31,Gift Payment,758.99,Expense,Other,Cash,Gift,
3e13b358-557d-4797-a511-37075b5057c3,2025-05-31,Starbucks Payment,975.62,Expense,Food,Credit Card,Swiggy,
a7990e4f-9fe7-4eb6-a90c-762bccfa1c64,2025-05-31,Local Cafe Payment,765.86,Expense,Food,UPI,Zomato,
e7698625-a744-40e4-8064-465969842cb9,2025-05-31,Donation Payment,252.07,Expense,Other,UPI,Misc,
a6a23bb9-987e-4d4c-ad20-d9100788a0e5,2025-05-31,Myntra Payment,9171.3,Expense,Shopping,Cash,Amazon,
cbeea2a0-757f-4408-b6c6-166f71bec869,2025-05-31,Starbucks Payment,664.91,Expense,Food,UPI,Starbucks,
df58701f-e75c-4b0e-8bb9-ac159d3f3094,2025-06-01,Gift Payment,443.29,Expense,Other,UPI,Donation,
36c2de9a-8d1a-47a3-919b-41429136cb9d,2025-06-01,Swiggy Payment,1299.21,Expense,Food,Cash,Swiggy,
67d84dd5-39cc-43e6-ae74-1f23019d3e28,2025-06-01,Myntra Payment,2253.38,Expense,Shopping,UPI,Myntra,
f8dafbb4-5e24-4d5c-aee2-428422a24644,2025-06-01,Gaming Payment,387.32,Expense,Entertainment,Cash,Gaming,
9f5b73b2-25bf-4175-a903-e3e8029a1854,2025-06-01,Misc Payment,699.35,Expense,Other,Debit Card,Gift,
93c14c33-7118-409a-9c89-9d41c42dba36,2025-06-01,Monthly Salary,58438.44,Income,Salary,Bank Transfer,Employer,Regular Income
6ced2e33-a096-4ea5-b3ed-4b4903847c74,2025-06-01,Zomato Payment,1549.25,Expense,Food,UPI,Starbucks,
89d1999f-d6c6-45fa-9866-f43d451af96c,2025-06-02,Amazon Payment,7924.65,Expense,Shopping,UPI,Amazon,
bfb4cc1a-980e-44c0-b001-0fb17fa2e8c9,2025-06-02,Donation Payment,367.08,Expense,Other,Debit Card,Misc,
f95dbed5-a981-4f78-bc76-f7b65a023ff3,2025-06-02,Jio Payment,2625.89,Expense,Bills,Credit Card,Airtel,
36b9fb00-8a8b-424d-b99a-a7c898977887,2025-06-02,Misc Payment,487.29,Expense,Other,UPI,Gift,
b7366a5d-effb-4ebc-946e-8d2222b3df7f,2025-06-02,Water Payment,2385.28,Expense,Bills,Cash,Jio,
3fab462c-8808-4ae0-92cc-8fdd23b0249b,2025-06-02,Local Store Payment,2791.09,Expense,Shopping,UPI,Amazon,
b999c996-af2e-4e96-9003-554eb867d5ba,2025-06-02,IRCTC Payment,323.9,Expense,Travel,UPI,Uber,
bb9ac067-c8b0-4340-a24e-97d40012a2c5,2025-06-03,Zomato Payment,659.64,Expense,Food,Credit Card,Swiggy,
0bdcfd4a-6ae2-4534-b2d0-2a4fd30380ae,2025-06-03,Myntra Payment,7972.21,Expense,Shopping,Cash,Flipkart,
e43c80d9-2e24-49ff-b4b4-a5149b229f4d,2025-06-03,Zomato Payment,559.91,Expense,Food,Credit Card,Starbucks,
839710db-1122-4384-84cd-35f9026bdf7b,2025-06-03,Zomato Payment,392.11,Expense,Food,Debit Card,Starbucks,
dfaec64b-bdaf-4268-a5ad-0efa7e617864,2025-06-03,Donation Payment,846.24,Expense,Other,Credit Card,Donation,
6709de5a-aa9e-4145-aeed-cabee03ed1d2,2025-06-03,Starbucks Payment,1793.88,Expense,Food,Debit Card,Domino's,
90225fa8-e544-4dab-b543-a6c34bcb5755,2025-06-03,Donation Payment,544.56,Expense,Other,UPI,Donation,
737ca06f-00f2-4f8a-9645-2a12283a9fa2,2025-06-03,Misc Payment,611.64,Expense,Other,Credit Card,Donation,
566042fb-833c-4b15-b171-e7e10d88ea8a,2025-06-03,Metro Payment,722.04,Expense,Travel,Debit Card,IRCTC,
a4ccb092-69df-4e86-ba71-c612df6867b8,2025-06-04,Netflix Payment,1670.59,Expense,Entertainment,Cash,PVR,
6c83c69c-bc41-4efe-bd6b-99edb0e6019f,2025-06-04,Ola Payment,115.8,Expense,Travel,Credit Card,IRCTC,
b3990dc8-859d-4e88-a750-9f9a4bf087d4,2025-06-04,Zomato Payment,1650.81,Expense,Food,UPI,Swiggy,
77a8538e-074a-42c7-af70-5b27a6449368,2025-06-04,Gaming Payment,2594.0,Expense,Entertainment,Credit Card,Netflix,
7f7cc192-a373-4fcf-b3ad-4aaaba356fce,2025-06-04,Misc Payment,599.22,Expense,Other,Cash,Gift,
72f5b2ed-624c-4efb-b1c9-baec569a2645,2025-06-04,Swiggy Payment,1775.87,Expense,Food,Debit Card,Zomato,
0324f754-2d59-4e81-8fad-29ed4fba714d,2025-06-05,Water Payment,3075.33,Expense,Bills,Cash,Jio,
1e420f9f-9a63-4870-9d9e-c0e4863702d9,2025-06-05,Starbucks Payment,248.66,Expense,Food,Debit Card,Domino's,
3788c307-75ee-4f79-b483-3a3289655d08,2025-06-05,Swiggy Payment,910.09,Expense,Food,Credit Card,Zomato,
0656ab18-3591-41ed-a05c-bbabfae94ee3,2025-06-06,PVR Payment,420.51,Expense,Entertainment,Credit Card,PVR,
f334d1d2-e0d3-453e-9874-8a7e97b460f6,2025-06-06,PVR Payment,1525.54,Expense,Entertainment,UPI,Event,
bc2fccd4-bfdc-4a22-b5fa-8f88d67379cc,2025-06-06,Swiggy Payment,692.04,Expense,Food,UPI,Starbucks,
5e9a7e2b-05be-4528-94e4-5910a739e28c,2025-06-06,Local Store Payment,2927.14,Expense,Shopping,Cash,Amazon,
4850a0fc-406b-44c8-bcde-7c0dd7e64b39,2025-06-06,Gaming Payment,1593.47,Expense,Entertainment,Debit Card,Gaming,
048c08bc-195f-4a9e-9d25-9c8cc4e8d78d,2025-06-06,Zomato Payment,1464.57,Expense,Food,Cash,Starbucks,
5a6e5aad-b2bf-4ab1-b1ab-f057eb7f38cf,2025-06-06,PVR Payment,2188.6,Expense,Entertainment,Credit Card,Event,
d8553224-52df-4e5d-9c60-64e15800bfb9,2025-06-06,Starbucks Payment,465.18,Expense,Food,Credit Card,Starbucks,
ad24dee0-1f1a-4bfb-b07c-3e066f038477,2025-06-06,Reliance Mart Payment,3207.88,Expense,Shopping,UPI,Amazon,
9e10acec-5235-4a4c-9a22-f0a3548a4900,2025-06-06,Starbucks Payment,418.97,Expense,Food,Cash,Swiggy,
8fc2f2df-e56e-4ba8-9cf2-e96781575b68,2025-06-07,Local Clinic Payment,3756.87,Expense,Healthcare,Debit Card,Dentist,
7f556040-0b14-4abd-a821-bfa92ec33413,2025-06-07,Swiggy Payment,1710.03,Expense,Food,UPI,Local Cafe,
5a449fa5-e767-4697-a07e-d63352e046c6,2025-06-07,Misc Payment,696.97,Expense,Other,UPI,Gift,
e8029d92-0b9f-41cd-924f-bbaf33de4797,2025-06-07,Ola Payment,600.74,Expense,Travel,Cash,Uber,
8799e94b-3aef-4de4-a170-3e4b47327ec6,2025-06-07,Gift Payment,165.44,Expense,Other,Debit Card,Donation,
7c302866-99ef-410f-b137-befff3e82a2c,2025-06-08,Gift Payment,749.02,Expense,Other,Cash,Donation,
10f885a9-0690-438e-98c8-263aa331bb0c,2025-06-08,Gift Payment,363.04,Expense,Other,Debit Card,Gift,
3b10f612-1ebd-490f-a134-4935eb4603fe,2025-06-08,Myntra Payment,523.95,Expense,Shopping,Credit Card,Myntra,
aae8a76d-2112-4185-9ff5-992e0b303d6d,2025-06-08,Swiggy Payment,1542.25,Expense,Food,UPI,Local Cafe,
16f86c7d-14a6-43c3-a74c-d8875a04cafc,2025-06-08,Flight Payment,486.16,Expense,Travel,Cash,Flight,
04d42927-2a5c-4121-ab15-07f148d07a15,2025-06-08,Gift Payment,883.16,Expense,Other,Cash,Misc,
5a43d489-24e9-4eac-8610-209e1307e088,2025-06-09,Amazon Payment,5729.71,Expense,Shopping,Cash,Local Store,
7071c982-eead-45c1-8205-cfd8f0bc566f,2025-06-09,Spotify Payment,1933.93,Expense,Entertainment,Credit Card,PVR,
a6754747-c8c4-4d38-b879-794bace23554,2025-06-09,Event Payment,1729.08,Expense,Entertainment,Cash,Gaming,
3fce728f-d5ce-467a-a74c-c5f708edfd64,2025-06-09,Metro Payment,825.56,Expense,Travel,Cash,Uber,
75d10a59-2d21-4924-a6c2-9bd12aa6900d,2025-06-09,Swiggy Payment,294.28,Expense,Food,Debit Card,Local Cafe,
e9892827-cd36-4e2d-bdf9-f7a60a5d0831,2025-06-09,Domino's Payment,1819.13,Expense,Food,Cash,Zomato,
2efaa387-26f9-4f15-a952-3ace045cb196,2025-06-09,Gas Payment,2441.69,Expense,Bills,Debit Card,Electricity,
aafb338e-f87d-4bdd-b885-4e9f146d6800,2025-06-10,Gas Payment,523.46,Expense,Bills,Credit Card,Airtel,
66d28b95-d0bc-488c-b7c9-6a2748093cbf,2025-06-10,PVR Payment,1602.94,Expense,Entertainment,Cash,Event,
87833c7d-7860-4437-9ced-4944b098a490,2025-06-10,Local Cafe Payment,804.01,Expense,Food,UPI,Local Cafe,
f53e2bd3-2a8a-490d-a7d6-9893e564c87f,2025-06-10,Misc Payment,683.37,Expense,Other,Credit Card,Donation,
dc4384c5-3f61-4508-b44a-9a072f7d1161,2025-06-11,Spotify Payment,778.61,Expense,Entertainment,Cash,PVR,
82985a0b-fbc2-4402-86f0-b119caab8897,2025-06-11,Donation Payment,766.68,Expense,Other,Cash,Misc,
b0e15ee8-df2d-443d-be26-4562af4d47a7,2025-06-11,Domino's Payment,1971.75,Expense,Food,UPI,Local Cafe,
9a517185-d606-4acb-9ec8-b93b8396cd76,2025-06-11,Domino's Payment,555.28,Expense,Food,Cash,Swiggy,
52ac35e6-62ab-436a-ab40-00919695951a,2025-06-11,Jio Payment,4452.83,Expense,Bills,UPI,Airtel,
41e5e2be-4c8c-4957-8980-a3f0317903c3,2025-06-11,Airtel Payment,1668.65,Expense,Bills,Cash,Gas,
bb5e26a4-cd38-4903-a0b5-e5ea1fd85fc8,2025-06-11,Starbucks Payment,1248.69,Expense,Food,Debit Card,Domino's,
9296f1ec-9c22-45e0-9909-da162ea33229,2025-06-11,Domino's Payment,1541.99,Expense,Food,Credit Card,Starbucks,
af000c48-ece4-4052-8173-36af2290944e,2025-06-11,Swiggy Payment,413.33,Expense,Food,Credit Card,Local Cafe,
7fa7ef2d-e5b7-4a9f-9cd9-07337ba4afc4,2025-06-11,Gift Payment,991.96,Expense,Other,Debit Card,Gift,
ff73f6a0-049e-4165-a8ee-bcd8eb92e728,2025-06-11,Uber Payment,269.96,Expense,Travel,Credit Card,Metro,
b7edd100-bd2c-474a-9ab3-a7190dc4d0b4,2025-06-11,Misc Payment,844.23,Expense,Other,Cash,Donation,
ccf82d19-17c6-45d7-ae94-59b3b221fc71,2025-06-11,Event Payment,1222.46,Expense,Entertainment,Cash,Gaming,
44d0527c-4ea9-4305-96ee-601399dc10b6,2025-06-12,Misc Payment,63.61,Expense,Other,Cash,Donation,
31a046a4-0817-4078-8a1b-f125fcd14c74,2025-06-12,Local Cafe Payment,1760.47,Expense,Food,Credit Card,Domino's,
ba7637dc-7137-4945-8be8-a10ee246eb89,2025-06-12,Zomato Payment,1445.51,Expense,Food,Cash,Zomato,
19630724-22c0-4cb7-8d64-989a1d53d8c3,2025-06-12,Spotify Payment,2696.98,Expense,Entertainment,Credit Card,Netflix,
e71bb19a-868a-41b4-aefe-913ab77a4c53,2025-06-12,PVR Payment,1743.45,Expense,Entertainment,UPI,Event,
a47a63b7-f4be-45b1-aee4-98e4ecf68640,2025-06-12,Gift Payment,175.21,Expense,Other,Debit Card,Misc,
3d48085e-c33f-48d3-84f1-a33c6e29f96b,2025-06-12,Gaming Payment,1282.95,Expense,Entertainment,Debit Card,Spotify,
60ec8f96-71ab-4b46-b47a-7fcc89d84003,2025-06-12,Starbucks Payment,1643.73,Expense,Food,Cash,Local Cafe,
8202fde1-216e-4862-8c29-d64246278ab2,2025-06-13,Dentist Payment,1340.67,Expense,Healthcare,Cash,Apollo,
3bdfa1ab-890f-4f7f-a90e-cfd910617865,2025-06-13,Domino's Payment,732.18,Expense,Food,Cash,Domino's,
444f8775-76c6-4b04-a0bd-540968caecf0,2025-06-13,Domino's Payment,1629.37,Expense,Food,Debit Card,Swiggy,
e72d7ff9-70a7-49bd-b100-ef68c156194b,2025-06-13,IRCTC Payment,445.21,Expense,Travel,Credit Card,Uber,
4ec4d072-6d1c-4e43-b992-9c2da2b4b6aa,2025-06-13,Jio Payment,3995.13,Expense,Bills,Debit Card,Water,
a3297323-0a5e-40ae-a307-1a91207b53d1,2025-06-14,Uber Payment,954.44,Expense,Travel,Debit Card,Flight,
491396b3-4ea9-4d26-bc9d-d1c9f1fa6247,2025-06-14,Jio Payment,1690.91,Expense,Bills,UPI,Jio,
9be9f708-c5b6-46aa-80e9-39801b649f5f,2025-06-14,Domino's Payment,354.65,Expense,Food,Cash,Zomato,
1ff60bdc-f4ea-4431-8323-4384532d010e,2025-06-14,Zomato Payment,1165.27,Expense,Food,Cash,Domino's,
6e10a550-4e42-4f22-980f-118f146d92ec,2025-06-14,Uber Payment,474.35,Expense,Travel,Cash,IRCTC,
01f2761d-85d3-4316-9570-283648dacfd8,2025-06-14,Metro Payment,663.86,Expense,Travel,Cash,Uber,
45980ad1-2c9a-4745-bd1f-7267460667f3,2025-06-14,Water Payment,2914.11,Expense,Bills,UPI,Electricity,
2a0ab4e8-5f50-4998-aa3f-2977edc101b2,2025-06-15,Water Payment,2317.97,Expense,Bills,Cash,Airtel,
a114582c-e2d0-45f6-997e-44e352de8604,2025-06-15,Starbucks Payment,576.8,Expense,Food,UPI,Local Cafe,
c69450c0-b325-42c6-afe8-d1815937e1b3,2025-06-15,Local Cafe Payment,695.55,Expense,Food,Credit Card,Swiggy,
fee54330-ff60-4da1-a9e5-4d2812191ea0,2025-06-15,Donation Payment,121.12,Expense,Other,Debit Card,Misc,
884f9f7b-6461-4a31-97f4-7a1b7a7db02b,2025-06-15,Domino's Payment,188.21,Expense,Food,Credit Card,Swiggy,
9d451e81-dc8d-4590-b1ca-4e3bdd33c9b0,2025-06-15,Zomato Payment,847.16,Expense,Food,Debit Card,Swiggy,
20faf6a3-5872-4459-a520-ed72089241f9,2025-06-15,IRCTC Payment,996.23,Expense,Travel,UPI,Ola,
d0fc6a88-286e-4c40-bcd4-67bb38bcb5bd,2025-06-16,Domino's Payment,237.19,Expense,Food,Debit Card,Zomato,
f4ea7eb7-4f7c-4b08-b9b5-0d5f1495f93d,2025-06-16,Zomato Payment,1484.69,Expense,Food,UPI,Zomato,
22722b22-b3d9-4251-a473-1c01df01d549,2025-06-16,Apollo Payment,3576.83,Expense,Healthcare,Credit Card,Apollo,
eda933dc-e93e-4122-8c75-7e98b649be1a,2025-06-16,Starbucks Payment,991.23,Expense,Food,Debit Card,Starbucks,
2e3f4fe1-6066-4d63-8168-d0f9f4e89e9f,2025-06-16,Domino's Payment,567.77,Expense,Food,Credit Card,Zomato,
fe8f0e47-f999-4d89-a1fa-e1f69075202f,2025-06-16,IRCTC Payment,926.92,Expense,Travel,Cash,Flight,
f13e1434-2f3a-4a01-aac3-3fc2a083eed3,2025-06-16,Misc Payment,402.66,Expense,Other,UPI,Donation,
824c35f5-df6e-4cca-9de5-4de73e43467d,2025-06-16,Local Cafe Payment,1177.6,Expense,Food,Debit Card,Zomato,
8baa05f8-5e80-4f4f-92bf-6793933f3458,2025-06-16,Swiggy Payment,465.93,Expense,Food,Credit Card,Zomato,
ae0af921-c51e-4c40-8cd9-f2373ab24eda,2025-06-16,Misc Payment,805.38,Expense,Other,Cash,Misc,
ef839650-e036-404a-90fd-268c63b61095,2025-06-16,Event Payment,1295.23,Expense,Entertainment,Credit Card,Event,
7cdac1ce-6f34-467e-9c72-5a0b06fd5ca7,2025-06-17,Domino's Payment,1013.77,Expense,Food,Credit Card,Domino's,
86bc9194-4c2c-4212-9f09-268e05ba9cfc,2025-06-17,Airtel Payment,2630.99,Expense,Bills,Debit Card,Jio,
6150f026-bd49-481a-9b06-dd2596f6afe8,2025-06-18,Zomato Payment,1020.65,Expense,Food,UPI,Local Cafe,
9cad779c-161b-4da9-b535-8371eca5b8ff,2025-06-18,Misc Payment,508.06,Expense,Other,Credit Card,Gift,
f1c21653-845c-4c49-8362-15d666572cde,2025-06-18,Event Payment,1886.72,Expense,Entertainment,Credit Card,Event,
276ffc82-3ebc-4cdf-97a6-e38803fddb94,2025-06-18,Apollo Payment,2910.08,Expense,Healthcare,Credit Card,PharmEasy,
921ee9ce-06fe-44df-a5f0-3e20cf7e0f66,2025-06-19,Local Cafe Payment,1873.19,Expense,Food,Debit Card,Zomato,
ef92c609-1f9c-43b7-bed8-399d154689e4,2025-06-19,Domino's Payment,1087.14,Expense,Food,Cash,Zomato,
8da4467c-d44b-49e9-94a7-e364d6ffa4dc,2025-06-19,Zomato Payment,1729.75,Expense,Food,Debit Card,Swiggy,
2600adb9-db16-458b-a9d0-7b5264db703c,2025-06-19,Netflix Payment,2144.99,Expense,Entertainment,Cash,PVR,
705dd679-7b20-46b6-a4ad-f5521a284e06,2025-06-19,Misc Payment,713.37,Expense,Other,Debit Card,Misc,
9c356c5f-e20a-4709-aebd-6eeff31523bc,2025-06-19,Gaming Payment,1072.1,Expense,Entertainment,Credit Card,Event,
dff30ec1-93ee-431d-a6fa-d2ee44da0b23,2025-06-19,Starbucks Payment,1464.98,Expense,Food,UPI,Swiggy,
da070621-04df-4218-a95c-5886e0d3fc02,2025-06-19,Starbucks Payment,891.97,Expense,Food,Credit Card,Domino's,
eb0407a5-8030-449f-8ccc-11a750ced9bb,2025-06-19,Gift Payment,830.87,Expense,Other,UPI,Donation,
340e7284-ffed-46b5-b0df-f1dff9e79e87,2025-06-19,Domino's Payment,2816.66,Expense,Food,Debit Card,Domino's,
0d6f5401-bd81-4e83-8c5e-6552202ce322,2025-06-19,Uber Payment,688.42,Expense,Travel,Cash,Metro,
52394df0-15d4-42db-9062-13f0246ed79b,2025-06-19,Local Cafe Payment,1525.65,Expense,Food,Cash,Swiggy,
e548a674-78af-45f8-b339-1f26dc65c7ff,2025-06-19,Donation Payment,878.48,Expense,Other,UPI,Misc,
cd136378-097b-45e2-af84-1076cb91b0f2,2025-06-20,Starbucks Payment,968.11,Expense,Food,Cash,Swiggy,
616dac53-87d6-4347-b6bf-86d17e621547,2025-06-20,Gaming Payment,820.91,Expense,Entertainment,Debit Card,Netflix,
1c72e340-d8c8-49f4-8181-9adca9e50471,2025-06-20,Gas Payment,4956.48,Expense,Bills,Credit Card,Gas,
8e552635-950a-4172-85fa-c867f762bd7d,2025-06-20,Netflix Payment,627.61,Expense,Entertainment,Debit Card,PVR,
a322dee7-3390-41b3-9509-e2e3239babd2,2025-06-20,Uber Payment,744.47,Expense,Travel,Debit Card,Metro,
76636ea3-606d-4c36-8f67-71f2eda325fb,2025-06-20,Gift Payment,158.37,Expense,Other,Cash,Gift,
c8124e2b-eb9b-4e3f-b971-4f81106d2414,2025-06-20,Gift Payment,82.92,Expense,Other,Debit Card,Donation,
fa869aae-6be2-4c87-a244-06f923c7e67f,2025-06-20,Flipkart Payment,8415.86,Expense,Shopping,Cash,Flipkart,
8fabe98e-a279-4475-b844-f36d310a5e1f,2025-06-20,Local Store Payment,5471.89,Expense,Shopping,UPI,Reliance Mart,
21f2e2c0-1749-435b-9843-66ff57be9b95,2025-06-20,PVR Payment,1301.37,Expense,Entertainment,Credit Card,PVR,
b709a8e1-44dd-4987-bf49-a125255ce912,2025-06-21,IRCTC Payment,720.31,Expense,Travel,Credit Card,Ola,
74de1225-4f28-48e8-984b-a394cd7e5fbc,2025-06-21,Donation Payment,685.27,Expense,Other,Credit Card,Misc,
6b1ede5a-2d87-4492-93fe-a6ce54ac701b,2025-06-21,Apollo Payment,2072.42,Expense,Healthcare,Cash,Dentist,
c8d85fa3-a7b2-40c5-b02a-39b0bd44beef,2025-06-21,IRCTC Payment,792.67,Expense,Travel,UPI,IRCTC,
e554d2c9-ae1a-41eb-a9b8-b5472f34a297,2025-06-21,Local Clinic Payment,2941.85,Expense,Healthcare,UPI,Apollo,
5492256d-d386-4d63-9a6a-024cd6f714b0,2025-06-21,Swiggy Payment,180.66,Expense,Food,Cash,Zomato,
3680d4d1-c259-48f8-b41d-d285d2664b6c,2025-06-22,Apollo Payment,4688.29,Expense,Healthcare,Cash,PharmEasy,
32fb3699-d9be-4bfc-b3ce-7fd9f78b509a,2025-06-22,Gas Payment,4749.19,Expense,Bills,Credit Card,Electricity,
205d1394-dff7-4bed-b194-1bdc73b24669,2025-06-22,Spotify Payment,2679.32,Expense,Entertainment,Cash,PVR,
ff12de04-39dc-4de2-a4ef-1217b12ea040,2025-06-22,Starbucks Payment,1023.27,Expense,Food,Credit Card,Starbucks,
14ab9462-365a-4bd3-93e0-c3f2b4de83d4,2025-06-22,Gift Payment,287.19,Expense,Other,Cash,Donation,
dca98b51-f688-460c-bde3-97d515f2d5f7,2025-06-23,Starbucks Payment,624.95,Expense,Food,Credit Card,Zomato,
d33fb070-04c5-4958-bdad-e00f856c5c47,2025-06-23,Misc Payment,951.67,Expense,Other,Cash,Gift,
925ad902-5993-44c8-8f44-71c93fd5feb8,2025-06-23,Local Cafe Payment,697.0,Expense,Food,Credit Card,Domino's,
6b9e6396-2bad-47f8-915a-bb563b1228b4,2025-06-23,Metro Payment,858.95,Expense,Travel,Cash,Flight,
801943fe-6643-4c91-b04d-435a54561870,2025-06-23,Gaming Payment,2904.89,Expense,Entertainment,Cash,Event,
f91f3ef1-ef2d-40d7-a10a-bad3f6069571,2025-06-23,Reliance Mart Payment,4999.6,Expense,Shopping,Credit Card,Local Store,
4826b01e-55fc-48a7-b6ee-5ba0cc3f5be1,2025-06-23,Local Clinic Payment,310.05,Expense,Healthcare,Debit Card,Local Clinic,
34c4c59f-5333-4224-81d0-b74215b6bce4,2025-06-23,Donation Payment,3871.75,Expense,Other,UPI,Donation,
774cf703-4b7a-4523-aaa2-e1fe35ce9785,2025-06-24,Apollo Payment,2806.59,Expense,Healthcare,Credit Card,PharmEasy,
654327da-a93c-4ff9-a895-28def07d0cf1,2025-06-24,Misc Payment,452.63,Expense,Other,Credit Card,Donation,
699ae68d-f26e-4172-a207-5c8ba9a3f35b,2025-06-24,Zomato Payment,192.26,Expense,Food,Credit Card,Local Cafe,
11eecf58-2031-4a7b-b17e-98074635bcb1,2025-06-25,Gift Payment,582.46,Expense,Other,UPI,Gift,
da0ae8c7-71b4-400e-ba2f-f1b39f929e75,2025-06-25,PharmEasy Payment,972.49,Expense,Healthcare,UPI,Local Clinic,
4ef83f7b-010b-4b53-92cb-a03a4f2de6b1,2025-06-25,Zomato Payment,1268.53,Expense,Food,Debit Card,Local Cafe,
d5c60019-3801-49c1-93ea-8cae90d587fa,2025-06-25,Ola Payment,949.03,Expense,Travel,Credit Card,IRCTC,
5eab57a4-4c76-4eb3-8deb-9454b8995b21,2025-06-25,Swiggy Payment,1632.54,Expense,Food,UPI,Swiggy,
32e918c4-8385-42e0-834c-d80e149f42a8,2025-06-25,Misc Payment,187.45,Expense,Other,UPI,Gift,
35823a78-289f-463e-b913-afcdc51eb57b,2025-06-25,Zomato Payment,449.95,Expense,Food,Credit Card,Local Cafe,
9bf84633-c480-48c4-b92f-3bb785faf29a,2025-06-26,Starbucks Payment,1097.86,Expense,Food,Credit Card,Swiggy,
cb87c76a-419e-49ee-9b32-1af45c290948,2025-06-26,Misc Payment,70.64,Expense,Other,Debit Card,Donation,
87ba4bf3-2cf4-4780-a51f-e720b433dfcd,2025-06-26,Ola Payment,574.85,Expense,Travel,UPI,Uber,
cc459cd9-2c1a-43a2-8d76-4537322c6cce,2025-06-26,Domino's Payment,1702.66,Expense,Food,UPI,Zomato,
3e53c7a3-c0a6-42bc-a3f5-1ed811bd609a,2025-06-26,Uber Payment,772.93,Expense,Travel,Credit Card,Uber,
13aaecec-97b1-4e8c-abc0-9be07463bef4,2025-06-26,Domino's Payment,1887.17,Expense,Food,Debit Card,Swiggy,
491778c1-b8ae-4e41-9ea6-4006260ca7f6,2025-06-26,Airtel Payment,1979.73,Expense,Bills,UPI,Electricity,
be3e9500-9d98-43f4-9187-8835719f2c49,2025-06-27,Local Cafe Payment,1393.8,Expense,Food,Credit Card,Swiggy,
fbad3c16-f013-4372-8cbc-07c17c09e074,2025-06-27,Uber Payment,511.37,Expense,Travel,UPI,IRCTC,
3ec19740-7908-4974-bf2f-e330fcedd6ac,2025-06-27,Domino's Payment,865.55,Expense,Food,Credit Card,Starbucks,
6b157d5f-8d6b-4fad-8cb1-19390d39515c,2025-06-27,Donation Payment,220.18,Expense,Other,UPI,Misc,
5462d0c6-59f9-4639-9d11-c65f6cfc77a0,2025-06-27,Misc Payment,563.42,Expense,Other,Debit Card,Misc,
152f806c-178b-4e91-aa2f-a2622f3f4b82,2025-06-27,Starbucks Payment,738.93,Expense,Food,Debit Card,Zomato,
d0c033d2-083e-4415-b0f0-7c49e8d98b7d,2025-06-27,Misc Payment,446.85,Expense,Other,Debit Card,Gift,
650bd973-c1b9-4769-88d7-d57c5c3a71aa,2025-06-27,Domino's Payment,1252.39,Expense,Food,Debit Card,Local Cafe,
dfb3081e-b2e7-4c29-ad6c-9383f55d8290,2025-06-27,Zomato Payment,449.59,Expense,Food,UPI,Zomato,
00a94a3c-fad4-4a52-a0dc-86ba535c457c,2025-06-28,Starbucks Payment,1844.4,Expense,Food,Credit Card,Zomato,
f2835e63-d73a-4bb6-a1cc-40177f9e788a,2025-06-28,Local Cafe Payment,469.18,Expense,Food,Debit Card,Zomato,
93a67818-76e5-42c8-bf65-0f9f21952138,2025-06-28,Local Cafe Payment,1355.62,Expense,Food,Debit Card,Starbucks,
1c4eb0ec-3f0a-4754-bd1f-ae0e0a91454c,2025-06-28,Flight Payment,894.98,Expense,Travel,Cash,IRCTC,
f8306640-1cd1-47d9-bc34-350a59870293,2025-06-28,Myntra Payment,2263.56,Expense,Shopping,Debit Card,Local Store,
a282fe19-4ede-4cd0-836e-839bd6bd8f7e,2025-06-28,Gas Payment,1978.03,Expense,Bills,UPI,Gas,
2a342ef1-1fe4-4d83-b245-42d3ccc25888,2025-06-28,Gift Payment,435.27,Expense,Other,Credit Card,Gift,
d2ccda38-447f-4e0d-a27f-b76e4bc043fe,2025-06-29,Donation Payment,3884.17,Expense,Other,Cash,Gift,
2d8ed094-ed60-4a29-96d2-3781ae3c1ded,2025-06-29,Domino's Payment,830.17,Expense,Food,Credit Card,Swiggy,
3ff05a2a-6080-4a66-bf3f-2da1f0bd6b53,2025-06-29,Gift Payment,526.63,Expense,Other,Debit Card,Gift,
37578409-4542-4ad3-88a7-6eeeb421ffa1,2025-06-29,Domino's Payment,1927.17,Expense,Food,Debit Card,Swiggy,
fd37183b-82e6-4783-92ff-b4f68142e56d,2025-06-29,Zomato Payment,1820.1,Expense,Food,Credit Card,Starbucks,
8450b6cb-6845-46c3-a9fe-f385face41f6,2025-06-29,Donation Payment,923.48,Expense,Other,Cash,Donation,
03be2fa0-b800-4542-9f0b-400cede56f36,2025-06-29,Gaming Payment,2948.07,Expense,Entertainment,Cash,PVR,
bfdbb619-30e3-4611-a813-e597ae158dd7,2025-06-30,IRCTC Payment,222.18,Expense,Travel,Cash,Metro,
e9faf017-ee47-40a5-9777-b00cf07fd221,2025-06-30,Gift Payment,525.0,Expense,Other,Cash,Donation,
bcfa7065-ddbe-4b02-8189-4f27f736a871,2025-06-30,Ola Payment,910.74,Expense,Travel,UPI,IRCTC,
99389970-c9bb-43e9-be92-f4ab8da7ad3f,2025-06-30,Gaming Payment,2446.53,Expense,Entertainment,Cash,Event,
6f41e6c1-6fb7-41b6-a4eb-24b6fdb3c57a,2025-06-30,Local Clinic Payment,4819.12,Expense,Healthcare,Credit Card,Apollo,
de328331-076c-4304-9dc8-bdb5a3354358,2025-06-30,Gift Payment,809.8,Expense,Other,UPI,Donation,
8b804a15-f160-404c-ae15-33fae223b606,2025-07-01,Local Cafe Payment,302.37,Expense,Food,Debit Card,Swiggy,
5bda0894-8ef2-48e1-939f-1bd281e9696f,2025-07-01,Uber Payment,63.97,Expense,Travel,Debit Card,Flight,
9e455cc4-2d5c-4102-ac46-d9a22a30f338,2025-07-01,Netflix Payment,811.72,Expense,Entertainment,Cash,Netflix,
6376201b-d961-4952-8ba8-a7a144dc6754,2025-07-01,PharmEasy Payment,560.23,Expense,Healthcare,Cash,Local Clinic,
c256f0ab-048e-4566-bfb9-8327cf711ac0,2025-07-01,Monthly Salary,50595.94,Income,Salary,Bank Transfer,Employer,Regular Income
c4ebaa1b-d66b-4c96-bd89-670f122bb3fe,2025-07-01,Gift Payment,671.62,Expense,Other,Cash,Donation,
60727c1c-bc53-4e1e-88d2-823dc969c1a0,2025-07-02,Metro Payment,133.9,Expense,Travel,Credit Card,Flight,
db35174c-5f58-4466-9235-2fb5cb2dcd62,2025-07-02,IRCTC Payment,582.33,Expense,Travel,UPI,Metro,
e5499263-acb5-4d60-b5f6-e8f1c11c4569,2025-07-02,Uber Payment,866.67,Expense,Travel,UPI,Uber,
a4e929e3-6c04-47ec-9af6-52d094ff938c,2025-07-02,Event Payment,1360.97,Expense,Entertainment,Debit Card,Event,
3b7c41f3-4899-4222-b8f4-bc3aef6c1cf0,2025-07-03,Gas Payment,4907.56,Expense,Bills,Debit Card,Airtel,
32e06ada-b7fc-444d-9ca5-d71438c7f057,2025-07-03,Domino's Payment,440.45,Expense,Food,Debit Card,Domino's,
9338107a-e921-4689-8c78-44a837af6859,2025-07-03,Ola Payment,866.49,Expense,Travel,Cash,Metro,
6030f49d-07e6-403e-b838-b763423d3b90,2025-07-03,Spotify Payment,1491.05,Expense,Entertainment,Credit Card,Spotify,
931451be-4e7a-4119-9d2d-a5ee40201b81,2025-07-03,Swiggy Payment,773.82,Expense,Food,Cash,Swiggy,
74e4afa9-2051-485d-aa2e-52f1a8b70207,2025-07-03,Gift Payment,954.34,Expense,Other,Credit Card,Gift,
994bcc1e-1cb3-49e3-9bcb-711871cfe777,2025-07-03,Local Cafe Payment,1212.3,Expense,Food,UPI,Zomato,
60e99611-13fe-48b6-88f7-052f0c4f81aa,2025-07-03,Misc Payment,458.93,Expense,Other,Credit Card,Donation,
95f16196-092e-494a-a488-3523931a21e9,2025-07-03,Donation Payment,222.75,Expense,Other,Debit Card,Gift,
18aee8da-233c-49ce-85fb-b6e1b07f8ab7,2025-07-03,Airtel Payment,1043.1,Expense,Bills,Debit Card,Electricity,
79e4f0a9-1604-4b59-852e-6e5e8d17fb1a,2025-07-04,Water Payment,763.69,Expense,Bills,Debit Card,Water,
c052d2a9-3118-4af7-9f23-524c805e2231,2025-07-04,Local Cafe Payment,784.94,Expense,Food,Cash,Domino's,
899802f8-9be6-4749-8b51-47f62567033b,2025-07-04,Netflix Payment,2384.48,Expense,Entertainment,Debit Card,Netflix,
3d4d06cc-8acf-4339-8ca8-79cc8dfd8155,2025-07-04,Misc Payment,548.54,Expense,Other,UPI,Misc,
a58f4b0f-e95e-4ef9-b620-9fd1b614086c,2025-07-04,Flight Payment,64.07,Expense,Travel,Credit Card,IRCTC,
e23267d5-dc9f-453d-9970-f8a146998153,2025-07-04,Starbucks Payment,1647.22,Expense,Food,Cash,Swiggy,
3075fe1b-ae37-4a90-ae69-2715a92215e8,2025-07-04,Airtel Payment,1525.79,Expense,Bills,UPI,Airtel,
29b28d6f-4a97-4d7b-a442-37314a1cec95,2025-07-05,Local Store Payment,9178.65,Expense,Shopping,Credit Card,Reliance Mart,
57d93a43-3b5a-4f22-818e-805131fbcc43,2025-07-05,Flight Payment,408.04,Expense,Travel,Cash,Ola,
3299250e-9f22-4235-aa28-019abf8e0558,2025-07-05,Swiggy Payment,1449.49,Expense,Food,Debit Card,Swiggy,
68062c01-ec76-473a-91c0-ec310b45a8da,2025-07-05,Local Cafe Payment,701.59,Expense,Food,Credit Card,Zomato,
3dcb61d6-2855-4d72-b4ee-11280f2a3a32,2025-07-06,Local Cafe Payment,881.44,Expense,Food,UPI,Starbucks,
88c80f23-f401-436a-b424-6cc69cfe0de5,2025-07-06,Local Store Payment,7536.17,Expense,Shopping,Debit Card,Myntra,
ffe8d999-f6c1-4979-92ba-a0618512c234,2025-07-06,Local Cafe Payment,189.39,Expense,Food,Credit Card,Zomato,
7799e964-f868-4d5b-8627-376704871d0b,2025-07-06,PVR Payment,1782.64,Expense,Entertainment,Debit Card,PVR,
9311bc81-1d68-4388-a570-160d9b729723,2025-07-06,Ola Payment,76.22,Expense,Travel,Debit Card,Uber,
59c7c21c-8daf-43a1-befe-600ec81957b4,2025-07-06,Local Cafe Payment,1889.61,Expense,Food,Cash,Starbucks,
dedc6fea-7b8b-4c93-9413-faa3cb7ccd13,2025-07-06,PVR Payment,2723.14,Expense,Entertainment,UPI,PVR,
46aa960f-eeb5-4417-9b83-24f2bee43882,2025-07-07,Domino's Payment,719.37,Expense,Food,Debit Card,Starbucks,
df8185cd-401b-4526-b529-e7331113457a,2025-07-07,Flipkart Payment,975.02,Expense,Shopping,UPI,Myntra,
6e50ed3c-2a1f-4434-9ef1-443abc2b4130,2025-07-07,Donation Payment,52.53,Expense,Other,UPI,Misc,
bdac99c2-ae66-4384-9d86-31748a7c82ac,2025-07-07,Zomato Payment,733.76,Expense,Food,Cash,Starbucks,
d5049faf-c169-4784-bf0c-5ec51f1fed26,2025-07-07,Swiggy Payment,1603.46,Expense,Food,Cash,Local Cafe,
bd1135da-22e7-46cc-b25f-2852363b887e,2025-07-07,Netflix Payment,1652.24,Expense,Entertainment,Credit Card,Event,
5e7d3d29-21b1-40c3-923a-6c26a935c5de,2025-07-07,Donation Payment,763.08,Expense,Other,UPI,Donation,
348cd8b3-91fb-4e48-b944-13d212376e71,2025-07-07,Event Payment,2557.08,Expense,Entertainment,Debit Card,Gaming,
85d501cb-9c79-4af5-a6a3-0f5bcf61fc75,2025-07-07,Ola Payment,188.65,Expense,Travel,Cash,Ola,
a91d4baa-5681-420c-9bcd-b24c225e9d38,2025-07-07,Water Payment,1491.69,Expense,Bills,UPI,Airtel,
b20e0d9d-5d7d-4373-b260-fa6b8481aa06,2025-07-08,Starbucks Payment,926.05,Expense,Food,Credit Card,Starbucks,
cfc8c7cc-bf83-407e-a464-682e51be2d46,2025-07-08,Gift Payment,490.65,Expense,Other,Cash,Gift,
169fe48f-16ce-4e13-886d-545d2f82476a,2025-07-08,Zomato Payment,634.16,Expense,Food,Cash,Zomato,
4d731301-58e6-4f35-b215-51284afc7c0c,2025-07-08,Water Payment,1203.4,Expense,Bills,Cash,Gas,
0cfd5bde-7d0c-47a4-a6e2-530758558051,2025-07-08,Electricity Payment,4696.18,Expense,Bills,Cash,Gas,
3535a3aa-1261-4745-8dc0-272710826108,2025-07-08,Misc Payment,778.17,Expense,Other,UPI,Gift,
220d276c-4ea6-4b26-9a73-e337309ead1b,2025-07-08,Local Cafe Payment,1728.71,Expense,Food,Debit Card,Domino's,
575e517f-f9a8-453e-9e77-031f9526beee,2025-07-08,Ola Payment,552.85,Expense,Travel,Credit Card,Flight,
37718164-fd8c-4f02-8209-adde8f8b653f,2025-07-08,Ola Payment,994.51,Expense,Travel,Cash,Uber,
c2bab35c-fc7e-42f2-81ab-2f5007779801,2025-07-09,Donation Payment,886.13,Expense,Other,Cash,Gift,
94ca8548-b166-454c-b7cb-bd32b07623f6,2025-07-09,Gift Payment,770.84,Expense,Other,Debit Card,Donation,
3a2e0de5-4ffc-4c03-a435-eeb8eb2f1a0d,2025-07-09,Flight Payment,168.84,Expense,Travel,Debit Card,Uber,
e6cc8125-3155-4f4b-91b5-023a11252f36,2025-07-09,Gift Payment,314.61,Expense,Other,Cash,Donation,
184f89aa-d456-47e9-a754-76446498dd00,2025-07-09,Gift Payment,497.33,Expense,Other,UPI,Misc,
9883aab8-6717-47bd-9ace-30d7864e4ecd,2025-07-09,Local Cafe Payment,304.24,Expense,Food,Cash,Local Cafe,
950b37dc-49e0-42f0-bb79-d132687abe88,2025-07-09,Electricity Payment,4288.25,Expense,Bills,UPI,Jio,
e4860434-51c5-4c2f-a933-2f193d5a07db,2025-07-09,Gift Payment,541.79,Expense,Other,Cash,Gift,
f857f04e-9a8d-4c52-bdbd-84f801e0cdd4,2025-07-09,Zomato Payment,342.66,Expense,Food,UPI,Local Cafe,
0b428a5d-ced0-4fe2-ac0e-1740d57cb86f,2025-07-09,Zomato Payment,1667.17,Expense,Food,Cash,Swiggy,
e5989e0b-9360-48a8-8ba4-60ed0a477919,2025-07-09,Starbucks Payment,1368.96,Expense,Food,UPI,Zomato,
a30eaa69-0fd6-410e-9beb-a8d7ea846665,2025-07-09,Local Cafe Payment,1443.55,Expense,Food,Debit Card,Zomato,
2a10a072-8774-4f3d-950e-cff8f859ba91,2025-07-09,Starbucks Payment,1766.18,Expense,Food,Debit Card,Domino's,
9e980fbf-2abb-4e4e-bc76-cd417367d0e9,2025-07-10,Apollo Payment,2460.53,Expense,Healthcare,Cash,PharmEasy,
e0ced288-fe7b-4b7e-9109-b1db1778111e,2025-07-10,Local Store Payment,4749.18,Expense,Shopping,Credit Card,Amazon,
f30e3301-d7f7-4a22-ab0b-9fbe2d173bc5,2025-07-10,Gift Payment,182.31,Expense,Other,Credit Card,Misc,
dc9489d7-d99c-479b-a176-48fc3bb8097d,2025-07-10,Starbucks Payment,849.59,Expense,Food,Cash,Starbucks,
c2782066-357e-4029-b6b8-3f2223895e96,2025-07-10,Flipkart Payment,5796.94,Expense,Shopping,UPI,Local Store,
8ede3adb-5bef-4a1c-8fe4-0a914707b8ac,2025-07-10,Metro Payment,296.32,Expense,Travel,UPI,IRCTC,
ee51a9aa-9064-4b53-9c52-cf1ddab7a08e,2025-07-10,Reliance Mart Payment,2146.03,Expense,Shopping,Cash,Reliance Mart,
816fb83b-6e7d-472b-a64d-85c808bb90bd,2025-07-10,Ola Payment,918.82,Expense,Travel,Credit Card,Flight,
55ee5577-feec-42e8-88f2-2f6e39df1dc2,2025-07-11,Swiggy Payment,1079.86,Expense,Food,UPI,Swiggy,
048e2f0c-e19e-4942-8583-7569aede9b1c,2025-07-11,Domino's Payment,1526.08,Expense,Food,UPI,Starbucks,
6193213d-7029-436e-9366-8e49c088934d,2025-07-11,Donation Payment,68.03,Expense,Other,Cash,Donation,
739a8de9-2aa8-4361-9443-d9a50ad96998,2025-07-11,Amazon Payment,6224.7,Expense,Shopping,Cash,Local Store,
8ccfa6bf-7269-4de9-bbc3-29a6e32cd4c0,2025-07-11,PharmEasy Payment,266.79,Expense,Healthcare,Cash,Local Clinic,
15f47942-30f6-4c98-bdc1-9dff0eb07ff1,2025-07-11,Spotify Payment,733.52,Expense,Entertainment,Cash,Gaming,
d85cc918-5c83-4c2c-9ff8-515232b6c76b,2025-07-12,Reliance Mart Payment,2816.18,Expense,Shopping,UPI,Amazon,
c9199443-baab-4c18-a977-c61771bf85c8,2025-07-12,Netflix Payment,467.37,Expense,Entertainment,Credit Card,Event,
bd710f89-e756-41fd-b2cf-54faa55c44a1,2025-07-12,Myntra Payment,7588.07,Expense,Shopping,Debit Card,Amazon,
9db48a7a-9827-4334-8f26-8f43f6802dbb,2025-07-12,Starbucks Payment,1924.31,Expense,Food,Debit Card,Starbucks,
c552ce8c-bbb8-4ef6-91d3-9ae9edfdfe6f,2025-07-12,Netflix Payment,882.72,Expense,Entertainment,UPI,Netflix,
00c7c4e8-e606-4e62-94da-810b3a0500f8,2025-07-12,Domino's Payment,1792.01,Expense,Food,Credit Card,Domino's,
27c0a201-c229-478f-b48d-098653f11fa4,2025-07-13,Domino's Payment,1394.51,Expense,Food,Cash,Starbucks,
38782c76-1dd6-4767-849b-89f80cdfd496,2025-07-13,Local Cafe Payment,144.89,Expense,Food,Debit Card,Swiggy,
f867d9de-7bc4-4530-b89d-c7c20dd7c4e0,2025-07-13,PVR Payment,1876.44,Expense,Entertainment,Cash,Event,
310b67fc-0646-4bfa-b4f9-e5b81aafe9ee,2025-07-13,Domino's Payment,174.13,Expense,Food,UPI,Zomato,
e8ce51bb-5d4d-4675-b069-a6c5e86475ce,2025-07-13,Uber Payment,272.12,Expense,Travel,Credit Card,Uber,
8840abb9-d62e-455c-a45b-efc8ab2f34de,2025-07-13,Uber Payment,899.8,Expense,Travel,Debit Card,IRCTC,
91f4eb1b-ac40-4377-82f5-1fdff4942e2a,2025-07-13,IRCTC Payment,480.85,Expense,Travel,Credit Card,IRCTC,
b4de1b69-dd1d-4c7f-bf07-477914fd8f46,2025-07-13,Zomato Payment,1775.6,Expense,Food,Credit Card,Starbucks,
011b3683-4acd-48ef-993d-cfa6dd38e5d7,2025-07-13,Gift Payment,793.09,Expense,Other,Debit Card,Donation,
5f1f8260-15ed-4d9f-a1a4-8c732595427b,2025-07-13,Zomato Payment,568.25,Expense,Food,Cash,Zomato,
9c38faea-68a1-4aee-b7cf-4195553bd4d8,2025-07-13,Uber Payment,290.56,Expense,Travel,UPI,Metro,
fdcc96f0-c023-4c37-925f-ff4b9ac3c24b,2025-07-14,Local Cafe Payment,1002.07,Expense,Food,Cash,Local Cafe,
8ab3925f-c2b5-453f-93e0-fad68fb57c97,2025-07-14,Water Payment,1662.47,Expense,Bills,Credit Card,Airtel,
cdcaad85-e101-428c-9fba-329aa60a78c3,2025-07-14,Zomato Payment,1812.57,Expense,Food,Debit Card,Starbucks,
9ec64c03-830b-4509-8dee-288685cd6384,2025-07-14,Electricity Payment,3372.75,Expense,Bills,UPI,Gas,
b1cca87e-88e7-4361-8f56-70e81b448a22,2025-07-14,Swiggy Payment,1429.34,Expense,Food,Credit Card,Local Cafe,
6beaf175-2cd3-44ff-9d6e-22fbe9bf94a7,2025-07-15,Flight Payment,678.58,Expense,Travel,Credit Card,Metro,
346d4a24-0475-4760-8955-4492094f3950,2025-07-15,Airtel Payment,3434.3,Expense,Bills,UPI,Airtel,
76143bf8-91c1-4a19-b16b-68f10f4a0437,2025-07-15,Uber Payment,965.82,Expense,Travel,UPI,Flight,
94f90567-105b-4474-83b3-f0c3f9df0a6e,2025-07-15,Gift Payment,469.9,Expense,Other,Debit Card,Donation,
b6b48d48-09ee-42fd-8f81-be1984c49dde,2025-07-15,Metro Payment,291.83,Expense,Travel,Debit Card,Uber,
da4d61b5-2293-422a-89f3-dfbe73479fdc,2025-07-15,Dentist Payment,1680.52,Expense,Healthcare,Cash,Dentist,
85cf6a2a-857d-493e-9479-647932132fbf,2025-07-16,Metro Payment,600.61,Expense,Travel,Cash,Uber,
bcc68da6-5be2-428c-b26d-915791ca0eb1,2025-07-16,Gas Payment,2584.91,Expense,Bills,Credit Card,Gas,
a9da4961-9df0-4f7d-b974-a96ad4453f69,2025-07-16,Donation Payment,464.76,Expense,Other,Cash,Gift,
20d03885-209f-4049-9fa1-878c5a69bfd4,2025-07-16,Gaming Payment,1809.87,Expense,Entertainment,UPI,Spotify,
f108b30d-f56c-49e8-8b43-4fcdc88babb7,2025-07-16,Water Payment,3397.18,Expense,Bills,Cash,Jio,
294d34a6-d906-4527-95f7-2675685f112f,2025-07-17,Netflix Payment,1585.29,Expense,Entertainment,Credit Card,PVR,
0206c45e-e00d-48e8-b1ab-da3e6a06cc1f,2025-07-17,Swiggy Payment,1567.58,Expense,Food,Cash,Domino's,
2bcfdbc1-7e67-48c6-8ceb-7960dfc1c233,2025-07-17,Local Cafe Payment,247.22,Expense,Food,Debit Card,Starbucks,
cc0a019b-7117-4048-84bb-32710c168dc1,2025-07-17,Ola Payment,996.42,Expense,Travel,Debit Card,Ola,
3293e0f3-bd0d-4629-a0d7-6bb44e4b2f59,2025-07-17,Misc Payment,169.28,Expense,Other,Debit Card,Misc,
96ba0124-2b37-44a4-a47d-c5e4e89255a8,2025-07-17,Starbucks Payment,1408.49,Expense,Food,Cash,Domino's,
b50adbcc-012b-4e69-b04c-10c7c98d3814,2025-07-17,Netflix Payment,1569.48,Expense,Entertainment,Cash,Spotify,
e9d490b3-d560-4837-852c-5b80cdcf230f,2025-07-17,Misc Payment,763.16,Expense,Other,Cash,Donation,
7bbf13f7-1ceb-4905-a9b2-298324e3b370,2025-07-17,Domino's Payment,861.48,Expense,Food,Cash,Domino's,
04040286-ffa9-472b-8df5-88655f40d22a,2025-07-17,Flipkart Payment,8118.44,Expense,Shopping,Credit Card,Local Store,
b5dc24d4-fbe3-455a-99bf-b0b08e8dcb8c,2025-07-18,Metro Payment,819.94,Expense,Travel,Debit Card,Metro,
52315519-d08b-4613-be58-87009c18d0de,2025-07-18,Jio Payment,4908.38,Expense,Bills,Debit Card,Airtel,
85d62c51-4025-4cfa-bdb0-a4c975157999,2025-07-18,Dentist Payment,624.55,Expense,Healthcare,Credit Card,Dentist,
6d74b1ca-1839-4d98-9494-8a985e5e9b98,2025-07-18,Local Store Payment,7307.73,Expense,Shopping,Cash,Local Store,
f415fa9e-03ec-4df3-bca2-9dde133c7184,2025-07-19,Myntra Payment,9221.3,Expense,Shopping,Cash,Reliance Mart,
5e5c3f97-11a6-4bca-acb3-4b0722326522,2025-07-19,Airtel Payment,4721.64,Expense,Bills,Cash,Gas,
a203c83f-45ae-4b53-8d50-9ed03e010b9c,2025-07-19,Local Cafe Payment,1185.06,Expense,Food,Debit Card,Local Cafe,
aa0d1fa2-eb0a-4905-be8c-3b639f137eae,2025-07-19,Swiggy Payment,128.85,Expense,Food,Credit Card,Starbucks,
a5d5c725-b8b5-42bc-93af-668ff0f91585,2025-07-19,Electricity Payment,1129.69,Expense,Bills,Credit Card,Jio,
50585433-c7a1-4564-aeca-b27602b1d0c1,2025-07-19,Donation Payment,920.11,Expense,Other,Debit Card,Donation,
9b07ef21-1123-454c-a6d5-01d0bb78daab,2025-07-19,Domino's Payment,1873.36,Expense,Food,Cash,Swiggy,
22e17b35-0ae8-41b3-8505-35e50e07c1ce,2025-07-19,Event Payment,2601.77,Expense,Entertainment,Cash,Event,
d94680f6-ed70-44b0-8082-7deaae00ef10,2025-07-19,Misc Payment,211.05,Expense,Other,Debit Card,Gift,
e553d584-3aa4-4417-a1eb-44d17d2bc1b6,2025-07-19,Flight Payment,960.71,Expense,Travel,Cash,Uber,
266b74f6-c24d-4762-83fd-f5f346f62158,2025-07-19,Local Cafe Payment,1940.04,Expense,Food,Credit Card,Domino's,
d5bb7e53-f606-4245-9778-de184adfeba1,2025-07-19,Domino's Payment,1934.38,Expense,Food,Credit Card,Zomato,
22ccb4d7-11d8-4fe4-8726-3798feafb9c0,2025-07-20,Swiggy Payment,1483.07,Expense,Food,Debit Card,Domino's,
8df84194-198b-4557-94a3-278102d9bb0e,2025-07-20,Zomato Payment,1546.01,Expense,Food,Debit Card,Zomato,
c69e032b-faad-486c-99b9-ef905ec83cdd,2025-07-20,Local Cafe Payment,1066.45,Expense,Food,Cash,Domino's,
7be21dae-b4b1-4275-93e5-e7543e20fe2d,2025-07-20,Airtel Payment,2253.59,Expense,Bills,UPI,Jio,
56c2879c-7bac-4a65-8208-c476a6cd453f,2025-07-20,Metro Payment,646.94,Expense,Travel,Debit Card,IRCTC,
30b990b3-6139-4705-b3c3-1363e141be2c,2025-07-20,Donation Payment,409.79,Expense,Other,Credit Card,Gift,
58123944-ee2c-4226-8615-f2bbb39c87e0,2025-07-20,Jio Payment,1468.44,Expense,Bills,Debit Card,Gas,
67787d8c-f516-48c6-860b-ebb9c9cf0a23,2025-07-21,Water Payment,1973.29,Expense,Bills,UPI,Airtel,
c0422dcd-2ab0-4391-ac2a-9ae98272d0bd,2025-07-21,Jio Payment,1574.45,Expense,Bills,Cash,Water,
5214b730-8325-4458-8c39-0e4c781fdafa,2025-07-21,Water Payment,3898.03,Expense,Bills,Credit Card,Jio,
4abc17c1-7ca5-44d0-9b0d-d545fec9ef21,2025-07-21,Gas Payment,1960.31,Expense,Bills,UPI,Water,
7df39c25-4683-41b7-bba8-da7bf97c3f1c,2025-07-21,Domino's Payment,100.55,Expense,Food,Debit Card,Domino's,
cea09bc5-11ea-490d-8177-d36344bee844,2025-07-21,IRCTC Payment,364.64,Expense,Travel,Credit Card,Uber,
65b0581c-7999-427e-965d-18ed07ff467b,2025-07-21,Donation Payment,112.8,Expense,Other,UPI,Donation,
59c5513e-b2b3-43d0-b1ae-a2ae322391b7,2025-07-22,Local Clinic Payment,3618.56,Expense,Healthcare,Credit Card,Local Clinic,
40fbf7ab-78e6-43df-b373-ba6717812716,2025-07-22,Misc Payment,537.15,Expense,Other,UPI,Misc,
56fa2d2f-1594-44fa-b528-a05d1bb294dc,2025-07-22,Spotify Payment,1548.87,Expense,Entertainment,Debit Card,Spotify,
65b778f1-2ced-4133-ad59-4c054ae6c2dd,2025-07-22,Reliance Mart Payment,7641.88,Expense,Shopping,Cash,Flipkart,
eefff511-a296-467d-83b3-bd5e44c143dd,2025-07-22,Gift Payment,796.41,Expense,Other,Credit Card,Gift,
2efebc64-9cfe-4334-9515-f0d1dfdcb2f6,2025-07-22,Gaming Payment,412.0,Expense,Entertainment,Debit Card,Spotify,
2d414214-e020-4457-96a1-2afb366f97ac,2025-07-22,Uber Payment,303.99,Expense,Travel,UPI,IRCTC,
abdb2165-4ed9-415a-8563-fb5b6ce630c9,2025-07-23,Jio Payment,1378.17,Expense,Bills,UPI,Electricity,
19e064b1-e2c4-4e20-a3c4-7f6aacabcdb9,2025-07-23,Domino's Payment,394.54,Expense,Food,Debit Card,Zomato,
4db3839f-68ec-4cf9-a741-367748765119,2025-07-23,Myntra Payment,1704.8,Expense,Shopping,Credit Card,Reliance Mart,
e26e03f0-486f-4c4b-9208-218807be0fd7,2025-07-23,Misc Payment,986.62,Expense,Other,Cash,Gift,
374e1db9-8541-48c1-a336-2a4ec902b9bf,2025-07-23,Amazon Payment,9601.76,Expense,Shopping,Credit Card,Amazon,
99eaac1e-db60-4f6d-8b1a-80c22f2a4fc2,2025-07-23,Swiggy Payment,1960.82,Expense,Food,Credit Card,Swiggy,
3ec32f87-7141-433f-b89a-7a49b9eb5af3,2025-07-23,Starbucks Payment,1060.75,Expense,Food,Cash,Local Cafe,
2c661bbe-2a03-4ff5-a31e-0258a39c8b07,2025-07-23,Gift Payment,656.51,Expense,Other,Cash,Misc,
9bc1ee15-42ff-47ec-b609-522b7fcb4eed,2025-07-24,Zomato Payment,627.11,Expense,Food,Credit Card,Starbucks,
708cb0ca-8fd9-4fdd-89a0-898dc7dcd58f,2025-07-24,Uber Payment,54.23,Expense,Travel,UPI,Flight,
f62f1e7d-6db0-4b4d-833c-673190543d7d,2025-07-24,Local Cafe Payment,723.7,Expense,Food,Cash,Starbucks,
13229e65-0e7b-4b5b-bf3c-345e94b7950d,2025-07-24,Amazon Payment,1325.21,Expense,Shopping,Debit Card,Amazon,
40ecd34e-64a7-41d5-b407-92d2575de5f9,2025-07-24,Gift Payment,800.28,Expense,Other,UPI,Misc,
eb5f7e44-5670-45f0-a71f-448196fc14c4,2025-07-25,Dentist Payment,4244.36,Expense,Healthcare,Cash,Dentist,
c3704c31-7939-4a51-ae88-640c20d2d50b,2025-07-25,Metro Payment,573.15,Expense,Travel,Credit Card,Metro,
b22b7580-f40c-4893-8162-623295087c8c,2025-07-25,Gift Payment,450.59,Expense,Other,Debit Card,Donation,
400b378f-cf01-4013-9e31-49d681689cbb,2025-07-25,Amazon Payment,1772.53,Expense,Shopping,UPI,Amazon,
5e8a8377-e309-4140-a69f-ae27de49e9e9,2025-07-25,Local Cafe Payment,1486.96,Expense,Food,UPI,Domino's,
eaba5296-f7e4-4598-b03d-b70a409b263a,2025-07-25,Amazon Payment,6333.36,Expense,Shopping,Cash,Local Store,
3777763e-7520-43d0-b7ef-24e53299c5f4,2025-07-25,Gas Payment,637.85,Expense,Bills,Credit Card,Airtel,
557b1fff-fb71-4210-b4b6-510eb11c357d,2025-07-26,IRCTC Payment,260.44,Expense,Travel,Credit Card,Uber,
77ae5154-5420-4c08-b002-5a755cf29fb0,2025-07-26,PharmEasy Payment,3960.52,Expense,Healthcare,Debit Card,Apollo,
38c0f38a-49de-4e10-a882-7aa044ef06fd,2025-07-26,Gift Payment,524.25,Expense,Other,Debit Card,Donation,
8423c718-2e1a-40b6-ac51-5aabe242beb8,2025-07-26,Domino's Payment,1653.03,Expense,Food,UPI,Zomato,
3b1b36e1-a53b-4047-9e07-2460f7115a93,2025-07-26,Local Store Payment,2118.22,Expense,Shopping,UPI,Reliance Mart,
0338996d-2428-4dd6-835f-40fdee09682e,2025-07-26,Ola Payment,80.49,Expense,Travel,UPI,Metro,
140ef31b-1cfa-4ca9-ad50-2cdd3b4b84b7,2025-07-27,Reliance Mart Payment,8312.78,Expense,Shopping,Cash,Local Store,
46b8d7a9-7711-4151-960b-0a8733bfd51b,2025-07-27,Domino's Payment,512.22,Expense,Food,UPI,Swiggy,
9450b703-f896-43a5-a330-0b6dfd8c1eb2,2025-07-27,Domino's Payment,222.05,Expense,Food,Debit Card,Starbucks,
d6a4453e-c84b-419f-891f-61c9188f6b4e,2025-07-27,Netflix Payment,2697.07,Expense,Entertainment,Cash,Event,
f050e078-7a23-467f-858f-f7de24c0c6aa,2025-07-28,Zomato Payment,1646.35,Expense,Food,Credit Card,Swiggy,
8644c1ee-2c6e-4dc8-a59e-362dbf901691,2025-07-28,Electricity Payment,3279.36,Expense,Bills,Cash,Electricity,
688bdf7a-b6c4-4296-8bd1-64f94c255354,2025-07-28,Zomato Payment,1727.04,Expense,Food,Cash,Zomato,
4160be5b-da2f-436f-bb5a-27f766de4f40,2025-07-28,Electricity Payment,2561.46,Expense,Bills,Cash,Gas,
84fb88e2-01cb-4c9f-a916-6e90dd2e04b9,2025-07-28,Myntra Payment,6161.0,Expense,Shopping,Credit Card,Amazon,
2ce42c2b-ae03-4529-96bc-8832de17ccfe,2025-07-28,Spotify Payment,1212.54,Expense,Entertainment,Credit Card,Gaming,
8131dd5d-48ca-4697-9ba7-9fc57d2730a7,2025-07-28,Dentist Payment,840.93,Expense,Healthcare,Cash,Apollo,
03cda916-0b23-41af-a4ea-9a439d31ba88,2025-07-29,Airtel Payment,3782.23,Expense,Bills,UPI,Jio,
f246c4b1-7335-4e78-ad00-dff543668645,2025-07-29,Gift Payment,985.7,Expense,Other,Credit Card,Misc,
9e2f8360-1db8-48f6-a5d1-64c85f1c5596,2025-07-29,Flight Payment,654.99,Expense,Travel,UPI,Metro,
2cee404c-fcb2-429f-83c9-b62357245cee,2025-07-29,Local Cafe Payment,279.56,Expense,Food,Credit Card,Local Cafe,
8ea1846b-51b5-48e9-b09b-e553b825aee0,2025-07-29,Uber Payment,650.58,Expense,Travel,Cash,IRCTC,
16123238-12d1-4398-ac2d-7889b915d9c2,2025-07-29,Flight Payment,352.56,Expense,Travel,Credit Card,Ola,
f71c6f29-b105-49ab-b9bb-947e7ff41cf1,2025-07-30,Gaming Payment,865.08,Expense,Entertainment,Credit Card,Event,
0bd291fb-9bae-44fe-9eb4-498508ecfe61,2025-07-30,Water Payment,982.85,Expense,Bills,Cash,Jio,
47b7cfe9-3ec4-401b-9276-cb9944ab3584,2025-07-30,Local Clinic Payment,2409.4,Expense,Healthcare,UPI,Apollo,
9ad3f0e8-f868-4cca-b048-2fbde50daab2,2025-07-30,IRCTC Payment,671.34,Expense,Travel,Cash,Metro,
2cb90d8e-4b97-4b16-a9fa-b8ee90740d49,2025-07-30,Spotify Payment,1339.24,Expense,Entertainment,Credit Card,Netflix,
17a71c0d-6582-4c2c-b959-2378bf700e6e,2025-07-30,Gift Payment,409.62,Expense,Other,Debit Card,Donation,
bd6c1fb9-271b-4979-ae54-8ffbc007df61,2025-07-30,Misc Payment,497.73,Expense,Other,Credit Card,Donation,
e79f8be2-4302-483e-b61f-b617c8fef3c3,2025-07-30,PVR Payment,320.72,Expense,Entertainment,Cash,Spotify,
32814038-8200-4d14-b3ca-7500082f3413,2025-07-30,Flight Payment,427.24,Expense,Travel,UPI,Flight,
12d18246-adef-453f-b950-7a128184b66e,2025-07-30,Water Payment,3585.13,Expense,Bills,Debit Card,Electricity,
b5b2a3c5-91da-4bd7-b232-d1af75702852,2025-07-30,IRCTC Payment,193.11,Expense,Travel,Cash,Flight,
24066cb2-13bf-476e-9997-6c501a893190,2025-07-31,Uber Payment,173.51,Expense,Travel,Cash,Flight,
05d157b7-d2d8-44d6-ad5f-815e08d8bd4e,2025-07-31,Metro Payment,297.32,Expense,Travel,UPI,Metro,
815bb484-1438-47c6-ba0f-dde2c3e9161e,2025-07-31,Dentist Payment,2222.36,Expense,Healthcare,Cash,PharmEasy,
03100c77-4314-4ab3-ae5d-f5d1d1c7be5a,2025-07-31,Myntra Payment,847.9,Expense,Shopping,UPI,Myntra,
44b5a09b-7f04-4d8c-83db-63ca8b57ee6b,2025-08-01,Monthly Salary,54372.76,Income,Salary,Bank Transfer,Employer,Regular Income
ca679890-f675-46f1-9908-0f9d76b25fdc,2025-08-01,Swiggy Payment,1076.5,Expense,Food,Credit Card,Starbucks,
4ca6def4-1809-4a1f-b3c5-37703b553ebb,2025-08-01,Swiggy Payment,574.64,Expense,Food,Debit Card,Domino's,
85169c94-4aca-4a92-9bbe-a5dd72c6fab6,2025-08-01,Electricity Payment,823.12,Expense,Bills,Credit Card,Airtel,
9db929ce-6dc1-4b82-9a04-8a1c8e2c0800,2025-08-01,Starbucks Payment,447.23,Expense,Food,Credit Card,Domino's,
2ee903c1-1d88-4175-9de9-2f5ad5d83ce4,2025-08-01,Domino's Payment,1356.09,Expense,Food,Credit Card,Starbucks,
1a4aaa32-4ce4-4edb-9c75-dda9ee8daf00,2025-08-02,Flight Payment,768.08,Expense,Travel,Credit Card,Metro,
964cf2a9-a9f6-474a-8f40-d35550c70458,2025-08-02,Domino's Payment,313.5,Expense,Food,Cash,Local Cafe,
33c38bfe-43af-4095-b7b7-5bc0fb221979,2025-08-02,Airtel Payment,3901.95,Expense,Bills,Credit Card,Electricity,
5da4149a-f9e4-43c0-a107-65b23b12a033,2025-08-02,Misc Payment,252.74,Expense,Other,Credit Card,Donation,
bfe41df2-2699-45ca-be5b-11caed1d7a7c,2025-08-02,IRCTC Payment,611.23,Expense,Travel,Credit Card,Flight,
5cdb396a-ca16-4cef-adcc-99ebbf40f8b9,2025-08-02,Uber Payment,522.73,Expense,Travel,UPI,Ola,
885dbd81-65da-4820-88cb-1987cfd10150,2025-08-02,Starbucks Payment,117.86,Expense,Food,Credit Card,Swiggy,
f8a67a0c-966c-44f2-a78b-eb391508cc78,2025-08-02,Electricity Payment,4082.67,Expense,Bills,UPI,Water,
7752086a-1b15-433e-9f04-67425ac727ed,2025-08-02,Misc Payment,718.5,Expense,Other,UPI,Gift,
e1d6fde5-4725-4bef-81ca-ea28b3573a96,2025-08-02,IRCTC Payment,970.34,Expense,Travel,Debit Card,Metro,
1f6917b2-794d-411a-836a-13a626eee58c,2025-08-02,Airtel Payment,519.28,Expense,Bills,Debit Card,Gas,
733c6fd9-1617-44ec-b443-d2cc87200b04,2025-08-02,Starbucks Payment,1782.98,Expense,Food,Cash,Local Cafe,
e1dfbf42-9520-4b13-893a-1432de632d1f,2025-08-03,Reliance Mart Payment,5210.25,Expense,Shopping,UPI,Amazon,
f19019e9-19b9-400a-bb9e-381e3694dedb,2025-08-03,Domino's Payment,365.6,Expense,Food,UPI,Local Cafe,
e4e7a455-e1f5-488f-b855-c5773b4c6c69,2025-08-03,Airtel Payment,2320.53,Expense,Bills,UPI,Airtel,
7ac56470-2d75-4240-a9bb-db3ed4ca23d2,2025-08-03,Ola Payment,317.75,Expense,Travel,Credit Card,IRCTC,
6a211f9f-5be4-4e24-b82c-5125e79c72bf,2025-08-03,Netflix Payment,2763.43,Expense,Entertainment,UPI,Spotify,
0f4a0cc8-f362-42cc-8376-7d318c92817a,2025-08-03,Uber Payment,426.36,Expense,Travel,UPI,IRCTC,
d90041b8-37be-46e5-a514-cab77b024b35,2025-08-04,IRCTC Payment,916.5,Expense,Travel,UPI,Flight,
0a65848a-8689-4100-a5e6-c17c13634637,2025-08-04,Local Cafe Payment,1476.56,Expense,Food,Credit Card,Swiggy,
0ca98ca4-a91b-4a58-843f-a5ec604c96e2,2025-08-04,Dentist Payment,3417.26,Expense,Healthcare,UPI,Dentist,
2ab1700f-72fa-4099-8714-c1443ee4e6f6,2025-08-04,Misc Payment,154.82,Expense,Other,Credit Card,Misc,
c6e68dae-9bed-4c15-a37a-8be14c457e70,2025-08-04,Flipkart Payment,2053.72,Expense,Shopping,Credit Card,Amazon,
77fc68e7-36bf-4b7e-a054-d16759f2bb76,2025-08-04,IRCTC Payment,77.86,Expense,Travel,UPI,Metro,
9929b44a-735f-4438-8076-6ad6993a34f8,2025-08-04,Gift Payment,373.06,Expense,Other,Credit Card,Misc,
63678026-ced8-485c-a8fe-1845368336cf,2025-08-04,Jio Payment,2431.47,Expense,Bills,Debit Card,Gas,
9078008c-8973-4a74-a71c-72133bd5e17f,2025-08-04,Spotify Payment,1730.71,Expense,Entertainment,UPI,Event,
520804a1-3d44-4013-8605-ab0c398e9093,2025-08-04,Misc Payment,427.14,Expense,Other,UPI,Donation,
18098b09-8433-49eb-be3b-183bccdf2e85,2025-08-04,Donation Payment,369.57,Expense,Other,Debit Card,Gift,
92be7b98-98ea-4115-adbe-75e7e8362386,2025-08-05,Ola Payment,883.36,Expense,Travel,Cash,Flight,
b13c5254-92e7-4798-9816-93aa34f9fb54,2025-08-05,Gift Payment,585.62,Expense,Other,Credit Card,Gift,
f5bbf6c0-ed46-4f12-8b30-47fa8b2a6127,2025-08-05,Donation Payment,57.55,Expense,Other,Credit Card,Gift,
8f054c53-d891-42f5-911f-e0b08f7085bd,2025-08-05,Misc Payment,245.73,Expense,Other,Credit Card,Gift,
c4faf8f4-10c4-4832-8998-54ca58f21a75,2025-08-05,Spotify Payment,587.79,Expense,Entertainment,Debit Card,Netflix,
fa0d63c1-434d-417f-886a-e83c067d49a4,2025-08-05,Amazon Payment,3512.33,Expense,Shopping,Cash,Amazon,
2826af19-ddbb-459b-a821-455012ce3f9b,2025-08-06,Local Store Payment,8845.27,Expense,Shopping,Cash,Amazon,
ab149411-e49c-4c58-916c-3a6ab752c3c2,2025-08-06,Zomato Payment,1314.25,Expense,Food,Credit Card,Zomato,
51960e98-8684-494e-a2ea-b828e37373c8,2025-08-06,IRCTC Payment,598.08,Expense,Travel,Cash,Metro,
94b924f0-f153-4d5b-ba99-e4dbebc5f4d7,2025-08-06,Domino's Payment,1142.23,Expense,Food,Cash,Zomato,
e18e8504-7951-416e-8d43-ec190b005855,2025-08-06,Amazon Payment,6776.56,Expense,Shopping,Credit Card,Amazon,
37ee724a-e231-48a1-851b-d36f0d211a55,2025-08-06,Amazon Payment,970.1,Expense,Shopping,Credit Card,Reliance Mart,
3bd1eee4-1b13-4f6f-878e-ff96af36074c,2025-08-06,Swiggy Payment,525.47,Expense,Food,Credit Card,Local Cafe,
a537c307-8e41-4be5-8c77-4e9d6bb6d483,2025-08-06,Swiggy Payment,955.96,Expense,Food,Credit Card,Local Cafe,
07397f74-104c-4f6a-a529-ca4b8dbcadd6,2025-08-06,Local Cafe Payment,1971.25,Expense,Food,Cash,Domino's,
17492193-a9ad-4c52-986a-838770e94c77,2025-08-06,Gift Payment,416.6,Expense,Other,UPI,Donation,
92b667e3-cb2a-4b21-8940-14b533501a7c,2025-08-06,Local Store Payment,6023.55,Expense,Shopping,Cash,Myntra,
585bf3e6-d45f-4606-bb9a-1bc02970e522,2025-08-07,Gas Payment,3661.32,Expense,Bills,Cash,Electricity,
af261b3a-2c19-4aa4-affe-0834262eb88f,2025-08-07,PharmEasy Payment,4398.36,Expense,Healthcare,Debit Card,Local Clinic,
f94816d4-6593-40b3-8737-39e2c494ad40,2025-08-07,Domino's Payment,1297.99,Expense,Food,UPI,Domino's,
69e7e85a-4075-491c-b459-19f02a548903,2025-08-07,Ola Payment,672.45,Expense,Travel,Cash,Metro,
1913f87b-e842-4ae8-b3c3-7295b47a612c,2025-08-07,Gas Payment,787.66,Expense,Bills,UPI,Airtel,
191e85c2-8e99-4331-85f8-daa7603adbef,2025-08-07,Misc Payment,248.01,Expense,Other,UPI,Donation,
fa455d73-3bfa-43f8-a245-4bbee5406faa,2025-08-08,Gas Payment,4988.45,Expense,Bills,Debit Card,Jio,
695b3d20-cf27-43ef-b362-a67c46ef9c31,2025-08-08,Gift Payment,759.43,Expense,Other,Credit Card,Donation,
c96d6802-4d31-4597-adfc-4e0340e415af,2025-08-08,Starbucks Payment,187.72,Expense,Food,Cash,Zomato,
b794344f-9da5-4461-9342-fdb8d9dbc294,2025-08-08,Flight Payment,176.38,Expense,Travel,UPI,IRCTC,
8e690e69-4d8e-46d5-879f-e8ab67bf2ece,2025-08-09,IRCTC Payment,151.14,Expense,Travel,UPI,Flight,
4b469c48-7c02-42d1-b5c7-05746bcf0f94,2025-08-09,Local Cafe Payment,353.86,Expense,Food,UPI,Swiggy,
4ed9f10a-17be-49fc-b143-181bf0afbbe3,2025-08-09,Starbucks Payment,1618.49,Expense,Food,Debit Card,Starbucks,
a31a8120-afd9-4c48-b8a5-e455a5b0fe35,2025-08-09,Zomato Payment,1582.64,Expense,Food,Cash,Domino's,
915b2120-47d7-4b4b-a844-4f98615e75ad,2025-08-09,Misc Payment,409.46,Expense,Other,Credit Card,Gift,
3993fc8d-4f04-4118-a325-f97d3392f3c7,2025-08-09,Misc Payment,151.28,Expense,Other,Debit Card,Misc,
3ee0e5f5-7aa1-49cc-9108-65608a8323fb,2025-08-10,Gift Payment,68.14,Expense,Other,Cash,Gift,
37caa445-69d6-46c5-8c02-8b5e671f6f38,2025-08-10,Reliance Mart Payment,2126.41,Expense,Shopping,Credit Card,Reliance Mart,
1d21c1db-13d2-4222-95dd-4975982cba2d,2025-08-10,Starbucks Payment,1374.79,Expense,Food,Credit Card,Swiggy,
062b8f5a-84f7-4952-8fa1-687b2ce6f6f4,2025-08-10,Local Cafe Payment,1666.91,Expense,Food,UPI,Domino's,
6c66e28d-10fc-4559-b996-b715e4d7aaf2,2025-08-10,Donation Payment,405.55,Expense,Other,Credit Card,Misc,
43e4e30c-aaee-43a3-a2fe-9dd34cef00e9,2025-08-10,Electricity Payment,3086.65,Expense,Bills,Cash,Airtel,
f3f9278f-a925-4b01-904f-be2a3ddc1582,2025-08-10,Donation Payment,622.43,Expense,Other,UPI,Misc,
4120511d-df95-476a-a55f-fbcbbebb2658,2025-08-10,Reliance Mart Payment,8466.63,Expense,Shopping,Cash,Myntra,
f933eef9-122f-484f-bfe0-0200bf408fb9,2025-08-10,Jio Payment,3128.14,Expense,Bills,Credit Card,Airtel,
f81619d4-ee84-4efb-9714-19aa14a930a9,2025-08-10,Donation Payment,166.73,Expense,Other,Debit Card,Misc,
a2adf19f-6b9d-477d-88f4-9ace6a973ec6,2025-08-11,Domino's Payment,1922.21,Expense,Food,Cash,Domino's,
49ce99a3-2875-49d1-a177-1e1e336a201b,2025-08-11,Gas Payment,2191.41,Expense,Bills,Cash,Electricity,
f285edeb-b2d5-432d-86f6-6390b35fb6a2,2025-08-11,Metro Payment,451.9,Expense,Travel,Credit Card,Metro,
d6d2aa6f-621c-4501-9d7c-6acd087ce162,2025-08-11,Uber Payment,270.06,Expense,Travel,UPI,Ola,
5ccf4ca5-850d-4382-b783-17836aa441ac,2025-08-11,Zomato Payment,1114.49,Expense,Food,Debit Card,Domino's,
57b23372-be4e-49a3-afd7-01ea6bc21110,2025-08-11,Swiggy Payment,460.64,Expense,Food,Cash,Domino's,
3403e180-f205-4a50-b9c9-38f82a39d99e,2025-08-11,Apollo Payment,3025.9,Expense,Healthcare,Credit Card,PharmEasy,
0415e02d-3a86-4b4d-b580-4a96c4bdb8be,2025-08-11,Netflix Payment,2067.96,Expense,Entertainment,Debit Card,Event,
7beab6d4-1d7e-4bae-9e84-d55d6c277a74,2025-08-12,Misc Payment,457.11,Expense,Other,Credit Card,Donation,
a2ad89d5-07a3-4b85-9413-9d9acd334789,2025-08-12,Reliance Mart Payment,5984.94,Expense,Shopping,Debit Card,Amazon,
4822cba7-3161-4f20-b2f9-dbee0772477f,2025-08-12,Swiggy Payment,1677.13,Expense,Food,Cash,Local Cafe,
9b91d2e6-49f0-4c0c-9233-40fa0b7e092f,2025-08-12,Donation Payment,93.0,Expense,Other,Cash,Gift,
afa193fa-e7fc-43da-8eb6-7f44f4ba0565,2025-08-12,Ola Payment,939.51,Expense,Travel,Credit Card,Metro,
4c6bd4a4-79cc-44f0-8b6b-6cf0a21d16dc,2025-08-13,Donation Payment,554.67,Expense,Other,UPI,Misc,
595b070e-dfa9-4e44-9604-7fb954171d28,2025-08-13,Zomato Payment,319.34,Expense,Food,Cash,Swiggy,
dc0458ae-8218-48cc-b1e3-5f1846edb230,2025-08-13,Misc Payment,452.1,Expense,Other,UPI,Donation,
c5572c02-8ae8-4860-9b8e-2d1d0928b188,2025-08-13,Starbucks Payment,452.77,Expense,Food,Cash,Domino's,
6f8856c7-2147-4762-99d2-32573baf7949,2025-08-13,Flipkart Payment,9594.71,Expense,Shopping,Debit Card,Myntra,
7c4c9201-aefa-4f00-88fb-b0c098cda262,2025-08-14,Apollo Payment,2012.68,Expense,Healthcare,Debit Card,Dentist,
6bc536aa-cf50-4a25-8483-1aee36911a4b,2025-08-14,Zomato Payment,1442.45,Expense,Food,Credit Card,Swiggy,
2971f271-3be4-4121-8de6-1071f4f84b38,2025-08-14,Flight Payment,423.31,Expense,Travel,Debit Card,Flight,
2894013f-85b1-46ad-a3a2-89bee3be1504,2025-08-14,Zomato Payment,247.73,Expense,Food,UPI,Local Cafe,
d72a7df8-b3f7-4e3d-8fcf-c79a91701289,2025-08-14,Donation Payment,555.72,Expense,Other,UPI,Donation,
02660e6c-5614-40df-aeb5-ce60d495af7b,2025-08-14,Water Payment,4853.81,Expense,Bills,UPI,Airtel,
072be9fa-5b45-450c-a8f1-5ea6f1901f43,2025-08-14,Reliance Mart Payment,9902.4,Expense,Shopping,Credit Card,Reliance Mart,
f2350171-09c3-43dd-bbc7-7b1905bdfe03,2025-08-15,Domino's Payment,1945.64,Expense,Food,Cash,Swiggy,
ef12d382-547b-4bcc-9838-0af709c0a85d,2025-08-15,Ola Payment,984.98,Expense,Travel,Cash,IRCTC,
98f4e23d-223a-431e-b1e3-cd94b3039668,2025-08-15,Reliance Mart Payment,1249.58,Expense,Shopping,UPI,Flipkart,
bcabe98d-e86f-4670-ae2f-70a692b1ff2e,2025-08-15,Domino's Payment,1978.81,Expense,Food,Debit Card,Local Cafe,
1861ed0f-aff2-4774-828d-cd05a348653d,2025-08-15,Domino's Payment,338.99,Expense,Food,UPI,Zomato,
b148626e-4959-435b-97a9-50a3915c6b9e,2025-08-15,Misc Payment,462.44,Expense,Other,UPI,Gift,
c7777764-bf7a-4eb8-a2b1-b33ab3db090a,2025-08-15,Uber Payment,711.93,Expense,Travel,UPI,Uber,
d7ece262-8bff-475f-8159-f46ac5626ea9,2025-08-15,Jio Payment,3455.99,Expense,Bills,Cash,Gas,
6a1f0abe-14cb-4202-b450-1236fb8d04d4,2025-08-15,Misc Payment,226.64,Expense,Other,Cash,Donation,
f51d637d-c518-41ed-9328-222ebabb916b,2025-08-15,Starbucks Payment,306.44,Expense,Food,Cash,Swiggy,
9f9da032-1c53-4476-ba68-e173e60667ce,2025-08-15,Local Cafe Payment,690.99,Expense,Food,UPI,Starbucks,
09d07fc1-481f-4357-9ecd-bfefdf3f0b82,2025-08-16,Gift Payment,443.75,Expense,Other,Debit Card,Misc,
c6c6c61e-7b7c-429d-9bf3-0b2427ac3171,2025-08-16,Airtel Payment,896.1,Expense,Bills,Cash,Electricity,
b7780f6f-ec16-4d61-a7e1-4bddae27d7ec,2025-08-16,Gift Payment,150.83,Expense,Other,UPI,Donation,
6baa02f9-1093-422a-aae5-f1f4241675df,2025-08-17,Donation Payment,865.82,Expense,Other,Debit Card,Gift,
25e18566-4f98-4938-b873-026e1aecd9cf,2025-08-17,Gift Payment,373.27,Expense,Other,Debit Card,Gift,
7cd7e538-8cec-4b62-b0f7-7e47fb7f8b4a,2025-08-17,Gift Payment,143.23,Expense,Other,Debit Card,Misc,
a3b6ad53-55ac-4fab-90fb-465f80f778fc,2025-08-17,Electricity Payment,3374.74,Expense,Bills,Debit Card,Gas,
338c26ea-f69c-4241-83b6-795d1765ac3e,2025-08-17,Misc Payment,331.43,Expense,Other,Credit Card,Donation,
639ebff9-dd3b-4969-bef8-651c9583e0fd,2025-08-17,Gift Payment,486.05,Expense,Other,Cash,Gift,
93ed6af7-e0dc-4505-9704-3f5da99af3a8,2025-08-17,Zomato Payment,1766.39,Expense,Food,Debit Card,Zomato,
477a6083-71a7-49c1-ae22-0e4be4c890ef,2025-08-17,Donation Payment,124.83,Expense,Other,Cash,Misc,
20a9e52c-b3d1-440d-b34e-e3dc4eb92532,2025-08-18,Gift Payment,507.34,Expense,Other,Debit Card,Gift,
9fe534c9-e064-4c76-b0e9-adfde949901f,2025-08-18,Starbucks Payment,683.88,Expense,Food,Debit Card,Local Cafe,
c7cdd7a6-432d-4120-93bc-3da837580482,2025-08-18,Metro Payment,95.56,Expense,Travel,Credit Card,IRCTC,
91f70d65-397f-4499-af97-1587fd3287a5,2025-08-18,Local Cafe Payment,599.43,Expense,Food,Credit Card,Local Cafe,
35a3089d-dc80-4e41-aa07-8ccc2a6a8713,2025-08-18,Starbucks Payment,543.26,Expense,Food,Cash,Local Cafe,
61f0e83a-6663-4a0b-ad5a-40c704031383,2025-08-18,Local Cafe Payment,229.74,Expense,Food,UPI,Local Cafe,
9f904f2c-eb47-478b-8654-2d4299bcd195,2025-08-18,Gift Payment,80.74,Expense,Other,Debit Card,Gift,
15319ab6-5968-48b4-8cf5-1187576370db,2025-08-18,Uber Payment,397.49,Expense,Travel,UPI,Flight,
1909485e-120d-4ee5-af52-317256c2a166,2025-08-18,Swiggy Payment,1620.42,Expense,Food,Credit Card,Starbucks,
8bba8f9d-2315-4c10-ab29-46d30ef8b1a8,2025-08-18,Jio Payment,2144.49,Expense,Bills,UPI,Gas,
e1c1038b-ff92-4137-9623-697bd54e6b5e,2025-08-18,Spotify Payment,2525.59,Expense,Entertainment,Cash,Gaming,
b4fa4d19-d719-4759-afbb-4a81972d4e60,2025-08-19,Reliance Mart Payment,4004.73,Expense,Shopping,Credit Card,Local Store,
5b90acbb-25e8-4efe-94fe-dd5dd1f2d18c,2025-08-19,Swiggy Payment,1387.32,Expense,Food,Credit Card,Starbucks,
ff0a5455-0be6-4dfb-af83-b691ea11998d,2025-08-19,Swiggy Payment,1591.39,Expense,Food,Debit Card,Local Cafe,
00dfd5b9-5ead-4b69-8d58-3b94b445609a,2025-08-19,Starbucks Payment,1420.6,Expense,Food,Debit Card,Swiggy,
87f7a73b-331e-47d2-9f08-c9b436cb19ef,2025-08-19,IRCTC Payment,696.83,Expense,Travel,Debit Card,Uber,
ddb64617-4eb4-4907-b88a-100fa8759fb2,2025-08-19,Donation Payment,973.56,Expense,Other,Debit Card,Misc,
9b0b3b67-5767-4fc1-81a6-82dc549d519f,2025-08-19,Domino's Payment,628.46,Expense,Food,UPI,Zomato,
39676160-85a9-49df-8c6c-3028402c0c47,2025-08-19,Swiggy Payment,177.24,Expense,Food,Credit Card,Starbucks,
2d00d976-f746-4643-89b5-81349f35fb0f,2025-08-19,Local Cafe Payment,278.16,Expense,Food,Debit Card,Local Cafe,
345584ed-aff7-400f-822d-924244625ec6,2025-08-19,Swiggy Payment,224.56,Expense,Food,Cash,Local Cafe,
8973b9ce-0c11-49ad-8937-9334887a2976,2025-08-19,Electricity Payment,1379.97,Expense,Bills,Cash,Airtel,
54644f56-e82e-4345-8bc9-28933db6d959,2025-08-20,Gift Payment,849.35,Expense,Other,Credit Card,Misc,
48374e7b-0d21-47a4-a945-d2f11259b58f,2025-08-20,Airtel Payment,13660.15,Expense,Bills,Cash,Water,
f227be0a-6a14-4a78-ba70-6b330f79410e,2025-08-20,Flight Payment,883.35,Expense,Travel,Cash,Flight,
c4b80755-0e46-4a11-ac51-b7668ecac842,2025-08-20,Donation Payment,807.61,Expense,Other,Cash,Donation,
ea7410b9-3469-4d46-9a78-886de854deea,2025-08-20,Zomato Payment,1824.79,Expense,Food,Credit Card,Local Cafe,
eefaf98e-024e-4985-9c52-6b2bf79a9875,2025-08-20,Electricity Payment,1532.47,Expense,Bills,UPI,Electricity,
7287754a-f201-4f40-ae90-a2dbde576a55,2025-08-20,Local Clinic Payment,2224.43,Expense,Healthcare,Credit Card,PharmEasy,
631f5152-58fe-40e6-9d71-a5fe4c866503,2025-08-20,Gift Payment,87.46,Expense,Other,UPI,Misc,
c3f96eb0-87c8-4369-aaa0-b67aecea04db,2025-08-20,Donation Payment,489.71,Expense,Other,UPI,Misc,
b6ade822-3707-422f-9cd3-1b6a4b0ca690,2025-08-21,Jio Payment,4932.74,Expense,Bills,Credit Card,Gas,
cd4cf51b-0487-4287-9caf-015ee79fdcf4,2025-08-21,Starbucks Payment,521.03,Expense,Food,Debit Card,Domino's,
5e978951-8e14-4d04-a8fb-648f387d4b63,2025-08-21,Flight Payment,846.83,Expense,Travel,UPI,IRCTC,
11f721f4-f27a-4713-bde4-7b3753ae2887,2025-08-21,Amazon Payment,9961.98,Expense,Shopping,Cash,Flipkart,
6d1a7366-0d4e-44d9-8dae-5b69d86644af,2025-08-22,Zomato Payment,1865.29,Expense,Food,UPI,Zomato,
b0d1d35b-1969-4de6-bbae-5d35d218d46c,2025-08-22,Flight Payment,577.17,Expense,Travel,Debit Card,Metro,
071dd5f3-3514-4d5d-a352-a66d0b7442ac,2025-08-22,Gift Payment,117.84,Expense,Other,Debit Card,Donation,
77ffbcf8-08c5-4323-b3f3-63941e5f2731,2025-08-22,Apollo Payment,2006.12,Expense,Healthcare,Credit Card,PharmEasy,
3956c87b-849a-4ad7-920d-b55be7ba1286,2025-08-22,Misc Payment,912.57,Expense,Other,Cash,Misc,
ba7bac2e-40ba-4a14-bfcc-f95fff1ff4b4,2025-08-23,Electricity Payment,3014.59,Expense,Bills,Cash,Airtel,
7cb3541b-670c-4d88-8bab-0b4223558c99,2025-08-23,Airtel Payment,1166.42,Expense,Bills,UPI,Airtel,
f8f6a368-2944-4cd9-b71e-ab4492d948f6,2025-08-23,Misc Payment,367.1,Expense,Other,Cash,Donation,
a7223c07-2c17-46ee-a4cc-0fb2c3a22018,2025-08-23,Gift Payment,675.56,Expense,Other,Cash,Gift,
b735e1a8-3f35-40f4-8e31-a7bf091e2d12,2025-08-23,Uber Payment,154.12,Expense,Travel,Cash,IRCTC,
61ba8b2f-7f47-44f9-adf5-3d8b66c88a55,2025-08-23,Reliance Mart Payment,46986.34,Expense,Shopping,Debit Card,Flipkart,
70a76ce1-1208-4cfe-8a27-7047462fcd57,2025-08-23,Reliance Mart Payment,4693.31,Expense,Shopping,Cash,Amazon,
30bc6768-a7eb-45d5-a30e-2336c9030046,2025-08-24,Zomato Payment,1052.37,Expense,Food,UPI,Zomato,
f6402b94-d0ef-455f-a0db-56de53fd9507,2025-08-24,Amazon Payment,4000.43,Expense,Shopping,Cash,Reliance Mart,
188bf205-2e8d-46f6-9247-b07caf52a0c5,2025-08-24,Flipkart Payment,8449.32,Expense,Shopping,Credit Card,Reliance Mart,
d7e0bd60-2553-4993-b9e0-88bff1e35a4b,2025-08-24,IRCTC Payment,578.46,Expense,Travel,Credit Card,Uber,
7ca7c772-95f3-44d5-9f49-0d66f34e04fe,2025-08-24,Water Payment,4565.32,Expense,Bills,UPI,Gas,
abac889a-d484-467d-9564-e9bfef448100,2025-08-24,Apollo Payment,2240.7,Expense,Healthcare,Cash,Local Clinic,
cf71377f-0b30-4728-829a-3a24e0b235ab,2025-08-24,Zomato Payment,1946.79,Expense,Food,Credit Card,Swiggy,
9a80936e-3223-43dd-9789-2493f48f7544,2025-08-25,Myntra Payment,9056.22,Expense,Shopping,UPI,Amazon,
4468128a-54df-42e4-ac45-1b5b7f10a225,2025-08-25,Jio Payment,2288.71,Expense,Bills,Credit Card,Water,
9ec93ad3-80df-41b0-a9cb-b4ae2d60ff79,2025-08-25,Domino's Payment,1360.86,Expense,Food,Credit Card,Starbucks,
ced82fa9-8271-40c7-ae0f-5f61156d6e0c,2025-08-25,Starbucks Payment,1622.09,Expense,Food,Credit Card,Local Cafe,
2c34e26c-31e2-44ce-82ef-2f506985348f,2025-08-25,Starbucks Payment,478.99,Expense,Food,Cash,Starbucks,
76165c6d-5aa9-46d5-9589-4113cad70714,2025-08-25,Zomato Payment,189.54,Expense,Food,Cash,Local Cafe,
cc7f0b42-61c8-4cf4-9299-bef62f804830,2025-08-25,Gas Payment,2844.69,Expense,Bills,UPI,Jio,
15155b0d-fcf9-4f99-9bf8-3eb00e9f2c73,2025-08-25,PVR Payment,509.96,Expense,Entertainment,Debit Card,Event,
706ceb4a-7a8f-44d2-8f70-0d6bf8577ec9,2025-08-26,Misc Payment,312.31,Expense,Other,UPI,Gift,
75f9cf33-0703-4872-9b83-f0d7c7f8013e,2025-08-26,Donation Payment,872.73,Expense,Other,UPI,Gift,
c87246fb-c676-4960-afe6-fee25f1fcfa9,2025-08-26,Airtel Payment,4289.56,Expense,Bills,Debit Card,Electricity,
6b9dace0-e29b-4303-9208-5b5c82c5cd11,2025-08-27,Zomato Payment,451.48,Expense,Food,Debit Card,Zomato,
cc8f1154-545c-4fb0-a3f8-1cc4e14f17c8,2025-08-27,Misc Payment,66.68,Expense,Other,UPI,Misc,
01c3c880-a41f-4773-a78f-86b9e9f1320c,2025-08-27,Donation Payment,767.5,Expense,Other,Debit Card,Donation,
8ebe02fc-9da0-42b8-8eca-e1fadf755754,2025-08-27,Starbucks Payment,955.89,Expense,Food,Credit Card,Domino's,
2ceb010f-bd27-4547-b84a-c81b1df18857,2025-08-27,Flipkart Payment,5619.87,Expense,Shopping,Credit Card,Flipkart,
a2e2c160-800d-4558-8286-c62aa8503ce6,2025-08-28,PVR Payment,562.27,Expense,Entertainment,UPI,PVR,
e2fc4e65-5ad5-43d8-a62b-8e7e5082d4d7,2025-08-28,Flight Payment,486.77,Expense,Travel,Cash,Flight,
f941baae-1fde-4986-93e2-38d575667335,2025-08-28,Dentist Payment,2121.65,Expense,Healthcare,UPI,Dentist,
e80df678-5b67-449e-ae9b-18b201a1cbae,2025-08-28,Misc Payment,610.66,Expense,Other,Credit Card,Donation,
cbfb58ad-779e-498d-94dd-94a64a2e6c70,2025-08-28,Domino's Payment,1621.5,Expense,Food,Credit Card,Swiggy,
d80666ef-c992-404f-bf20-7807a4349dee,2025-08-28,Flight Payment,958.87,Expense,Travel,UPI,Uber,
d6427fb8-7369-4ee3-b65b-b556bf956fc3,2025-08-29,Swiggy Payment,806.15,Expense,Food,UPI,Local Cafe,
d9a7bc4f-44ec-42a6-b183-acbc4656ceae,2025-08-29,Gift Payment,683.52,Expense,Other,Debit Card,Misc,
41444f04-94b3-49d2-b05e-183e192e348c,2025-08-29,PVR Payment,484.49,Expense,Entertainment,Cash,PVR,
67f1fa2c-f919-425c-bee9-b02b6c5c1932,2025-08-29,Domino's Payment,925.67,Expense,Food,UPI,Domino's,
6835efd9-fc59-4aa4-b44e-48f01511b75a,2025-08-29,Amazon Payment,4371.99,Expense,Shopping,Cash,Amazon,
c396fdaa-0507-4779-817a-009d077d255c,2025-08-30,Electricity Payment,4390.67,Expense,Bills,Debit Card,Water,
c9d36e59-fcee-4dd8-84b5-47e6eee1dbfe,2025-08-30,Donation Payment,814.03,Expense,Other,Credit Card,Donation,
61286548-7244-4d04-8b8d-3ea998fd2b98,2025-08-30,Gift Payment,712.54,Expense,Other,UPI,Donation,
7b74e69d-4554-4661-a0a2-4eedf5bd13ab,2025-08-30,Donation Payment,855.61,Expense,Other,Debit Card,Donation,
7cc226fc-f411-483b-a26b-13f1c7781836,2025-08-30,Gaming Payment,565.98,Expense,Entertainment,Debit Card,Spotify,
06e4d65a-5bbf-4458-acf7-535f9d738e8c,2025-08-30,Gift Payment,628.32,Expense,Other,Credit Card,Donation,
6a246526-598f-4440-9377-9ed8d9ede6ec,2025-08-30,Zomato Payment,549.0,Expense,Food,Debit Card,Swiggy,
68ab8878-8064-4484-bd77-8959c5b15ffa,2025-08-30,Dentist Payment,4801.95,Expense,Healthcare,Debit Card,PharmEasy,
614d4b6e-a647-4f96-9f6a-32620a3c6897,2025-08-31,Domino's Payment,1343.64,Expense,Food,Debit Card,Swiggy,
894e7be9-8928-4827-885f-aa3526b18eff,2025-08-31,Ola Payment,289.71,Expense,Travel,UPI,Metro,
586d0a9c-72de-4357-9e5e-5df13c9b0fc7,2025-08-31,Uber Payment,438.23,Expense,Travel,UPI,Uber,
c6646f88-5ff3-434f-85dd-5f63a12eff8e,2025-08-31,Netflix Payment,1377.87,Expense,Entertainment,Credit Card,PVR,
defd606c-ceef-4cc1-993c-e461e0224148,2025-08-31,Misc Payment,925.25,Expense,Other,Cash,Donation,
6362ddd7-be19-4905-8613-2e1861b85106,2025-08-31,Local Cafe Payment,1689.71,Expense,Food,Credit Card,Swiggy,
58676390-5a29-42a5-8932-778e618a9b73,2025-09-01,Electricity Payment,4150.04,Expense,Bills,Debit Card,Electricity,
2aff2f69-23d1-4d39-aa66-0639aefd5a57,2025-09-01,Domino's Payment,992.43,Expense,Food,Cash,Local Cafe,
4d708d44-2c7a-4121-a73c-7b009c93e3a4,2025-09-01,Zomato Payment,1534.46,Expense,Food,UPI,Starbucks,
aed93ed3-4ab3-40ff-b9e7-afa6795da05d,2025-09-01,Monthly Salary,60107.11,Income,Salary,Bank Transfer,Employer,Regular Income
f409c006-56f9-4144-9e72-d2d1f6cc99de,2025-09-01,Domino's Payment,1029.31,Expense,Food,Credit Card,Zomato,
ec3a9f98-89b3-4aee-9517-64e329f8630b,2025-09-01,Misc Payment,937.13,Expense,Other,Cash,Donation,
88452fec-a115-48a2-9009-be4dc8a5b118,2025-09-01,Flight Payment,645.98,Expense,Travel,Debit Card,Uber,
f663a173-f7cf-48ae-9c81-8ce40b7e3b8e,2025-09-02,Gift Payment,86.27,Expense,Other,UPI,Donation,
ea7e6b0f-1fcb-4789-8508-f9523dfb3f76,2025-09-02,Uber Payment,304.81,Expense,Travel,Debit Card,Metro,
52bb3509-ad82-49b7-89b1-c3e8dbf022d3,2025-09-02,Domino's Payment,1434.22,Expense,Food,Cash,Domino's,
89247597-99a5-4f09-b516-e87937743d39,2025-09-02,Gift Payment,223.38,Expense,Other,UPI,Misc,
aece281b-b693-402e-881f-f611246c6b65,2025-09-03,Donation Payment,218.36,Expense,Other,UPI,Donation,
40ef7c13-f26e-450d-818c-068690d085c9,2025-09-03,Swiggy Payment,907.24,Expense,Food,Debit Card,Domino's,
f5934245-386c-4024-a9d9-23c0013ca48c,2025-09-03,Donation Payment,611.01,Expense,Other,Debit Card,Gift,
2c923a7a-0912-43c6-b150-cde2005fcc0f,2025-09-03,Domino's Payment,1557.2,Expense,Food,Debit Card,Starbucks,
ea20a510-3e77-4abf-a6e6-92a1339164b4,2025-09-03,IRCTC Payment,255.87,Expense,Travel,UPI,Flight,
69217b83-ac44-4018-9b7e-d6519d02aad4,2025-09-03,Misc Payment,61.29,Expense,Other,Credit Card,Gift,
3b1c1bcf-d7f8-4c34-abba-9fd500e30aa7,2025-09-04,Zomato Payment,1516.15,Expense,Food,UPI,Local Cafe,
b90188b5-d336-442d-ae69-59385e95aadb,2025-09-04,Myntra Payment,2563.79,Expense,Shopping,UPI,Flipkart,
7136be64-04b2-4108-8027-21df4d83db7e,2025-09-04,Water Payment,1863.86,Expense,Bills,Cash,Water,
915681c1-cbc5-423a-b7af-19deeab7e6e9,2025-09-04,Local Clinic Payment,4307.36,Expense,Healthcare,Debit Card,Dentist,
f20ef829-905d-4a30-a080-110995d4b7ae,2025-09-04,Local Clinic Payment,2207.26,Expense,Healthcare,UPI,Local Clinic,
ffd6a5f3-8cab-4185-a207-301b03bb6e07,2025-09-05,Electricity Payment,4590.41,Expense,Bills,UPI,Airtel,
92791f03-3feb-453d-8d38-5bba014dd4c1,2025-09-05,Starbucks Payment,842.55,Expense,Food,UPI,Swiggy,
0fdaf736-9226-4538-ad14-b0b215193c72,2025-09-05,Swiggy Payment,1378.07,Expense,Food,Debit Card,Local Cafe,
3b100f3d-439e-4e1b-b7f4-c7c94e9505d6,2025-09-05,Metro Payment,764.75,Expense,Travel,UPI,Ola,
427d3187-a4b3-4054-b325-c5df8dc8203a,2025-09-05,Local Cafe Payment,1951.02,Expense,Food,Cash,Starbucks,
4033cdca-42c4-409c-86fd-5469dba6d529,2025-09-05,Jio Payment,1904.64,Expense,Bills,Credit Card,Airtel,
ed51eae1-4118-4008-a46a-63217b4ff027,2025-09-05,Local Cafe Payment,482.02,Expense,Food,Cash,Local Cafe,
d3507a65-a774-47a5-9bda-be05aa4e6bce,2025-09-05,Swiggy Payment,224.78,Expense,Food,Debit Card,Starbucks,
d466220c-4887-4fa2-a658-29ed2de7b585,2025-09-06,Uber Payment,228.54,Expense,Travel,Debit Card,Uber,
0e2bda0e-66af-404d-aee5-5415d42f0481,2025-09-06,Dentist Payment,1708.5,Expense,Healthcare,Cash,Apollo,
479fa941-8911-4dc6-8cdf-24182c5d437e,2025-09-06,Starbucks Payment,808.89,Expense,Food,Credit Card,Swiggy,
93eedcd2-988d-4c96-a8f4-84523bdf1135,2025-09-06,Local Cafe Payment,1301.02,Expense,Food,UPI,Domino's,
868fad90-7c8a-41d8-b9f5-22d284d51078,2025-09-06,Swiggy Payment,637.95,Expense,Food,UPI,Starbucks,
c7e78a47-9757-4de0-9afe-d4ea6207eca0,2025-09-06,IRCTC Payment,807.82,Expense,Travel,UPI,IRCTC,
595b7f88-3d5c-4741-8ecc-8008c66f48cc,2025-09-06,Zomato Payment,101.02,Expense,Food,Debit Card,Domino's,
497b14c6-bda3-4fd8-a197-d4ceb2d64254,2025-09-06,Local Cafe Payment,5409.67,Expense,Food,Credit Card,Domino's,
628f2655-8294-49f8-b7b0-ee599a7eb3fc,2025-09-06,Local Cafe Payment,453.81,Expense,Food,UPI,Domino's,
62f55388-0634-45e8-b2c5-ad40ea96e4bc,2025-09-06,Amazon Payment,2291.24,Expense,Shopping,Debit Card,Flipkart,
f3198cb4-d704-4f28-bb40-402269f5f54b,2025-09-07,Flipkart Payment,728.28,Expense,Shopping,UPI,Amazon,
61ac2c93-3b8c-4852-a205-9d1e45339b41,2025-09-07,Reliance Mart Payment,9406.2,Expense,Shopping,UPI,Reliance Mart,
ff6f8eb9-e843-4fce-9594-eb4283f8e8f1,2025-09-07,IRCTC Payment,84.05,Expense,Travel,Cash,Uber,
6e4e619f-8994-4d81-b527-c7ba00515fdd,2025-09-07,IRCTC Payment,175.79,Expense,Travel,Debit Card,Metro,
2e5e6070-6b07-4f63-b66a-a8219daf5429,2025-09-07,Starbucks Payment,175.74,Expense,Food,Debit Card,Swiggy,
26a77d38-373c-4e85-94d5-6d0a161ff16d,2025-09-07,Ola Payment,740.37,Expense,Travel,Credit Card,Metro,
195a2c57-184a-4e33-a9b7-1840ad4ae170,2025-09-07,Reliance Mart Payment,9045.72,Expense,Shopping,Debit Card,Reliance Mart,
f409e94a-3f88-4f56-a7eb-f2ccf15fc63d,2025-09-08,Ola Payment,932.69,Expense,Travel,UPI,Uber,
6ae98823-4bdd-4523-8b99-4c9bd275fd04,2025-09-08,IRCTC Payment,354.04,Expense,Travel,Cash,Uber,
9d900c4a-bb10-443b-a860-9bbcd5eb2268,2025-09-08,Swiggy Payment,177.1,Expense,Food,Credit Card,Zomato,
a6e43a1d-5bff-4138-880f-b00b2f570827,2025-09-08,Gaming Payment,1312.97,Expense,Entertainment,Credit Card,Spotify,
7d9a0de9-bba9-40cb-8652-2202c36e865e,2025-09-08,Reliance Mart Payment,6302.71,Expense,Shopping,Credit Card,Local Store,
b6e8145f-8ef9-4038-806a-ec636ca6a880,2025-09-08,Donation Payment,596.01,Expense,Other,Credit Card,Donation,
46335ab8-771a-4b40-8357-ec83a787940a,2025-09-08,Swiggy Payment,413.15,Expense,Food,UPI,Zomato,
fae9bf20-42c9-4612-9aa2-07b599a92f0c,2025-09-09,Gaming Payment,1347.25,Expense,Entertainment,Cash,Gaming,
316f26bd-ca96-4629-b552-1ff4db205cc0,2025-09-09,Flight Payment,994.61,Expense,Travel,Credit Card,IRCTC,
d9da01e0-f907-47e6-a43b-015e5bdcabea,2025-09-09,Uber Payment,643.39,Expense,Travel,Debit Card,IRCTC,
49956452-159e-4971-ba3b-e3b2908b8c24,2025-09-09,Reliance Mart Payment,1995.39,Expense,Shopping,UPI,Amazon,
957ab046-1908-4032-8986-966d6ed28d8c,2025-09-09,Gift Payment,673.36,Expense,Other,Credit Card,Misc,
51f815bb-f2f3-4fc4-88d8-aa2b1344eed2,2025-09-09,Domino's Payment,355.14,Expense,Food,Credit Card,Zomato,
3bc21685-0433-45d2-b9dd-0b025b93b35f,2025-09-10,Misc Payment,644.06,Expense,Other,Debit Card,Gift,
88d19135-904c-4959-b176-ee06efce51c8,2025-09-10,Domino's Payment,299.93,Expense,Food,Cash,Zomato,
42b22c7f-93c7-40a8-8cc8-134a03f3afd8,2025-09-10,Spotify Payment,1869.52,Expense,Entertainment,Cash,Gaming,
9b7b9d5b-c957-45b3-a1b8-55c609fce8c0,2025-09-10,Ola Payment,571.65,Expense,Travel,UPI,IRCTC,
f357134d-d001-4666-b81c-87b30f38c54d,2025-09-10,Ola Payment,869.6,Expense,Travel,UPI,Flight,
767015a5-49f0-4e28-9086-31c91da1bf54,2025-09-10,Amazon Payment,3905.72,Expense,Shopping,Debit Card,Amazon,
fa6cc8de-7482-40c3-a6bd-dddb4e944d3d,2025-09-11,Metro Payment,174.84,Expense,Travel,Credit Card,Ola,
012ae613-cb5b-47b3-b2f5-af3bea03c464,2025-09-11,Gaming Payment,2299.57,Expense,Entertainment,UPI,Gaming,
95ccc699-8955-4eac-a648-87f6bec6f672,2025-09-11,Airtel Payment,2007.32,Expense,Bills,Cash,Water,
9f7c5d4b-429e-4603-b52b-c9dfa40ca687,2025-09-11,Local Cafe Payment,242.6,Expense,Food,Cash,Starbucks,
8a7c8c79-69ae-448e-bc20-889e5d481a01,2025-09-11,Gift Payment,957.57,Expense,Other,UPI,Gift,
8786f7b2-d6dd-4ab1-a36d-e791c6770b6b,2025-09-11,Uber Payment,476.2,Expense,Travel,Cash,IRCTC,
c8f68d56-18a6-45d3-ad11-534f7250b89a,2025-09-11,Gift Payment,961.8,Expense,Other,Cash,Donation,
58191cfe-c930-4403-ad10-5b69f055e691,2025-09-11,Gas Payment,1242.02,Expense,Bills,Cash,Electricity,
2a4cfb08-4fb3-4300-873a-e5c06572140f,2025-09-11,Myntra Payment,4677.05,Expense,Shopping,UPI,Flipkart,
a3e1e67a-1acd-4b5a-91f0-7fd132057c29,2025-09-12,Zomato Payment,657.93,Expense,Food,UPI,Zomato,
11d53721-876b-4f5a-bc08-784688f31ffd,2025-09-12,Zomato Payment,251.25,Expense,Food,Debit Card,Domino's,
ef5d64fc-c182-45c6-a086-d53893724b54,2025-09-12,Reliance Mart Payment,6385.7,Expense,Shopping,Credit Card,Amazon,
79177aa2-e146-413f-a367-d12767ff4a7d,2025-09-12,Domino's Payment,1264.51,Expense,Food,Debit Card,Zomato,
1e7fe425-f2f9-44bf-b209-6f1a5b9673f9,2025-09-12,Starbucks Payment,1863.66,Expense,Food,Cash,Local Cafe,
b63ed2cc-849f-4b71-9d05-118d9ac3755d,2025-09-13,Local Cafe Payment,274.22,Expense,Food,Credit Card,Swiggy,
4675c8ce-077f-4681-8985-cf7d97f5a8d8,2025-09-13,Metro Payment,915.87,Expense,Travel,UPI,Uber,
fa0a755f-6099-483b-a37c-c424928636cf,2025-09-13,Gift Payment,259.18,Expense,Other,Debit Card,Gift,
2751da3c-f898-4969-bc34-2bb03ec4d5e6,2025-09-13,Gift Payment,383.71,Expense,Other,Debit Card,Gift,
7dd48b28-ad24-4162-9b10-39c0ba93bcbe,2025-09-14,Electricity Payment,1464.44,Expense,Bills,Debit Card,Gas,
db878849-36b1-4495-9dd8-96fcf3461842,2025-09-14,Local Cafe Payment,547.49,Expense,Food,UPI,Local Cafe,
527d0814-6e20-44ab-acd8-254803a2395d,2025-09-14,Zomato Payment,670.19,Expense,Food,Debit Card,Swiggy,
f495927f-3e4f-4103-b87f-17e0a6e3bd5a,2025-09-14,Metro Payment,686.63,Expense,Travel,Cash,IRCTC,
4fd91e3b-a36a-4034-97f9-4a5f65423a7b,2025-09-14,Domino's Payment,250.97,Expense,Food,Debit Card,Zomato,
35c49a80-ea7d-4506-ae62-96ea106d10b3,2025-09-14,Swiggy Payment,1872.43,Expense,Food,Cash,Local Cafe,
d0a1a169-7ecc-4a45-bbfe-68d71f39e32e,2025-09-14,Starbucks Payment,332.33,Expense,Food,Cash,Zomato,
5e498361-b36e-4995-b371-146fdeceffdd,2025-09-14,Event Payment,1315.78,Expense,Entertainment,UPI,Spotify,
e4ddd9b2-aaa2-42ba-a547-22b54b77c22e,2025-09-15,Misc Payment,372.93,Expense,Other,UPI,Donation,
c51454ca-2229-4865-a4b2-f274fc17e765,2025-09-15,Local Cafe Payment,1037.57,Expense,Food,Debit Card,Starbucks,
0d6095f4-c0b8-4465-8995-3bbb89670df0,2025-09-15,Jio Payment,3951.97,Expense,Bills,Debit Card,Gas,
c66f2d8c-87bd-43f7-873c-2c21a35608c6,2025-09-15,Swiggy Payment,552.0,Expense,Food,Debit Card,Starbucks,
41012764-6b55-4ed8-9959-331899cb00ea,2025-09-15,Airtel Payment,631.03,Expense,Bills,Cash,Water,
c103c0a7-5d56-49ed-9ad5-bfc616c7e554,2025-09-15,PharmEasy Payment,3178.11,Expense,Healthcare,UPI,Apollo,
c737ebb9-8f35-4fbc-aadd-a7ebc8ca0055,2025-09-15,Uber Payment,991.08,Expense,Travel,UPI,Metro,
fd555577-4c3d-4d04-87f0-279c09222534,2025-09-16,Local Store Payment,7178.58,Expense,Shopping,UPI,Myntra,
c506b020-b8b6-4f6a-8832-bbe688c9ac39,2025-09-16,Misc Payment,169.93,Expense,Other,Cash,Misc,
aafe7b9b-6f52-4201-8b00-25afd8506fa9,2025-09-16,Misc Payment,137.38,Expense,Other,UPI,Donation,
00fd3d7c-17dd-4c8f-a1f8-0260d87ca713,2025-09-16,Donation Payment,557.75,Expense,Other,Debit Card,Donation,
4c62f856-ce0d-4e4f-88fb-0a7bf5e203c2,2025-09-16,Local Cafe Payment,772.28,Expense,Food,UPI,Local Cafe,
14e3b700-7cfe-4b08-b57f-3d3d1f96a4d2,2025-09-16,Netflix Payment,630.51,Expense,Entertainment,UPI,Netflix,
2e67b938-1b5a-48f0-b1bd-84a7d68a999d,2025-09-16,Swiggy Payment,1864.77,Expense,Food,UPI,Domino's,
a1a20e5f-3ff9-4369-9a94-89e61c11c8a2,2025-09-16,Local Cafe Payment,1638.22,Expense,Food,UPI,Swiggy,
dea1a4a1-6add-4b03-9285-8f8ab4f4e309,2025-09-17,Gift Payment,620.44,Expense,Other,Debit Card,Gift,
a0fb9e97-26a8-48a7-a5a2-c783eebb414b,2025-09-17,Airtel Payment,2298.51,Expense,Bills,Debit Card,Airtel,
9a32ca92-6c6d-4065-979a-dbf38119ad33,2025-09-17,Swiggy Payment,1452.51,Expense,Food,Cash,Domino's,
db9c9898-0e36-46ce-87a7-85565f777429,2025-09-18,IRCTC Payment,362.89,Expense,Travel,Credit Card,Ola,
c2e8f5e6-4d9b-4c05-84e4-8581521787f8,2025-09-18,Airtel Payment,11987.12,Expense,Bills,UPI,Electricity,
e857cb8d-ac09-42e4-81cd-3eb79c3c1c9c,2025-09-18,Myntra Payment,7786.81,Expense,Shopping,Cash,Reliance Mart,
a807a523-7ed1-44a2-b572-c5d3f0dd3b85,2025-09-18,Electricity Payment,2030.3,Expense,Bills,Credit Card,Jio,
65fed8cc-1b93-4f2b-a889-9eb449be98b6,2025-09-18,Gaming Payment,1161.53,Expense,Entertainment,Debit Card,PVR,
e21220f1-ae43-4a6d-bde5-b08380cdaba0,2025-09-18,Zomato Payment,1936.34,Expense,Food,Credit Card,Zomato,
8e04a2b6-60a5-496f-8b07-565240e0ee5f,2025-09-18,Starbucks Payment,1771.44,Expense,Food,Cash,Local Cafe,
f3cf4780-03c0-466e-b8ea-2a81b5b44dc9,2025-09-18,Swiggy Payment,1675.96,Expense,Food,UPI,Domino's,
a786dd64-ba7c-43b9-afde-a36764c3ab7f,2025-09-18,Zomato Payment,4819.14,Expense,Food,Cash,Zomato,
39749d76-de1e-4907-a1de-280403e52952,2025-09-19,Misc Payment,900.27,Expense,Other,Credit Card,Gift,
6595f3d9-2d5c-45de-a075-ea98da2f81f7,2025-09-19,Dentist Payment,23628.51,Expense,Healthcare,Debit Card,Dentist,
27d2b478-a924-4050-9775-260d686780aa,2025-09-19,Gaming Payment,1379.73,Expense,Entertainment,UPI,Netflix,
e85e32d5-f100-4c91-9a32-43abc5361ead,2025-09-19,Flight Payment,668.41,Expense,Travel,Cash,Uber,
89c0cdf1-e3d0-4b10-b906-706a40ebb0ce,2025-09-19,Misc Payment,445.01,Expense,Other,UPI,Misc,
1a815db5-b2fc-4e7a-9867-7bd6f7fcca16,2025-09-19,Flight Payment,878.28,Expense,Travel,Cash,Metro,
07ce3bb0-9c4c-41e7-8d00-48ddd985dcf9,2025-09-20,Flight Payment,276.14,Expense,Travel,Debit Card,Ola,
4bf8ac47-3f96-4d5d-b158-e0a49f7e8e22,2025-09-20,Local Clinic Payment,9112.42,Expense,Healthcare,UPI,Dentist,
648e6253-d2d5-4b6d-9ae7-70803e602cea,2025-09-20,Gas Payment,697.58,Expense,Bills,Credit Card,Jio,
5dfbe7c0-7d03-4998-b086-51eaefa2ac4e,2025-09-20,Local Store Payment,2639.74,Expense,Shopping,UPI,Local Store,
b232522f-d4f7-4b0e-a491-47d8459a10d2,2025-09-20,Uber Payment,519.37,Expense,Travel,Debit Card,Flight,
c4ce6e0b-8dab-4f70-88bc-8318b04ed4b7,2025-09-20,Dentist Payment,679.96,Expense,Healthcare,Cash,Local Clinic,
f01fcb46-0f7d-4afa-85e0-04efc604f5f5,2025-09-20,Gas Payment,628.6,Expense,Bills,Debit Card,Electricity,
4af2fa81-27b4-48ba-817c-99d4c7db69ae,2025-09-21,Domino's Payment,928.09,Expense,Food,Credit Card,Domino's,
2ca27b31-a3a4-41d6-8110-3cdc7d9760ae,2025-09-21,Local Cafe Payment,187.52,Expense,Food,Credit Card,Starbucks,
d59a4417-6ef8-4adc-ad3e-f8fff3e9c8d4,2025-09-21,Uber Payment,797.05,Expense,Travel,Cash,Flight,
fd7a5061-b2a6-4267-a0bb-008d94368bca,2025-09-21,Gift Payment,957.64,Expense,Other,Credit Card,Gift,
120b4e34-9526-47cd-a726-aeb4a3be6327,2025-09-21,Local Cafe Payment,116.92,Expense,Food,UPI,Starbucks,
45bc14a8-01b7-4e39-9dcb-3b272915924c,2025-09-22,Local Store Payment,3442.17,Expense,Shopping,Cash,Reliance Mart,
cbdf46a2-831c-406d-b50c-b934b158dcab,2025-09-22,PharmEasy Payment,1409.71,Expense,Healthcare,UPI,Local Clinic,
af8b8747-9ee7-4bf5-82cf-d2f0efc19e0b,2025-09-22,Domino's Payment,1726.35,Expense,Food,Debit Card,Zomato,
a1faa65c-4707-4b5a-b6a1-c5774e39d5c2,2025-09-22,Starbucks Payment,158.18,Expense,Food,Cash,Local Cafe,
35443cf8-3c84-436b-ad2d-f100470c9bb9,2025-09-22,Starbucks Payment,418.42,Expense,Food,Debit Card,Local Cafe,
8a516a36-427a-4fe3-814e-e168680f09a2,2025-09-22,Gift Payment,702.07,Expense,Other,Debit Card,Misc,
26dc67c0-41b3-4eee-a340-eb335eea1f05,2025-09-22,Misc Payment,648.95,Expense,Other,Cash,Donation,
e7b98c56-bdf7-46b5-9b90-f5151a82588e,2025-09-22,Myntra Payment,2944.02,Expense,Shopping,Credit Card,Flipkart,
a74e588a-ca09-45f7-93f9-bb632b1787e0,2025-09-22,Gift Payment,184.3,Expense,Other,Debit Card,Donation,
10d82e4b-17f6-45c6-ac0c-45b6a214457e,2025-09-23,Jio Payment,2979.39,Expense,Bills,UPI,Jio,
14be75e1-9b95-4068-85c8-55d05870f4f0,2025-09-23,Jio Payment,3600.64,Expense,Bills,Cash,Water,
7f6bf5a8-ed7d-4c21-bf6b-aef25f046383,2025-09-23,Misc Payment,866.68,Expense,Other,Cash,Donation,
b8c0e879-8eea-4999-8ba2-0ea04651bd6d,2025-09-23,Flight Payment,318.75,Expense,Travel,UPI,IRCTC,
54889d4b-52ee-4c3e-b76f-08e94d9910ff,2025-09-24,PharmEasy Payment,4427.34,Expense,Healthcare,Credit Card,Local Clinic,
78517efd-c5a1-4baf-9186-220e4f22c4ff,2025-09-24,Zomato Payment,682.96,Expense,Food,UPI,Domino's,
b427e45c-4bdc-4eb7-8f85-09fc72925643,2025-09-24,Gift Payment,424.21,Expense,Other,Debit Card,Misc,
49fe99dc-7d18-4f0c-945f-7a403021ead1,2025-09-25,Misc Payment,818.41,Expense,Other,Cash,Misc,
3664e9ff-52cd-4f48-8db7-3656f517788b,2025-09-25,Zomato Payment,1875.08,Expense,Food,Credit Card,Swiggy,
bf62c9d0-039b-4069-8dcd-253615d1de74,2025-09-25,Gift Payment,402.43,Expense,Other,Debit Card,Misc,
3bf6692e-0bc6-430f-bb68-c1c23ba904e2,2025-09-25,Flight Payment,267.63,Expense,Travel,Credit Card,IRCTC,
c594a7fe-b1f1-4e38-827d-49b963efd1af,2025-09-25,Swiggy Payment,1039.26,Expense,Food,UPI,Local Cafe,
511ee6ff-ec38-42cf-862d-4d30adfb0bfe,2025-09-25,Donation Payment,769.45,Expense,Other,Cash,Misc,
5655131f-d5de-4258-aa21-5634f387739d,2025-09-25,Ola Payment,633.43,Expense,Travel,Debit Card,Uber,
fc7e5a29-9006-4fff-9852-1b7aa74e531c,2025-09-25,Local Clinic Payment,4454.5,Expense,Healthcare,Cash,Apollo,
4ea8367f-9c8a-4a34-bf08-2edef39283bb,2025-09-26,Myntra Payment,6295.34,Expense,Shopping,UPI,Local Store,
10b5f8a0-5d96-4de4-b143-8a99dc7111af,2025-09-26,IRCTC Payment,491.28,Expense,Travel,Debit Card,IRCTC,
cddcef0f-8e2d-41e4-8ec2-64c66807efaf,2025-09-26,Starbucks Payment,1620.63,Expense,Food,Credit Card,Starbucks,
0b8b5cba-9daa-4f77-aafc-0a09fa805473,2025-09-26,Myntra Payment,9912.86,Expense,Shopping,Credit Card,Local Store,
1a65a9f0-5282-4549-91c4-e0da877b7245,2025-09-27,Ola Payment,710.04,Expense,Travel,Debit Card,Metro,
9c3025f3-92c6-4516-9707-730351618059,2025-09-27,Misc Payment,537.98,Expense,Other,Cash,Misc,
4fcf84f5-2fe8-468b-adc5-e74d10a75b42,2025-09-27,Local Clinic Payment,2390.32,Expense,Healthcare,UPI,Local Clinic,
e924fb6d-f6c2-41f7-8fbe-14ec6fe8596b,2025-09-27,Swiggy Payment,157.92,Expense,Food,Cash,Swiggy,
1815d464-ba6f-4b8b-a9fe-17d92a7ee2c7,2025-09-28,Dentist Payment,223.03,Expense,Healthcare,UPI,Dentist,
b0e92900-2b81-4874-a83d-32147c6c1d12,2025-09-28,Jio Payment,4976.39,Expense,Bills,Cash,Airtel,
e04cf852-328d-4b73-86da-aa58f7633e5b,2025-09-28,Starbucks Payment,880.78,Expense,Food,Debit Card,Local Cafe,
23cd258c-3fd0-46ff-88c4-b0ddc69626bf,2025-09-28,Apollo Payment,1700.0,Expense,Healthcare,Cash,Dentist,
fd9ae925-0ad8-48cf-a0a7-cb76c6362c6a,2025-09-28,Local Store Payment,8493.38,Expense,Shopping,UPI,Myntra,
75ea2718-f344-4738-bcca-6a8e0c9bd398,2025-09-29,Flight Payment,138.11,Expense,Travel,Debit Card,Uber,
723e3aed-4563-45cb-9b53-b4ec8becaf80,2025-09-29,Donation Payment,290.84,Expense,Other,Credit Card,Donation,
380fa9ca-7c6d-42e3-a13d-7a0b6d3a8393,2025-09-29,Flipkart Payment,1308.71,Expense,Shopping,Cash,Reliance Mart,
66809ae8-87d8-4b22-8626-9f89e2de3f27,2025-09-29,Starbucks Payment,1578.43,Expense,Food,Cash,Domino's,
00745b94-8e68-454a-9bd9-52f3c0a5e57b,2025-09-29,Misc Payment,153.81,Expense,Other,Debit Card,Gift,
afdbe1d6-7057-436e-baac-62e04a17dacd,2025-09-29,Jio Payment,656.1,Expense,Bills,Debit Card,Water,
72fb732b-60a6-48a1-ae5c-385b7a983f9b,2025-09-29,Misc Payment,725.92,Expense,Other,Cash,Gift,
c18766b2-473d-4111-9196-4bd8bfe0d5b3,2025-09-29,Local Cafe Payment,226.22,Expense,Food,Credit Card,Local Cafe,
cd123ed1-84b5-4ac8-acae-25821c82085b,2025-09-30,Electricity Payment,2741.91,Expense,Bills,Credit Card,Gas,
decfb210-a681-4c87-aa78-61a188597f7b,2025-09-30,PharmEasy Payment,3103.13,Expense,Healthcare,UPI,Apollo,
e497b9d3-2dca-498d-8e6a-6d3a4e2e45c0,2025-09-30,Donation Payment,261.75,Expense,Other,Cash,Gift,
c4ff5811-3314-43e6-be63-c6c44e8682be,2025-09-30,Gift Payment,610.78,Expense,Other,UPI,Misc,
0c406c1b-0bb3-4f03-ac61-d32e44dc9896,2025-09-30,Flipkart Payment,9937.52,Expense,Shopping,Credit Card,Local Store,
a02a134d-fae9-456c-ad01-ff37ae2f9688,2025-09-30,Swiggy Payment,573.99,Expense,Food,Debit Card,Zomato,
5b6eb604-c490-4573-8155-376036cad9b5,2025-10-01,Swiggy Payment,879.07,Expense,Food,Debit Card,Swiggy,
e319aee5-8588-4ff5-9cd8-0689c5258aa6,2025-10-01,Donation Payment,58.11,Expense,Other,Cash,Gift,
83e672c0-8c97-4f33-a153-3637598a296a,2025-10-01,Monthly Salary,50530.72,Income,Salary,Bank Transfer,Employer,Regular Income
1e70f9b0-9726-4784-a610-90de643ca001,2025-10-01,Jio Payment,1873.73,Expense,Bills,Debit Card,Electricity,
c8075aad-3e74-418d-80f9-a88ea127b834,2025-10-02,Local Cafe Payment,1454.12,Expense,Food,Cash,Domino's,
38c7a2ac-d870-489e-9384-cba313e58744,2025-10-02,Flight Payment,353.0,Expense,Travel,Debit Card,Flight,
e6775b1f-77ff-4264-b221-0dc77ad910ba,2025-10-02,Event Payment,2164.2,Expense,Entertainment,Debit Card,PVR,
da5657c0-03ca-4502-9169-e4cc78b11de7,2025-10-02,Metro Payment,580.43,Expense,Travel,Credit Card,Uber,
7ca39a65-e1da-4c2c-99b9-aebc45cab249,2025-10-02,Donation Payment,756.34,Expense,Other,Credit Card,Misc,
cd7d1a9b-0586-4d02-ba4c-c350f62ee997,2025-10-03,Local Clinic Payment,2742.04,Expense,Healthcare,Credit Card,Dentist,
52c810e2-b766-4bfa-95d4-4613147c90df,2025-10-03,Gift Payment,782.71,Expense,Other,Cash,Gift,
42dfa29b-f08f-4246-b5bb-4efcd46de650,2025-10-03,Local Cafe Payment,1676.55,Expense,Food,Debit Card,Zomato,
53596bb6-ae33-4afb-9b2c-84962e518897,2025-10-03,Domino's Payment,1704.93,Expense,Food,Credit Card,Zomato,
b8860185-a358-47af-a864-24f8329713a1,2025-10-04,Water Payment,1189.21,Expense,Bills,Cash,Jio,
5f51d363-3cd3-40f5-ba8d-d261ef8c4630,2025-10-04,Misc Payment,514.35,Expense,Other,UPI,Donation,
d17f637a-d970-49b8-8797-bbca85fcdc14,2025-10-04,Local Store Payment,9588.06,Expense,Shopping,UPI,Local Store,
9a905549-a802-4c9e-bf79-9a0d0c5e5782,2025-10-04,Gift Payment,870.01,Expense,Other,Credit Card,Gift,
78a1c2a2-6678-4ac7-bacc-32072c2382b7,2025-10-04,Flight Payment,863.05,Expense,Travel,Cash,Flight,
955f5019-8c59-4358-a443-4cb523e13766,2025-10-04,Jio Payment,3302.1,Expense,Bills,Cash,Electricity,
624f6769-364c-4f6b-b0fa-16ea1b8e1f8d,2025-10-05,Swiggy Payment,1271.88,Expense,Food,Cash,Local Cafe,
5b91b4af-3c4c-4af2-a4fa-769a953b97c8,2025-10-05,Swiggy Payment,904.13,Expense,Food,Cash,Domino's,
b1570cd7-f33c-491c-9ecc-c2fd3ef23e5c,2025-10-05,Local Cafe Payment,465.63,Expense,Food,Debit Card,Local Cafe,
df14936f-0f31-4836-92f7-e266be047edd,2025-10-05,Water Payment,1724.51,Expense,Bills,Debit Card,Gas,
0149eba9-6b38-4155-8b8d-792a6844c0b5,2025-10-05,Uber Payment,577.68,Expense,Travel,UPI,Flight,
beba3890-0a4b-4761-9d39-154df2077538,2025-10-05,Local Clinic Payment,1760.46,Expense,Healthcare,UPI,PharmEasy,
ae7de8c4-b47f-4c9a-8d92-672e6af6b754,2025-10-06,Swiggy Payment,755.77,Expense,Food,Credit Card,Zomato,
8f7217b7-4b53-4e5f-8528-261a6d74c649,2025-10-06,Netflix Payment,1268.17,Expense,Entertainment,UPI,Gaming,
76861529-d7be-47dc-b824-534b89a39097,2025-10-06,Zomato Payment,576.69,Expense,Food,Debit Card,Swiggy,
96cf21df-f5e7-41b7-b94e-11a8103cd460,2025-10-06,Metro Payment,477.1,Expense,Travel,Debit Card,Metro,
c76eb7a6-9f55-4bff-8c20-61eb4698a465,2025-10-07,Gas Payment,3627.96,Expense,Bills,Credit Card,Electricity,
2f67d063-4ba0-4d54-9f22-d7c9dd90283c,2025-10-07,IRCTC Payment,199.15,Expense,Travel,Debit Card,Ola,
e3735d48-ebd8-4575-9c83-ed94c927ea9b,2025-10-07,Domino's Payment,1663.63,Expense,Food,Debit Card,Swiggy,
afe6d697-f18d-4f4f-82c2-1d37fda72c44,2025-10-07,Domino's Payment,1473.31,Expense,Food,UPI,Swiggy,
8d478267-dd76-4067-9b46-923ace4cfc2a,2025-10-07,Ola Payment,733.18,Expense,Travel,Credit Card,Ola,
cbb1380e-fd1e-43ee-8fae-18bb49fbbf44,2025-10-07,Local Cafe Payment,1119.46,Expense,Food,Cash,Starbucks,
45e46fe9-1a22-423a-bb39-756764d20739,2025-10-07,Reliance Mart Payment,6550.34,Expense,Shopping,Cash,Reliance Mart,
4c1c9534-a238-470d-a94b-8ea4671fb76d,2025-10-07,Donation Payment,591.85,Expense,Other,Credit Card,Misc,
d9e263ba-5e0e-43b9-9041-caddc9139a4b,2025-10-07,Donation Payment,713.56,Expense,Other,Debit Card,Donation,
449d1741-f33e-4cb5-8d0c-835c987d592d,2025-10-07,Metro Payment,422.92,Expense,Travel,Credit Card,IRCTC,
4ffe52b4-7af7-4891-aaae-31da6e6b8299,2025-10-07,Uber Payment,770.72,Expense,Travel,Credit Card,IRCTC,
d5dd5af6-665c-4bee-9361-cb2bbc6bc91a,2025-10-07,Starbucks Payment,1287.24,Expense,Food,Cash,Domino's,
fe391a19-38c6-4ebb-b551-1ddb1a043e92,2025-10-07,Electricity Payment,1686.25,Expense,Bills,Cash,Electricity,
444a58e7-8d44-4da6-b792-8ddee9deeba6,2025-10-08,Event Payment,1184.33,Expense,Entertainment,Cash,Spotify,
ab8afe88-0d94-4586-be2c-e10f0205ac03,2025-10-08,IRCTC Payment,693.15,Expense,Travel,UPI,Ola,
5f572569-ae6e-4775-9aed-703b857555e9,2025-10-08,Domino's Payment,865.11,Expense,Food,UPI,Swiggy,
cc4ca8e7-a589-452e-b899-de427361bf2b,2025-10-08,Airtel Payment,1532.87,Expense,Bills,Debit Card,Jio,
5555594d-c028-4785-bcca-73423a37ac09,2025-10-08,Misc Payment,435.8,Expense,Other,Debit Card,Gift,
c766e16e-e948-4ba3-bcb1-f9836ba23d7b,2025-10-09,Amazon Payment,7209.94,Expense,Shopping,Debit Card,Reliance Mart,
f9c08c3e-8e7c-4618-a9f8-9a68424af2a2,2025-10-09,Metro Payment,484.9,Expense,Travel,Debit Card,IRCTC,
6eac29e9-7829-495a-864c-ef6eef93a740,2025-10-09,Local Store Payment,7009.05,Expense,Shopping,Cash,Local Store,
0089ec0b-69bd-451a-b490-dc55365297fe,2025-10-09,Zomato Payment,1562.54,Expense,Food,Cash,Domino's,
688ddc50-eb71-4050-b90d-af2d35ad118e,2025-10-09,Swiggy Payment,1402.44,Expense,Food,Credit Card,Local Cafe,
0805e560-c941-49d9-8f1c-4b06740da3f4,2025-10-09,Netflix Payment,1600.73,Expense,Entertainment,Cash,Netflix,
123b0b22-47c1-44e1-b75c-b09cdf7b755b,2025-10-10,Starbucks Payment,541.29,Expense,Food,UPI,Domino's,
792dc595-621c-432a-82fa-934a37685e26,2025-10-10,Domino's Payment,1379.7,Expense,Food,Cash,Zomato,
73924fa9-b6a9-44ec-b998-1d7f5bd0a12f,2025-10-11,Reliance Mart Payment,2026.81,Expense,Shopping,Credit Card,Reliance Mart,
d4e6e6e5-0872-4722-8ff8-70d884bc7e5e,2025-10-11,Starbucks Payment,1399.52,Expense,Food,Credit Card,Swiggy,
bdc929e5-64bf-405a-9b0c-5745b481a58f,2025-10-11,Gift Payment,801.0,Expense,Other,UPI,Gift,
b88bf6e1-2e10-478f-a2f8-367f99379e10,2025-10-12,Zomato Payment,203.57,Expense,Food,Cash,Domino's,
756027ab-7681-43ae-b43f-f2320bc6c3da,2025-10-12,Starbucks Payment,1182.98,Expense,Food,Cash,Swiggy,
9f7d5a6d-ed33-4396-960b-1e70bb8609cf,2025-10-12,Swiggy Payment,1621.61,Expense,Food,Cash,Starbucks,
8db0b74d-b003-4712-a24b-6da0686414d4,2025-10-12,Swiggy Payment,1273.29,Expense,Food,Debit Card,Swiggy,
676237c0-d066-40f3-8420-f390cd7a9b0a,2025-10-13,IRCTC Payment,464.06,Expense,Travel,Credit Card,Ola,
a84350e2-f6e9-4004-a80d-e86798157102,2025-10-13,Jio Payment,611.25,Expense,Bills,Cash,Water,
8b7ccc30-aae6-4b61-9649-5a7747b7e7e3,2025-10-13,Donation Payment,214.24,Expense,Other,UPI,Donation,
b55e248d-efbb-4cf9-9c4b-dc29fd6898c4,2025-10-13,IRCTC Payment,665.49,Expense,Travel,Credit Card,Metro,
08f584a3-969d-462d-bc62-0ecaa4b0174f,2025-10-13,Zomato Payment,352.06,Expense,Food,Credit Card,Local Cafe,
85916ffe-17ed-4848-9f3d-02c1f9b1a792,2025-10-13,Swiggy Payment,185.8,Expense,Food,Credit Card,Zomato,
68038af2-b2be-4a3d-9e52-3aa08e05f863,2025-10-13,Metro Payment,522.35,Expense,Travel,UPI,Metro,
54a83ac7-e246-4f76-ab8b-3d5d6976f158,2025-10-13,Uber Payment,549.67,Expense,Travel,UPI,Metro,
bd6e5ce1-d286-40ee-9649-4da3affc8519,2025-10-14,Misc Payment,5623.25,Expense,Other,Debit Card,Misc,
d5166d78-5b76-42da-93a2-4a2aa37fc3ff,2025-10-14,Domino's Payment,581.08,Expense,Food,Cash,Starbucks,
aa13f9f0-b8f4-43ad-93b0-4d7a5fd18224,2025-10-14,Domino's Payment,1116.26,Expense,Food,Cash,Starbucks,
1b01a272-5d1d-4efc-afc6-68870e9e2a90,2025-10-14,Gift Payment,794.87,Expense,Other,Credit Card,Donation,
04ab3efe-fb56-4a9f-9d02-34c7520f3504,2025-10-14,Donation Payment,806.82,Expense,Other,Debit Card,Donation,
58ca13aa-210e-44ee-b753-21bf47fbb383,2025-10-15,Metro Payment,777.74,Expense,Travel,UPI,IRCTC,
1ff716bc-5711-4894-9530-bee1f6ec2ac6,2025-10-15,Netflix Payment,2056.35,Expense,Entertainment,UPI,Spotify,
0557b5c9-745b-44d0-b599-3c1cb26dd286,2025-10-15,Event Payment,384.91,Expense,Entertainment,Credit Card,Netflix,
83470122-644d-4c43-98b4-b4c5fe6d09fa,2025-10-15,Starbucks Payment,1715.93,Expense,Food,Cash,Starbucks,
68ece793-2c1f-4e91-af06-f9023036c00c,2025-10-15,Donation Payment,185.93,Expense,Other,Cash,Gift,
745638f8-3679-4c84-b8f0-f79f40549d98,2025-10-15,Gaming Payment,261.26,Expense,Entertainment,UPI,Gaming,
60279d52-df9e-4b15-bbd7-e4546817f7a8,2025-10-15,Starbucks Payment,1229.27,Expense,Food,Debit Card,Domino's,
d6a03a4a-bdae-4dbd-9e69-e7209c554a9a,2025-10-16,Misc Payment,934.14,Expense,Other,UPI,Gift,
af8b0962-7d86-4d1a-b74b-fbdf0c9f33be,2025-10-16,Donation Payment,714.29,Expense,Other,Credit Card,Misc,
294d2a7d-f813-4dbf-9334-d684ce2a0e6c,2025-10-16,Gift Payment,995.67,Expense,Other,Credit Card,Misc,
f8ec3ebd-a5e8-4148-96c6-641a8fe910bf,2025-10-16,Donation Payment,882.77,Expense,Other,UPI,Donation,
b0c17c2d-34be-41c2-96b1-f2f36af1857a,2025-10-16,Gift Payment,457.89,Expense,Other,Cash,Gift,
63d1f177-a755-46ca-a647-530e0b398bee,2025-10-16,Local Cafe Payment,669.53,Expense,Food,Credit Card,Domino's,
925b6413-5d44-45bc-a44e-ca8263eacb17,2025-10-17,Gift Payment,831.21,Expense,Other,Cash,Gift,
bc6dda2b-5943-4e3e-877d-b87abdc4fdcd,2025-10-17,Donation Payment,605.67,Expense,Other,UPI,Misc,
d854cd09-1422-459a-b1a1-76de74a348d4,2025-10-17,Misc Payment,637.22,Expense,Other,Cash,Misc,
31076ce8-7a5c-4fa5-9a19-b09b923fdff8,2025-10-17,Swiggy Payment,1073.08,Expense,Food,Debit Card,Starbucks,
e9e680d0-56d5-4d12-bce7-abaa7713e224,2025-10-17,Zomato Payment,324.31,Expense,Food,Debit Card,Domino's,
94583d8c-0e00-48b5-acc1-78ca83ba22ed,2025-10-17,Domino's Payment,548.39,Expense,Food,UPI,Starbucks,
bd4f5907-6f6f-45ea-82b9-b29b1df0e727,2025-10-17,Domino's Payment,1242.05,Expense,Food,Cash,Zomato,
676702dd-ab59-4b64-8a13-905769e785fc,2025-10-17,Local Cafe Payment,170.84,Expense,Food,Credit Card,Local Cafe,
5d68b667-2b48-432a-897a-03cea798323c,2025-10-18,Zomato Payment,253.65,Expense,Food,Cash,Swiggy,
a44e4687-242f-460d-98bb-b6412b6ceffa,2025-10-18,Gas Payment,4914.12,Expense,Bills,Cash,Electricity,
b36e7571-9a31-47c3-831a-505a56d3c30b,2025-10-18,Misc Payment,449.58,Expense,Other,UPI,Misc,
3ccc9e8b-71a1-4cbf-8742-8f7dfd803a95,2025-10-18,Misc Payment,623.15,Expense,Other,Cash,Gift,
c233aa17-e206-4b58-8a9f-c98ed3270e1e,2025-10-18,Starbucks Payment,197.2,Expense,Food,Debit Card,Swiggy,
286cbb38-7dba-4aa8-9b2f-00a77221c815,2025-10-19,Myntra Payment,3725.59,Expense,Shopping,Debit Card,Flipkart,
aa69e554-99c6-4e29-bf24-292190bb2f9e,2025-10-19,Metro Payment,638.88,Expense,Travel,Credit Card,Ola,
5b1e5bd5-2312-4db6-9464-a1338b234532,2025-10-19,Zomato Payment,1607.56,Expense,Food,Cash,Local Cafe,
61fbac01-8cdb-459b-88ef-e7b5f2144e7b,2025-10-19,Misc Payment,982.24,Expense,Other,Cash,Donation,
927d4ff4-92d9-4d1b-99c3-36ef094c9d36,2025-10-19,Swiggy Payment,1862.71,Expense,Food,Debit Card,Zomato,
15e7fbd1-5680-4b43-8c4d-f869748292cb,2025-10-19,Electricity Payment,3892.26,Expense,Bills,UPI,Water,
1eab3f5e-76e1-4dd1-8253-0a3bd91d6cb8,2025-10-19,Donation Payment,980.17,Expense,Other,Cash,Donation,
1afe9672-49bb-425d-8f12-f1bc1822f969,2025-10-19,Domino's Payment,1320.91,Expense,Food,Cash,Zomato,
6d1fce26-5f64-47b0-9f7f-3550e36a64f6,2025-10-19,Flight Payment,226.26,Expense,Travel,Credit Card,IRCTC,
62d4ab81-698c-4d7d-b05b-2e1f290f770d,2025-10-19,Donation Payment,61.67,Expense,Other,Credit Card,Misc,
d64dbb46-f375-4081-b748-ea0dffa8afd8,2025-10-20,PVR Payment,888.54,Expense,Entertainment,UPI,Spotify,
08892cbb-fc8f-4b72-a98c-9c70bf62337c,2025-10-20,Misc Payment,987.09,Expense,Other,Cash,Gift,
c741f2a8-3bdb-4b19-8530-925350853b74,2025-10-20,Donation Payment,294.47,Expense,Other,UPI,Donation,
2dd5fcb0-9d72-407b-b8ef-21960cc7e479,2025-10-20,Gift Payment,785.47,Expense,Other,Credit Card,Donation,
ee3b87b0-333d-4342-bb7c-a46a02508ff0,2025-10-21,Reliance Mart Payment,5436.83,Expense,Shopping,Credit Card,Myntra,
53f771ff-629e-4599-9c7d-fc04337df77a,2025-10-21,Local Cafe Payment,794.62,Expense,Food,Credit Card,Starbucks,
fbc0f0fb-fa28-4e64-bcae-592691bc7f0c,2025-10-21,Apollo Payment,4749.08,Expense,Healthcare,Cash,Apollo,
aa3379e5-3fa2-4474-99d2-6503689c7397,2025-10-21,Gift Payment,330.77,Expense,Other,Cash,Gift,
68760a7b-5fe2-4666-84e7-e8f0603f6c4b,2025-10-21,Misc Payment,876.95,Expense,Other,UPI,Misc,
c05ca72b-07b4-4915-92ca-9235da1843b5,2025-10-21,IRCTC Payment,680.24,Expense,Travel,Debit Card,Ola,
6aa491b6-5b8d-46a7-ac87-769fad4eaea5,2025-10-21,Zomato Payment,1448.34,Expense,Food,UPI,Local Cafe,
93e33645-c673-46ba-8e10-53d323c68237,2025-10-21,Donation Payment,669.49,Expense,Other,Debit Card,Gift,
b3e82788-9a1d-4d75-a1be-178000a8fe3b,2025-10-21,Uber Payment,876.74,Expense,Travel,Cash,Ola,
97a31f80-7605-4e51-a93b-b82088848b5e,2025-10-22,Uber Payment,772.4,Expense,Travel,Debit Card,Metro,
b140500a-b117-450f-9b23-fd459be8e89a,2025-10-22,Domino's Payment,661.78,Expense,Food,UPI,Starbucks,
efe69a64-117a-4a53-89ae-94accca9a47a,2025-10-22,Zomato Payment,605.43,Expense,Food,Credit Card,Local Cafe,
a0cd69d0-a604-40c6-aee4-18dfe938545c,2025-10-22,Local Cafe Payment,437.39,Expense,Food,UPI,Swiggy,
e18d9635-5e1d-49d8-94d4-6bd8f134b019,2025-10-23,Gift Payment,906.26,Expense,Other,Debit Card,Gift,
3acc1173-079c-4193-9be7-a836b65493e6,2025-10-23,Uber Payment,498.35,Expense,Travel,Credit Card,Metro,
6a1de4d7-2ab6-4c97-89a4-50c9ea417d2e,2025-10-23,Uber Payment,376.1,Expense,Travel,Debit Card,IRCTC,
85fd90a3-0be9-4bae-bace-15583f84df18,2025-10-23,Swiggy Payment,219.23,Expense,Food,Credit Card,Local Cafe,
ff2ad071-0395-4450-af51-f6a43cae71e5,2025-10-23,Swiggy Payment,631.07,Expense,Food,Debit Card,Domino's,
468b0c21-fd15-409e-a659-8098730f7621,2025-10-23,Donation Payment,109.74,Expense,Other,UPI,Misc,
4de9062e-f627-4118-a850-99ac90dc264f,2025-10-23,IRCTC Payment,902.29,Expense,Travel,Credit Card,IRCTC,
020d5e17-f3d5-446f-bf9d-615070e92b54,2025-10-24,Electricity Payment,3570.52,Expense,Bills,Debit Card,Electricity,
11c6e2b7-6692-4f8f-afd3-79b54828d50a,2025-10-24,Flight Payment,978.62,Expense,Travel,UPI,Metro,
9d0c1eb8-cb25-4b5d-9933-9ecf8d48a34d,2025-10-24,Domino's Payment,206.17,Expense,Food,Cash,Domino's,
64e2cd97-7243-4b59-806e-6a1bc6dabcb5,2025-10-24,Metro Payment,762.31,Expense,Travel,Cash,IRCTC,
d114116a-cee5-4c87-82ca-50f2582fa32b,2025-10-24,Starbucks Payment,267.23,Expense,Food,UPI,Swiggy,
a4034903-7564-4f27-be20-35c899360918,2025-10-24,Starbucks Payment,897.62,Expense,Food,Cash,Zomato,
107f7743-d26e-4329-9f9b-5cfe5798a031,2025-10-24,Local Cafe Payment,1332.43,Expense,Food,UPI,Starbucks,
47971c87-b436-4057-8662-a613fa666765,2025-10-24,Domino's Payment,1428.6,Expense,Food,Cash,Starbucks,
82be424f-a9bc-45c5-8d7c-9eb7a4d8b811,2025-10-25,Ola Payment,303.27,Expense,Travel,Credit Card,Metro,
4b6da781-e3ce-4cef-8fc3-087fedd9bda1,2025-10-25,Zomato Payment,1026.52,Expense,Food,UPI,Zomato,
2cc354f3-eb96-468c-863a-edba0fb11071,2025-10-25,Domino's Payment,1474.34,Expense,Food,Debit Card,Domino's,
82788bc1-9452-42f3-8d66-b7ad029e874b,2025-10-26,PVR Payment,436.33,Expense,Entertainment,Credit Card,PVR,
a99d4662-7e45-42af-a2d0-d1a2ebf34b83,2025-10-26,Local Cafe Payment,124.78,Expense,Food,UPI,Swiggy,
38ca268e-1171-4770-b9f6-7af434260f4b,2025-10-26,Apollo Payment,1866.58,Expense,Healthcare,Debit Card,Apollo,
29847168-3a67-49cf-8612-91d55fc84975,2025-10-27,Metro Payment,796.44,Expense,Travel,UPI,IRCTC,
f1bdeae7-5097-46d7-9e90-84efb1ce49c8,2025-10-27,Gift Payment,99.57,Expense,Other,UPI,Gift,
ee4213e9-5ab6-452d-88ee-f4082a3761ba,2025-10-27,Gift Payment,567.36,Expense,Other,Credit Card,Donation,
fd507c01-122c-4ba4-9ba9-4949208064b8,2025-10-27,Local Store Payment,2751.3,Expense,Shopping,UPI,Local Store,
e377a036-a25d-4c3c-a02f-469a0dfff457,2025-10-27,Starbucks Payment,858.29,Expense,Food,Cash,Domino's,
6b8817f5-34c8-4d8b-aff6-3744ab24bc4e,2025-10-27,Domino's Payment,510.23,Expense,Food,Credit Card,Zomato,
7be1c5b8-ef96-44d2-b8f8-68302ee256c6,2025-10-28,Misc Payment,138.57,Expense,Other,UPI,Gift,
54e95b15-5076-47e0-93db-22e5a490d544,2025-10-28,Swiggy Payment,670.16,Expense,Food,Debit Card,Local Cafe,
a0ff8b96-5b40-4aa1-b8e2-5ec10deadb34,2025-10-28,Domino's Payment,258.86,Expense,Food,UPI,Local Cafe,
2ee9584b-5dc4-487b-91b9-0be42317d73a,2025-10-28,Airtel Payment,577.05,Expense,Bills,Cash,Electricity,
6be3850c-565f-4afa-bc20-ba31d74835f3,2025-10-28,Event Payment,2141.29,Expense,Entertainment,Debit Card,PVR,
c93954dc-79ac-42ee-b3fb-bf94e6dcbb36,2025-10-28,Domino's Payment,1151.75,Expense,Food,UPI,Local Cafe,
9c9d1f51-a669-406e-80da-e75bbe68637f,2025-10-28,Local Cafe Payment,374.68,Expense,Food,UPI,Starbucks,
e370c526-bd29-44b0-b894-33c723c40bfe,2025-10-29,Zomato Payment,1654.53,Expense,Food,UPI,Swiggy,
9a65a3e9-0605-45b4-a3cd-1ff80267eb15,2025-10-29,Donation Payment,650.05,Expense,Other,UPI,Misc,
fecabba9-eebe-4be1-bd2c-cd06414bae7b,2025-10-29,Flight Payment,771.97,Expense,Travel,Debit Card,Ola,
dcf176ef-3e7f-4ffc-960f-f10598b10e50,2025-10-29,Reliance Mart Payment,3592.13,Expense,Shopping,Cash,Reliance Mart,
7d6f5f48-a81a-4d53-b336-b69e7fd32b82,2025-10-29,Donation Payment,91.36,Expense,Other,UPI,Donation,
cab2a00b-50a3-4385-b54d-df77d6c96754,2025-10-29,Netflix Payment,225.6,Expense,Entertainment,Cash,Gaming,
1373e05b-28eb-4e88-b814-ff18c7f9e716,2025-10-30,Domino's Payment,1737.14,Expense,Food,Cash,Domino's,
1c40d3a5-309f-4b12-854f-4cb12f59d709,2025-10-30,Uber Payment,810.04,Expense,Travel,Credit Card,Ola,
08bbd99a-175c-43d5-b022-591f11038301,2025-10-30,Zomato Payment,1899.61,Expense,Food,UPI,Zomato,
65cba1dd-c18a-420f-b8ff-afce5d866e38,2025-10-30,Swiggy Payment,1220.01,Expense,Food,Debit Card,Starbucks,
48d50824-5de1-4242-a975-9eea1e066864,2025-10-30,Starbucks Payment,1071.88,Expense,Food,Debit Card,Local Cafe,
89854265-c83a-4db7-8baa-82ea47c6ade8,2025-10-30,Misc Payment,70.56,Expense,Other,Cash,Misc,
4a8e6fde-cb91-48f4-a501-62b9506d1464,2025-10-30,Event Payment,269.18,Expense,Entertainment,Cash,Gaming,
620704e9-12cb-406d-ab2b-b75a1227fb92,2025-10-31,Apollo Payment,2748.11,Expense,Healthcare,Cash,Dentist,
c6bf05d5-8d90-484b-983c-74e33f49dbab,2025-10-31,Misc Payment,947.17,Expense,Other,Cash,Gift,
9aba240e-8186-4ce1-8282-20ad886322bd,2025-10-31,Zomato Payment,1896.11,Expense,Food,Credit Card,Zomato,
4b3d0964-5708-45e6-b9a1-f7e00d181cfc,2025-10-31,Local Cafe Payment,1844.75,Expense,Food,Credit Card,Local Cafe,
2f311188-7d33-4a34-8333-bebb6425b591,2025-10-31,Swiggy Payment,1447.71,Expense,Food,UPI,Starbucks,
e23c15c7-0551-4258-9d62-74e90209fdfa,2025-10-31,Uber Payment,921.56,Expense,Travel,UPI,Flight,
e7219aac-7282-4e97-a5e9-ea2d0d5123c3,2025-10-31,Local Clinic Payment,4265.07,Expense,Healthcare,Cash,Dentist,
b22f44ca-d353-4701-92de-31450e6baf81,2025-10-31,Swiggy Payment,720.76,Expense,Food,Debit Card,Zomato,
ac7bcd15-1317-4bfc-bcb2-739f5ec6a1de,2025-10-31,IRCTC Payment,642.86,Expense,Travel,UPI,Ola,
46817aec-d829-4be1-81f2-7a7a572d6a87,2025-10-31,Domino's Payment,1301.56,Expense,Food,UPI,Swiggy,
b672d346-ad1d-44c4-bf44-19300cddd2c0,2025-10-31,Netflix Payment,2872.76,Expense,Entertainment,Cash,Gaming,
63b60dc2-9f13-4b57-8d2d-7229cb02c9c1,2025-11-01,Donation Payment,456.44,Expense,Other,UPI,Gift,
defe1caa-a590-4728-b892-0eaca5f62d60,2025-11-01,Domino's Payment,1248.74,Expense,Food,Debit Card,Local Cafe,
85e952ad-0de2-4b59-93f4-b5201245f577,2025-11-01,Monthly Salary,53976.75,Income,Salary,Bank Transfer,Employer,Regular Income
3a9449ba-3617-482c-8ca2-f6e295632ee7,2025-11-02,Starbucks Payment,887.54,Expense,Food,Credit Card,Swiggy,
23be386c-afff-44ad-bf41-536a356a8162,2025-11-02,Ola Payment,618.3,Expense,Travel,Credit Card,IRCTC,
bcdd36e0-210f-4951-8c13-823312e83e28,2025-11-02,Domino's Payment,291.77,Expense,Food,Debit Card,Starbucks,
5dddab89-8fae-46a6-87f8-6a9a4367a3de,2025-11-02,Uber Payment,97.15,Expense,Travel,Debit Card,Uber,
f285836b-38d9-4cdd-9028-087e98d1a504,2025-11-02,Reliance Mart Payment,5088.84,Expense,Shopping,Credit Card,Amazon,
640e272e-108e-499a-824c-c35d786e3759,2025-11-02,Ola Payment,179.3,Expense,Travel,Credit Card,Metro,
ff0608d5-b3af-4f74-a4cc-272b502b30a7,2025-11-02,Netflix Payment,1102.36,Expense,Entertainment,UPI,Event,
805ed27f-60f7-410b-ac8e-6e55c852292e,2025-11-02,Event Payment,970.22,Expense,Entertainment,UPI,PVR,
8449435c-c7a6-4fc1-9211-e98de5d1b252,2025-11-02,Starbucks Payment,1253.79,Expense,Food,Credit Card,Zomato,
103a96ea-62c2-435e-8357-8e98d9998e19,2025-11-02,Zomato Payment,1920.87,Expense,Food,Debit Card,Zomato,
f5e3c326-bcc8-4d59-a7e3-4b50c886638d,2025-11-03,Swiggy Payment,431.19,Expense,Food,Credit Card,Zomato,
3a171b5f-891d-4480-a647-b1be0a7bcda7,2025-11-03,Netflix Payment,1701.44,Expense,Entertainment,Debit Card,Event,
7f632832-afae-4fdc-9e9b-83a4afcaf02d,2025-11-03,Netflix Payment,2534.14,Expense,Entertainment,Credit Card,Spotify,
c2ddc11e-866f-4826-9bc3-9f248c1412df,2025-11-03,Zomato Payment,1458.38,Expense,Food,Debit Card,Swiggy,
d0633056-0f3b-48df-9ed3-c3b6406ce318,2025-11-03,Flight Payment,448.31,Expense,Travel,Credit Card,Uber,
26bedd7f-acaa-4005-b9ab-3deabd40480d,2025-11-04,Swiggy Payment,1091.84,Expense,Food,UPI,Swiggy,
b9e3bcaa-4605-426b-8e91-97ea420af887,2025-11-04,Spotify Payment,2266.71,Expense,Entertainment,Credit Card,Spotify,
44f18976-bd54-4b3b-b031-32f3182b6af3,2025-11-04,PVR Payment,2995.53,Expense,Entertainment,Debit Card,Spotify,
23d5c8df-d394-4da8-b49d-a7227bab2eed,2025-11-04,Swiggy Payment,384.57,Expense,Food,Debit Card,Local Cafe,
f2ec56d1-a18b-4571-8027-c00071e6ada2,2025-11-04,Local Cafe Payment,306.61,Expense,Food,Cash,Swiggy,
71e2e0a9-abf8-45e1-8058-c490c2016db0,2025-11-04,Spotify Payment,538.42,Expense,Entertainment,UPI,Spotify,
fcfa3fc6-4223-45b7-b51d-9cea619188ca,2025-11-04,Local Cafe Payment,721.01,Expense,Food,Cash,Local Cafe,
34caf3ce-2061-44fe-9602-3c5dd80aafad,2025-11-04,Apollo Payment,4094.54,Expense,Healthcare,Cash,Apollo,
caf020b8-904c-4548-85b2-1f9bd9f2b35e,2025-11-04,Water Payment,1974.44,Expense,Bills,UPI,Electricity,
3a72e096-2250-4c7f-89d9-35e1cc621c83,2025-11-04,Electricity Payment,4680.83,Expense,Bills,Cash,Electricity,
c82bcebd-2a5d-432b-9c66-21893a575ce4,2025-11-04,Misc Payment,771.71,Expense,Other,UPI,Donation,
286df029-91d5-42cd-bd97-56fc100d0b6a,2025-11-04,Gas Payment,4025.15,Expense,Bills,UPI,Water,
5fd9a7a4-bae5-48ef-8621-ec2bb9a9b869,2025-11-04,Electricity Payment,589.64,Expense,Bills,Debit Card,Airtel,
86d82d3c-fb23-468d-87aa-eb8dca8ba939,2025-11-04,Local Cafe Payment,982.95,Expense,Food,UPI,Domino's,
5692209e-f061-4a52-965a-c007cf16f972,2025-11-05,Misc Payment,950.34,Expense,Other,Debit Card,Gift,
184cb8fd-f19e-4cd6-837e-27944d1d6d12,2025-11-05,Gas Payment,1073.38,Expense,Bills,UPI,Airtel,
3edc1795-2eaf-4c27-951c-b76eabd9ceda,2025-11-05,Donation Payment,574.48,Expense,Other,Debit Card,Donation,
6c1a7dcd-a99d-4b8a-8fdf-c25ae9fa732d,2025-11-05,Water Payment,3282.88,Expense,Bills,Cash,Airtel,
4dc0b21b-a8a3-42d4-9348-7b0574ffd7ca,2025-11-05,Flipkart Payment,5480.21,Expense,Shopping,Credit Card,Amazon,
f28399cb-ed9a-49ae-91f7-b7545026c563,2025-11-05,Donation Payment,862.55,Expense,Other,Cash,Gift,
3840032c-ce38-415c-8b70-36b7769218db,2025-11-05,Gift Payment,666.94,Expense,Other,UPI,Donation,
a1c88af8-0c1f-46f2-8128-4e2d4413ef5a,2025-11-05,Spotify Payment,1702.02,Expense,Entertainment,UPI,Spotify,
eaddeb24-8da7-4032-bfa3-2891cc54c9d8,2025-11-05,Starbucks Payment,1700.93,Expense,Food,UPI,Local Cafe,
18d9d2b4-afaa-4965-abd2-afde6b29afd7,2025-11-05,Misc Payment,994.84,Expense,Other,UPI,Misc,
aee00b2d-81ea-4251-97b8-22baccb36390,2025-11-06,Netflix Payment,1986.78,Expense,Entertainment,Debit Card,Spotify,
7133965a-ba0f-4c1c-a3e4-0bb7c7935125,2025-11-06,Metro Payment,344.82,Expense,Travel,UPI,IRCTC,
df7e4776-c097-43e8-ae93-a69aea8f7d7e,2025-11-06,Metro Payment,499.33,Expense,Travel,Credit Card,Metro,
6700f1d9-0342-4390-b3a2-bd099dd312a5,2025-11-06,Water Payment,1285.25,Expense,Bills,Cash,Gas,
d1e54718-a251-4ea7-a873-d219c83aa564,2025-11-06,Gift Payment,933.65,Expense,Other,Credit Card,Misc,
24fa69df-c579-4efb-978f-957a5d3ae183,2025-11-06,Flight Payment,731.57,Expense,Travel,Cash,Ola,
9f0bf758-5e14-4fb7-8dd7-fb53e9aead40,2025-11-06,Gaming Payment,1765.92,Expense,Entertainment,UPI,Event,
4fd5c3d8-db04-46de-ba3b-8a78ff909c0a,2025-11-06,Gift Payment,525.45,Expense,Other,Debit Card,Donation,
0d0b4d0e-ec37-4b50-ac3f-915bdc9144d6,2025-11-06,Amazon Payment,2325.83,Expense,Shopping,UPI,Flipkart,
a35287bf-2cd9-4a08-b0b5-5de0942fc6a5,2025-11-06,Electricity Payment,668.17,Expense,Bills,UPI,Airtel,
b24f0c0c-30c1-4c90-bc69-4c8cc54a17bb,2025-11-06,Gift Payment,852.76,Expense,Other,Credit Card,Misc,
e14342e4-8cb7-4ecf-82bb-9af791157eb9,2025-11-06,Gift Payment,432.0,Expense,Other,Cash,Misc,
3ea35d7d-c0c6-4a62-98cb-98eef79d45dd,2025-11-06,Gift Payment,80.97,Expense,Other,UPI,Misc,
32819c62-a6e9-4030-9990-e572ace61e99,2025-11-07,IRCTC Payment,218.03,Expense,Travel,Cash,Ola,
07db1c55-65d9-457b-86b9-dbb60d1e9836,2025-11-07,Domino's Payment,240.59,Expense,Food,Debit Card,Swiggy,
7a9841fd-5296-4e55-8c73-faf3e0bd9991,2025-11-07,Gift Payment,862.14,Expense,Other,Credit Card,Gift,
a1f3fc4a-04a5-435b-8925-942b0fe6f553,2025-11-07,Flight Payment,423.2,Expense,Travel,Credit Card,Metro,
edab4e81-5fb7-4ec7-97c4-c0a05d14bfb7,2025-11-07,PharmEasy Payment,4966.3,Expense,Healthcare,Cash,Local Clinic,
81480af5-41ad-4be3-9150-fff0a101e437,2025-11-07,Gas Payment,3583.2,Expense,Bills,Debit Card,Electricity,
0b921714-823d-4acd-9348-75c74cc92afe,2025-11-07,Swiggy Payment,1435.47,Expense,Food,Cash,Domino's,
2604910e-a668-4cbf-90eb-3e5cfb1b9f4b,2025-11-08,Electricity Payment,2315.27,Expense,Bills,UPI,Gas,
cc0f2cb0-60ca-4b5e-b1aa-0c30c4496f77,2025-11-08,Donation Payment,985.86,Expense,Other,UPI,Misc,
dfaee8d5-2f7d-4315-b572-6cbf4dc204e1,2025-11-08,Gift Payment,427.68,Expense,Other,Cash,Gift,
dbae8c15-459b-4b1f-8e0e-c155486b5a08,2025-11-08,Misc Payment,981.74,Expense,Other,Cash,Misc,
286060ca-d2b4-4fe3-b050-a4a3dcf7d147,2025-11-08,Event Payment,1352.5,Expense,Entertainment,Credit Card,Event,
b78eefe6-7dc8-4d35-9298-4cb883223c01,2025-11-08,Apollo Payment,3413.77,Expense,Healthcare,UPI,Local Clinic,
8dd16b17-0fef-4c2b-a209-c8c7801976d2,2025-11-09,Local Cafe Payment,1838.49,Expense,Food,Cash,Zomato,
bac3e53b-df82-486e-ac51-1b82083f2e14,2025-11-09,Donation Payment,596.89,Expense,Other,Cash,Misc,
411b77be-07fc-4e24-8258-5d018632d831,2025-11-09,Donation Payment,688.02,Expense,Other,Debit Card,Gift,
b530aa68-b74f-423b-a44c-5ef276cf430f,2025-11-09,Amazon Payment,5558.51,Expense,Shopping,Cash,Reliance Mart,
12e6f274-1f44-412a-a30b-96bda97acd93,2025-11-09,Event Payment,1975.4,Expense,Entertainment,Credit Card,Gaming,
cc6fa164-4ce0-45a0-b9c3-03a312144d85,2025-11-09,Electricity Payment,2965.77,Expense,Bills,Debit Card,Jio,
2bd110ab-534c-4168-b06d-df9ef3350565,2025-11-09,Donation Payment,585.49,Expense,Other,Cash,Misc,
6d789bc9-5757-4f81-b21b-b17599d8baad,2025-11-09,Domino's Payment,275.38,Expense,Food,UPI,Starbucks,
d527e027-d27e-49fb-9099-961f86ea9a15,2025-11-09,Gaming Payment,464.75,Expense,Entertainment,Cash,Spotify,
c68d91e6-e89f-4ceb-83b8-33dcdc7017e6,2025-11-09,Donation Payment,471.28,Expense,Other,Credit Card,Gift,
81643757-ef9a-490d-920f-d8ab37823303,2025-11-09,Domino's Payment,1784.16,Expense,Food,Cash,Zomato,
159c8e17-00e0-4eae-a282-3b53752a8c8e,2025-11-10,Starbucks Payment,697.35,Expense,Food,Debit Card,Domino's,
01e8dc9d-bdb4-4acb-b931-8a5171b459b4,2025-11-10,Domino's Payment,1392.91,Expense,Food,Cash,Starbucks,
d6f98d37-ab2b-4d5f-b213-54218e5830f7,2025-11-11,Electricity Payment,4909.76,Expense,Bills,Cash,Water,
0ac1af6b-c231-4a67-a234-cadf12468e60,2025-11-11,Gift Payment,397.16,Expense,Other,Cash,Donation,
0a1c1fa9-7b4d-4305-af44-82fc7bcda5a3,2025-11-11,Domino's Payment,1515.2,Expense,Food,UPI,Local Cafe,
213bd92f-061f-4efb-9c01-0590e14111a4,2025-11-11,Gift Payment,515.15,Expense,Other,Debit Card,Misc,
7b7309a4-e0b9-48de-86a3-2fdf247ca70e,2025-11-11,Uber Payment,426.63,Expense,Travel,Debit Card,Ola,
b9c83f9c-a794-41d5-888b-9b3b9bf0f755,2025-11-12,Zomato Payment,1287.06,Expense,Food,Cash,Local Cafe,
7e3565bd-d96b-4984-b1b7-bed94ca1d539,2025-11-12,Donation Payment,572.21,Expense,Other,Credit Card,Misc,
0460c3b3-646a-42cd-881f-9042a8dd650e,2025-11-12,IRCTC Payment,501.11,Expense,Travel,Cash,Ola,
d114ab00-0d08-4960-88a4-75a7ed5acfcc,2025-11-12,Water Payment,2395.51,Expense,Bills,Credit Card,Water,
a9bac6fe-acb2-4107-8646-d78809f3a145,2025-11-12,Misc Payment,202.06,Expense,Other,Debit Card,Gift,
ee72eefb-b66b-4629-9260-ae9137bc7c80,2025-11-12,Amazon Payment,5800.97,Expense,Shopping,Credit Card,Reliance Mart,
f2c6888f-7b12-4796-b029-c361cd529cba,2025-11-12,PVR Payment,2043.21,Expense,Entertainment,Cash,Event,
c16c1768-e56e-40bc-a09b-1ddfaaccf3a9,2025-11-12,Starbucks Payment,106.5,Expense,Food,UPI,Zomato,
f95415e8-8da1-45c6-b3c7-c8c85042eddf,2025-11-13,Swiggy Payment,1747.21,Expense,Food,Cash,Local Cafe,
a43d3760-59a9-4e90-9218-27b1149225eb,2025-11-13,Local Store Payment,8403.13,Expense,Shopping,Debit Card,Local Store,
28f990b7-ec42-4eb3-bfd1-9abb2015a684,2025-11-13,Local Store Payment,1438.16,Expense,Shopping,Debit Card,Amazon,
bd2feea4-1019-4b2c-9084-97035b066261,2025-11-13,Domino's Payment,1830.49,Expense,Food,Credit Card,Local Cafe,
b8870bdc-a2ce-4147-840a-48486a40a149,2025-11-13,Gift Payment,918.47,Expense,Other,Cash,Gift,
899ed71f-c701-4ea2-b40f-c66e1b8f385b,2025-11-13,Domino's Payment,809.28,Expense,Food,Credit Card,Starbucks,
3cae1b97-d82a-4344-ba37-e280219be2a5,2025-11-13,Misc Payment,856.63,Expense,Other,Cash,Gift,
6b1416b6-3864-49e5-b876-577ea4d24c69,2025-11-13,Reliance Mart Payment,5047.98,Expense,Shopping,UPI,Flipkart,
6c99b46b-3663-4660-9d3c-135630dd126d,2025-11-13,Gift Payment,867.34,Expense,Other,Debit Card,Donation,
ff52397e-204a-4c93-b95d-0e232afef767,2025-11-13,Local Cafe Payment,1310.48,Expense,Food,Credit Card,Local Cafe,
61a671e1-c801-4944-8452-3aac5035332f,2025-11-13,Donation Payment,175.76,Expense,Other,Debit Card,Misc,
edebeaf3-71ea-4976-9d1c-02f9486212bc,2025-11-14,Uber Payment,620.08,Expense,Travel,Credit Card,IRCTC,
abc1b411-50db-44c4-ab9e-eebf5a3b40d3,2025-11-14,Zomato Payment,1698.13,Expense,Food,Cash,Domino's,
7e658ca4-be6f-4465-85fe-c632fb08f547,2025-11-14,Gift Payment,222.25,Expense,Other,Credit Card,Donation,
6d2f2b9e-f882-43ce-b5dc-87b21486041b,2025-11-14,Zomato Payment,894.99,Expense,Food,Credit Card,Zomato,
558bf7ae-50cb-43fd-b109-b57a5f70113a,2025-11-14,Swiggy Payment,421.07,Expense,Food,Credit Card,Swiggy,
ccc973b4-7d24-474d-9fb6-ddd0de0c488f,2025-11-14,Swiggy Payment,1993.13,Expense,Food,Debit Card,Domino's,
5f577db0-9f69-47d7-99b9-3681b9fd9214,2025-11-15,Local Cafe Payment,1633.76,Expense,Food,Debit Card,Domino's,
080c880b-4506-49d9-bc80-e7505fd547f2,2025-11-15,Local Cafe Payment,1741.31,Expense,Food,Credit Card,Domino's,
f1edbc99-e28e-413a-ac6a-d49f3c05b910,2025-11-15,PVR Payment,244.27,Expense,Entertainment,Cash,PVR,
282a76f5-f098-4db7-a98b-f687500a554e,2025-11-15,Gaming Payment,2629.81,Expense,Entertainment,Debit Card,Gaming,
8f3ce5a9-1b9a-41b6-8d20-187e1d35dfc5,2025-11-15,Gift Payment,303.72,Expense,Other,Debit Card,Donation,
8312cd50-a029-4514-8b1d-1155a1f85464,2025-11-15,Misc Payment,839.74,Expense,Other,Debit Card,Donation,
4b81dccf-68f9-4dd5-bc80-d03b2f357930,2025-11-16,Donation Payment,942.6,Expense,Other,Debit Card,Misc,
d201aa41-cabe-4e9e-8543-489fb156e940,2025-11-16,Swiggy Payment,146.85,Expense,Food,UPI,Local Cafe,
98da5767-e8b4-468c-895f-d63ea09762f3,2025-11-16,Domino's Payment,1852.85,Expense,Food,UPI,Local Cafe,
0ede53ba-c53c-4742-9fb7-17ff2a6e70bb,2025-11-16,Misc Payment,673.37,Expense,Other,Debit Card,Misc,
870d6d8e-e60e-4224-9887-c87cc65c3177,2025-11-16,Metro Payment,499.75,Expense,Travel,UPI,Flight,
9e41102e-f1cb-41af-b865-ff4033b6cd11,2025-11-16,Domino's Payment,1011.02,Expense,Food,UPI,Zomato,
bac49c09-c00f-4eae-9d1e-336d07d42226,2025-11-16,Metro Payment,240.62,Expense,Travel,Credit Card,IRCTC,
c63177c7-43c0-4a0e-89d0-75d80a4b6956,2025-11-16,Gift Payment,204.16,Expense,Other,UPI,Donation,
14a82efe-0e94-47a1-a595-df5d5047bf12,2025-11-16,Event Payment,946.02,Expense,Entertainment,UPI,Event,
461cf5f9-20da-483c-a5fb-6e3c48fc04d2,2025-11-17,Gaming Payment,2692.54,Expense,Entertainment,Debit Card,Netflix,
27e0e4c5-079f-463b-ae14-93ece8a4e826,2025-11-17,Local Cafe Payment,1760.32,Expense,Food,Debit Card,Starbucks,
f1c7502b-b9d5-4033-81f4-d1d769f00ace,2025-11-17,Donation Payment,840.52,Expense,Other,Debit Card,Misc,
bcf9fee3-e2e0-44c9-b869-e756f556099e,2025-11-17,Donation Payment,819.1,Expense,Other,Debit Card,Gift,
ba654745-c5b3-4590-a022-f4fcff9393c0,2025-11-17,Donation Payment,888.17,Expense,Other,Debit Card,Misc,
bc0da9b8-6b8a-4a53-8601-3b596a9a4779,2025-11-18,Gaming Payment,1391.95,Expense,Entertainment,Cash,Netflix,
e90f30c3-f1bb-4c39-aeca-e9cc9bb4b5c3,2025-11-18,Ola Payment,364.11,Expense,Travel,UPI,Metro,
26f4a67c-1a60-4461-b83e-4fd51a9efc31,2025-11-18,Flipkart Payment,5872.96,Expense,Shopping,Cash,Amazon,
275fed9e-ad35-4721-9b1c-1754477e08fb,2025-11-18,Gaming Payment,628.95,Expense,Entertainment,UPI,PVR,
634088be-15ea-4eeb-9869-6bb2ccf6c5e9,2025-11-18,Uber Payment,783.75,Expense,Travel,Credit Card,Flight,
c9a3ca31-bf3a-4560-bd7a-fa671c4f5839,2025-11-18,Flight Payment,789.75,Expense,Travel,Debit Card,IRCTC,
dc05801d-2251-486b-b972-67b21f4382ed,2025-11-19,Swiggy Payment,1548.95,Expense,Food,Cash,Domino's,
e27d81af-aaec-46b0-9316-3d921942b68a,2025-11-19,Starbucks Payment,409.55,Expense,Food,Credit Card,Swiggy,
20790c2c-66c8-4115-91c0-5b6ad23b4bb9,2025-11-19,Water Payment,1699.15,Expense,Bills,UPI,Jio,
2a9f6c06-bfdc-478f-9667-c997b214ad75,2025-11-19,Starbucks Payment,1168.98,Expense,Food,Cash,Zomato,
e014d000-9929-4332-87a6-eeed1e20acc5,2025-11-19,Gift Payment,981.69,Expense,Other,UPI,Misc,
a3168d50-aa15-453d-b906-529f3433c5b9,2025-11-19,Swiggy Payment,281.6,Expense,Food,UPI,Domino's,
a2edaad9-6e69-4cad-b3c1-58ba43a81f71,2025-11-19,Metro Payment,260.01,Expense,Travel,UPI,Flight,
e180ad4c-2c76-4e30-b546-7b0aec29f7fb,2025-11-20,Gaming Payment,2950.13,Expense,Entertainment,Credit Card,Spotify,
12e4be49-b68f-41da-9d2b-1c9fd47fa4fb,2025-11-20,Amazon Payment,6215.37,Expense,Shopping,Cash,Myntra,
749ad1f2-81c8-4488-8eeb-2cb981df68cf,2025-11-20,Domino's Payment,1855.85,Expense,Food,UPI,Domino's,
7af59c0b-1893-4f1a-92ea-e4f891b1636a,2025-11-20,Local Cafe Payment,1347.6,Expense,Food,Debit Card,Local Cafe,
a6869f0f-c300-4da5-846e-376475139be2,2025-11-20,Zomato Payment,1296.62,Expense,Food,Cash,Zomato,
9a6b2295-8294-4905-9237-13328fe750eb,2025-11-20,Local Cafe Payment,1295.34,Expense,Food,UPI,Swiggy,
51da3f71-f5ed-4ef8-9b76-f8a1af236977,2025-11-20,PharmEasy Payment,2508.43,Expense,Healthcare,Credit Card,PharmEasy,
236ca142-e3c1-4df7-92db-05896eff2382,2025-11-20,Local Cafe Payment,1277.35,Expense,Food,Credit Card,Starbucks,
226b18d6-6a58-418c-88e4-5873c6cccc62,2025-11-20,Local Cafe Payment,1385.58,Expense,Food,Credit Card,Local Cafe,
14d0be78-b868-4323-ac8f-2468a8d7729d,2025-11-21,Flipkart Payment,2245.01,Expense,Shopping,UPI,Amazon,
eeb5f541-60e0-4940-91cd-2c377866945e,2025-11-21,PVR Payment,1106.54,Expense,Entertainment,Credit Card,Event,
31c6e08f-5310-45cc-873e-5639cc216ed5,2025-11-21,Donation Payment,356.87,Expense,Other,UPI,Misc,
1803757f-ab9f-4474-9228-a9c3af9192d5,2025-11-21,Local Cafe Payment,1218.86,Expense,Food,Debit Card,Zomato,
6af7ba79-b5d5-4aa5-b596-50843eab910f,2025-11-21,Swiggy Payment,126.9,Expense,Food,Debit Card,Starbucks,
e0847968-a537-4d8c-87d3-4e8a23a54192,2025-11-21,Spotify Payment,2333.69,Expense,Entertainment,UPI,PVR,
77b8506b-5907-4df0-b5ee-d53b7e2bd30b,2025-11-22,Gift Payment,869.53,Expense,Other,Credit Card,Gift,
569675f4-8d53-49ee-b98f-b57362409e1b,2025-11-22,Jio Payment,1840.33,Expense,Bills,Debit Card,Airtel,
8c0ea658-43b9-4768-bce0-6dd5d7fda179,2025-11-22,Gift Payment,159.0,Expense,Other,Cash,Donation,
123c2601-a455-4576-9bce-391cea067547,2025-11-22,Domino's Payment,439.3,Expense,Food,UPI,Zomato,
ec8750aa-5d90-4081-83b9-4c83c632d53b,2025-11-23,Myntra Payment,9789.5,Expense,Shopping,Credit Card,Amazon,
243e3c87-7580-4dff-878f-e06b0d075121,2025-11-23,Uber Payment,584.03,Expense,Travel,Credit Card,Uber,
8b56e540-51ed-47fd-99c6-e28f6cb73457,2025-11-23,Zomato Payment,1552.1,Expense,Food,Credit Card,Swiggy,
a57e7939-43e0-49e6-a9c1-5a9ae027c391,2025-11-23,Gift Payment,932.69,Expense,Other,Cash,Gift,
ae202a42-68f5-4e31-919f-48cfca42eb32,2025-11-23,Amazon Payment,7397.3,Expense,Shopping,Debit Card,Local Store,
607e0932-0485-4db0-a017-7b9ad74e6159,2025-11-23,Donation Payment,853.0,Expense,Other,Credit Card,Misc,
3d64e74d-db89-4832-8e3e-ca03b870d2ed,2025-11-23,Apollo Payment,1472.11,Expense,Healthcare,Debit Card,Dentist,
d7c655bf-c667-42cd-87f6-cdc40c3c5de0,2025-11-23,Swiggy Payment,493.6,Expense,Food,Debit Card,Zomato,
97c118ac-2943-4f71-9e43-2faa0353c4a9,2025-11-23,Flight Payment,383.1,Expense,Travel,Credit Card,Metro,
20f6e4a4-24c9-4253-a35a-003d3c53c76f,2025-11-23,Electricity Payment,1790.89,Expense,Bills,UPI,Electricity,
831c0ef4-e2bd-4641-b9da-9969b84de00d,2025-11-23,Swiggy Payment,1329.71,Expense,Food,Debit Card,Local Cafe,
6ffeb3fc-c8ff-4920-9164-a7db687a5f68,2025-11-23,Event Payment,1157.62,Expense,Entertainment,UPI,Spotify,
61f2a1de-da80-429b-87d8-fbadf22f8aab,2025-11-24,Misc Payment,471.21,Expense,Other,Debit Card,Donation,
c0c2287a-7826-49fa-914d-e16b3238da7a,2025-11-24,Event Payment,1734.83,Expense,Entertainment,Cash,PVR,
f384f7bb-e907-4d4f-9357-322f0b992972,2025-11-24,Gift Payment,892.09,Expense,Other,Debit Card,Misc,
fa431e19-8be7-4fde-b3e7-e49ce8a72263,2025-11-24,Metro Payment,724.29,Expense,Travel,Cash,Metro,
c771880d-3bab-4539-8425-67828e36c743,2025-11-24,Amazon Payment,7615.44,Expense,Shopping,Debit Card,Amazon,
86578a91-d1d6-4c0c-b25a-926f372d5b4c,2025-11-25,Flight Payment,575.2,Expense,Travel,Cash,Metro,
9b97eca4-2153-47fb-b7a7-7a8e8b3b1b62,2025-11-25,Event Payment,1109.69,Expense,Entertainment,Cash,PVR,
a0087da2-9106-4c0b-8ead-6a06f6f0065b,2025-11-25,Donation Payment,206.88,Expense,Other,Debit Card,Misc,
150e2549-fd6d-42ea-92da-8ee23bee9fc6,2025-11-25,Starbucks Payment,1223.3,Expense,Food,Credit Card,Domino's,
771f24dd-ece1-453a-96a7-479e3246c6a7,2025-11-25,Domino's Payment,1618.75,Expense,Food,Cash,Local Cafe,
6cc4cf79-4eba-49ac-8926-b733432f8ed6,2025-11-25,Spotify Payment,725.52,Expense,Entertainment,Credit Card,PVR,
3ada656e-b5e9-4b22-9981-5c324355f30f,2025-11-25,Zomato Payment,1112.3,Expense,Food,Credit Card,Domino's,
7aa8eedd-adf9-4610-806d-7570e40b1a5b,2025-11-25,IRCTC Payment,596.09,Expense,Travel,Debit Card,Uber,
dd0f0211-899c-4e4b-bc2a-0808b5bbf758,2025-11-26,IRCTC Payment,682.11,Expense,Travel,Cash,Flight,
44062aac-fcd9-4364-a709-1ff93b0961bf,2025-11-26,Local Store Payment,9586.05,Expense,Shopping,Credit Card,Amazon,
4f208ba7-62b2-4d63-afbd-2d8218500f5d,2025-11-26,Domino's Payment,1544.93,Expense,Food,UPI,Local Cafe,
b3c01be5-f3b6-4972-b778-3595ac99b736,2025-11-26,Flight Payment,953.52,Expense,Travel,UPI,Ola,
f41ef36a-bdda-4f06-b382-0d746a2934ba,2025-11-26,Airtel Payment,4385.67,Expense,Bills,Credit Card,Water,
36006a92-0aae-4d09-9ce2-7e233385c1ae,2025-11-26,Local Clinic Payment,2043.92,Expense,Healthcare,Credit Card,PharmEasy,
ad49cdbb-119f-49b4-afeb-4d8a644854a5,2025-11-26,Starbucks Payment,134.66,Expense,Food,Cash,Swiggy,
25f4da74-050f-47c2-b680-915af99524af,2025-11-26,Metro Payment,533.43,Expense,Travel,Credit Card,IRCTC,
03fc3912-2aed-4cc4-b55f-ea38e72762fa,2025-11-26,Airtel Payment,3102.79,Expense,Bills,UPI,Airtel,
f95e11f2-0bfd-4168-879a-2063197ab9fe,2025-11-26,Event Payment,438.02,Expense,Entertainment,UPI,PVR,
fe6661d5-4e7a-4a3c-93c6-736454d89d10,2025-11-26,Starbucks Payment,1432.4,Expense,Food,Cash,Starbucks,
f113da4e-7c10-4b5e-bde5-6d68690b950b,2025-11-27,IRCTC Payment,807.42,Expense,Travel,UPI,Flight,
ccde9a3a-686d-4b13-94c7-05c40da7db33,2025-11-27,Metro Payment,220.09,Expense,Travel,Cash,Metro,
e9c8d902-903e-452a-b595-c4c16d7ad307,2025-11-27,Spotify Payment,1171.01,Expense,Entertainment,Cash,Spotify,
d958db9d-bbf9-4d23-891e-1e166f17e85f,2025-11-27,Metro Payment,715.15,Expense,Travel,UPI,Metro,
ba117e40-d84b-4e79-a773-7ca12724579f,2025-11-27,Swiggy Payment,488.46,Expense,Food,UPI,Domino's,
6a345b31-3c84-4233-9691-0ca3ce213219,2025-11-27,Swiggy Payment,1981.28,Expense,Food,Credit Card,Zomato,
3c958e49-dec5-4e8c-b64a-4da2de17e734,2025-11-27,Misc Payment,793.2,Expense,Other,Credit Card,Misc,
dcd620f5-ec6c-4024-9861-85dd7667aa87,2025-11-28,Gift Payment,908.67,Expense,Other,UPI,Donation,
dd4f495b-b2d1-4068-88d9-8cd731633cd6,2025-11-28,Misc Payment,450.82,Expense,Other,Debit Card,Donation,
bb6c438c-263c-402f-aa29-1af94a5fc2c2,2025-11-28,Starbucks Payment,1314.41,Expense,Food,Debit Card,Domino's,
333cb0a2-0c9f-4dda-b1ab-003fa95ce8db,2025-11-28,Local Cafe Payment,495.62,Expense,Food,Credit Card,Swiggy,
bcb1f24d-cd76-4eec-9051-92b062dbdd0c,2025-11-28,Donation Payment,61.37,Expense,Other,UPI,Gift,
cba06280-48a8-44fe-9888-56e3746a6ecc,2025-11-28,Spotify Payment,2955.66,Expense,Entertainment,UPI,PVR,
774da44c-d85f-4c3d-ba58-c68c70b506d3,2025-11-28,Misc Payment,965.3,Expense,Other,Cash,Donation,
117bc348-42ce-422f-b01b-596396f3bab3,2025-11-28,Starbucks Payment,601.64,Expense,Food,Debit Card,Starbucks,
d9771494-c51e-4157-b80c-0c5be107a67d,2025-11-29,Netflix Payment,2358.77,Expense,Entertainment,Credit Card,Netflix,
8276e08e-996c-4b4f-a3ac-527a56b42804,2025-11-29,Zomato Payment,1568.88,Expense,Food,UPI,Local Cafe,
a87a2199-60c2-411a-8819-e6873e7ab7be,2025-11-29,Uber Payment,446.27,Expense,Travel,Cash,IRCTC,
a55cc8fd-4d54-4462-b736-3a40b969c4fd,2025-11-29,Local Cafe Payment,808.44,Expense,Food,Debit Card,Swiggy,
8ba1877a-cd06-4baa-99af-0700b6fed998,2025-11-29,Local Store Payment,5558.83,Expense,Shopping,Cash,Myntra,
3b361ab0-fd6e-4dbd-816d-5d690aceacb5,2025-11-29,Uber Payment,229.0,Expense,Travel,Credit Card,Ola,
dea0c25b-8602-46b5-a87a-6d038b1b24e2,2025-11-30,Event Payment,575.19,Expense,Entertainment,Credit Card,Gaming,
8dcddbda-d6bc-46a9-b846-2f299bbe5365,2025-11-30,Donation Payment,388.29,Expense,Other,Debit Card,Misc,
4296fe59-796b-4fb6-b232-8f45a3b8c329,2025-11-30,Domino's Payment,1792.08,Expense,Food,Cash,Zomato,
1718b2ef-a09d-4e40-8d70-6a58d1763023,2025-11-30,Electricity Payment,876.16,Expense,Bills,Debit Card,Water,
c6952167-41dc-4b51-a015-43888e575836,2025-11-30,Domino's Payment,1728.37,Expense,Food,Credit Card,Zomato,
bcbf725e-fcf7-425e-859c-c4c5b2c7d66e,2025-11-30,Misc Payment,335.54,Expense,Other,Debit Card,Donation,
04686bac-df00-4d2f-a80e-0355703c08b4,2025-11-30,Local Clinic Payment,839.65,Expense,Healthcare,Debit Card,Apollo,
a0669d5b-5398-4345-903e-91a9f079e990,2025-11-30,IRCTC Payment,141.32,Expense,Travel,UPI,IRCTC,
47b58a9f-0e26-40fc-b796-a04a4afe09cd,2025-11-30,Local Store Payment,1380.7,Expense,Shopping,Debit Card,Local Store,
9b9e4d34-ce4c-4369-aac5-29eeb2401409,2025-11-30,Gift Payment,939.89,Expense,Other,Credit Card,Donation,
0560318a-d6f9-4969-8e13-d64771b51173,2025-11-30,Uber Payment,658.13,Expense,Travel,Debit Card,Ola,
6a0109a8-c024-4b01-8b3a-ec32b6939d03,2025-12-01,Jio Payment,3431.34,Expense,Bills,Credit Card,Electricity,
8c0991bc-33be-4783-a557-6017ec100fda,2025-12-01,Monthly Salary,62997.69,Income,Salary,Bank Transfer,Employer,Regular Income
aaf0f37d-54ba-46fc-906c-2b1d435d7abe,2025-12-01,Jio Payment,1654.01,Expense,Bills,UPI,Jio,
3a66c6c9-053c-4277-88b3-862d51e0b81e,2025-12-01,Domino's Payment,854.1,Expense,Food,Credit Card,Zomato,
e7e3a692-9a04-499a-932c-f2ae4ba85696,2025-12-02,Reliance Mart Payment,3266.77,Expense,Shopping,Debit Card,Local Store,
015cfaee-f4dd-4048-b8a0-4862ba7b9710,2025-12-02,Zomato Payment,1616.99,Expense,Food,Debit Card,Swiggy,
c174173e-171f-4ecb-bc55-6d54ffcc0972,2025-12-02,Reliance Mart Payment,6342.47,Expense,Shopping,Debit Card,Reliance Mart,
89828af3-fb17-48c8-92ff-f9b31fc512f7,2025-12-02,IRCTC Payment,333.08,Expense,Travel,UPI,Metro,
5b3ff78c-1e82-4e3d-847a-df4f11d3a00a,2025-12-02,Zomato Payment,969.29,Expense,Food,UPI,Swiggy,
e2d952d4-ba01-43f2-99cd-0aa97a78301a,2025-12-02,Electricity Payment,4457.6,Expense,Bills,Debit Card,Electricity,
5b0f9fdf-3022-4363-b04c-f7760d9e884e,2025-12-02,Zomato Payment,1530.85,Expense,Food,Credit Card,Local Cafe,
64227946-11d4-457a-86ba-ab1f150116ba,2025-12-02,Water Payment,1345.71,Expense,Bills,Debit Card,Electricity,
23fd25cd-9f0e-491d-a42e-06100522cb1b,2025-12-03,Netflix Payment,1299.84,Expense,Entertainment,Credit Card,Gaming,
322ffd29-8b76-4a6b-9913-e69536ed66fa,2025-12-03,Domino's Payment,837.05,Expense,Food,UPI,Swiggy,
fe2a4959-6ffb-4d15-bcd9-c75da7bf3697,2025-12-03,Local Cafe Payment,902.16,Expense,Food,UPI,Swiggy,
d04169db-8bde-4bf9-a70e-ad088e1d4ad5,2025-12-03,Local Cafe Payment,1624.11,Expense,Food,Credit Card,Starbucks,
af680f85-3b3a-451b-953e-91f667536b80,2025-12-03,Airtel Payment,3512.73,Expense,Bills,Credit Card,Electricity,
8d56f3f2-6a98-47d4-83ef-d8442854e67c,2025-12-03,Misc Payment,636.81,Expense,Other,Credit Card,Gift,
5c2cd931-490d-41bc-92ca-9cec9b600ea0,2025-12-03,Water Payment,3734.72,Expense,Bills,Debit Card,Airtel,
b9fb25e2-1836-4120-95aa-70bd1f9110fe,2025-12-03,Misc Payment,951.2,Expense,Other,Credit Card,Donation,
5e49bdc0-42b6-4ddf-955e-c3f4b46e8e0b,2025-12-03,Metro Payment,680.18,Expense,Travel,Debit Card,Uber,
06db3fd6-2de0-4515-92fe-13cefd53d2bb,2025-12-03,Water Payment,4770.63,Expense,Bills,Cash,Jio,
a3d81907-2aaa-4be3-b11b-f3a46f031226,2025-12-03,Netflix Payment,502.29,Expense,Entertainment,Debit Card,PVR,
a6f7e8b5-d370-4a78-8f0a-abeabdf53aac,2025-12-04,Swiggy Payment,609.06,Expense,Food,Debit Card,Local Cafe,
6d4b0c3f-90b0-4220-b263-c2fb680f5bb4,2025-12-04,Uber Payment,3930.01,Expense,Travel,Cash,Flight,
e5fdc077-d64d-42c3-8926-4fbd42a915ae,2025-12-04,Uber Payment,437.03,Expense,Travel,Cash,Ola,
d0ad753b-5f98-442a-adfa-1fbc4b1fd657,2025-12-05,Starbucks Payment,1438.12,Expense,Food,Debit Card,Local Cafe,
ef90db21-da3f-4bfa-877a-1f7e8515aed9,2025-12-05,Gift Payment,103.88,Expense,Other,UPI,Gift,
6361836e-ed50-48c1-8bba-58d809499c4a,2025-12-05,Jio Payment,1554.06,Expense,Bills,Credit Card,Jio,
b1c79723-585e-4101-883d-bca8c4784c1d,2025-12-05,Swiggy Payment,516.75,Expense,Food,Credit Card,Swiggy,
8563adf5-115d-4280-9b8b-da7c525308c1,2025-12-05,Misc Payment,517.8,Expense,Other,Debit Card,Gift,
06e976ab-14f7-4306-8edc-b47d73c18694,2025-12-05,Flipkart Payment,4840.82,Expense,Shopping,UPI,Local Store,
94162525-421f-4840-b3c1-b9cfaef7287c,2025-12-06,Gaming Payment,264.79,Expense,Entertainment,Cash,Gaming,
aea4955c-488c-47c7-b629-d3e388c63e76,2025-12-06,Donation Payment,855.22,Expense,Other,UPI,Misc,
4b55ec3f-8cdc-46bf-9f5e-b49953a8bf37,2025-12-06,Swiggy Payment,1105.28,Expense,Food,Cash,Swiggy,
f9b474ff-beca-4409-917f-fa1f4d3ad3dc,2025-12-06,Domino's Payment,1085.21,Expense,Food,Credit Card,Swiggy,
38e53385-dca4-4829-b901-296028396709,2025-12-06,Ola Payment,871.45,Expense,Travel,UPI,Ola,
0b6c3262-e224-43de-bf59-85eb6c1ead51,2025-12-06,Zomato Payment,1695.8,Expense,Food,UPI,Starbucks,
256ba0cb-af7c-4d95-b8a0-70263568f759,2025-12-06,Apollo Payment,4302.28,Expense,Healthcare,UPI,PharmEasy,
0273c0e9-0ac8-40e7-9a64-20f31ffc8255,2025-12-06,Donation Payment,583.6,Expense,Other,Cash,Gift,
d3333ad3-4429-44e5-9b97-54e7a44819a2,2025-12-07,Starbucks Payment,113.71,Expense,Food,Cash,Domino's,
a5cc069d-b3f3-4336-9e78-9e7816364b0f,2025-12-07,Spotify Payment,2155.98,Expense,Entertainment,Cash,Netflix,
00466de6-1ea9-4560-82f6-19c2795aeed7,2025-12-07,Gas Payment,2531.74,Expense,Bills,Credit Card,Jio,
6bcd6a49-ab7e-4899-b415-7a5fa1ab5a22,2025-12-07,Local Clinic Payment,4424.63,Expense,Healthcare,Cash,Local Clinic,
64b775d7-6a61-423b-8772-87e5765b1132,2025-12-07,Local Cafe Payment,1235.64,Expense,Food,Debit Card,Zomato,
87aba0f5-b9c8-4c4b-95c4-8c736894192e,2025-12-08,Airtel Payment,3078.88,Expense,Bills,Credit Card,Gas,
38ffe3f6-d9e1-4f0b-ab29-7d20220e29c1,2025-12-08,Misc Payment,684.8,Expense,Other,Credit Card,Misc,
cfe4b1a9-7618-43df-8c89-e32c0656f9db,2025-12-08,Misc Payment,977.4,Expense,Other,Credit Card,Gift,
6a6ff3a2-0e58-4583-967f-41ee0a4442fc,2025-12-08,Donation Payment,943.47,Expense,Other,Cash,Misc,
e7281d6a-bc47-4715-ba7f-5a14be19807d,2025-12-08,Zomato Payment,1638.23,Expense,Food,Cash,Zomato,
76efb048-d800-40c1-affb-2890f1a6fa07,2025-12-08,PharmEasy Payment,272.07,Expense,Healthcare,Credit Card,PharmEasy,
801d9323-8249-4acc-b110-fa2e8753d9b8,2025-12-08,Starbucks Payment,392.2,Expense,Food,Credit Card,Swiggy,
7c11bb98-bbf8-47da-91a5-c27bf6786222,2025-12-08,Spotify Payment,764.78,Expense,Entertainment,UPI,Spotify,
c696aa5e-a149-43bb-af31-8ad22545513a,2025-12-08,Gift Payment,712.51,Expense,Other,Cash,Donation,
12c9d8ff-4eb8-49f6-a7b7-5dd775abcf9d,2025-12-09,Starbucks Payment,1393.15,Expense,Food,Cash,Zomato,
58dc5826-5d72-4f8d-9445-788dab32d3eb,2025-12-09,Netflix Payment,775.69,Expense,Entertainment,Cash,Event,
b617d8d5-68b9-491a-8f1d-c357adbfcebb,2025-12-09,Swiggy Payment,1917.44,Expense,Food,Credit Card,Domino's,
424b7e96-9689-4525-952a-2b501bd53aa0,2025-12-09,Domino's Payment,1517.88,Expense,Food,UPI,Swiggy,
8e767aa3-9945-41c8-9590-bfb94a4fb074,2025-12-09,Gas Payment,4815.84,Expense,Bills,Debit Card,Jio,
f9beaaee-211f-4f40-927a-cba02134dcfe,2025-12-09,Reliance Mart Payment,9063.73,Expense,Shopping,Cash,Local Store,
98ea6c6b-854b-4eb6-b6db-9c45e379354e,2025-12-09,Flight Payment,519.5,Expense,Travel,Debit Card,Ola,
74b98884-efd2-4ab8-8779-63d3643a85f6,2025-12-10,Uber Payment,219.11,Expense,Travel,Cash,Flight,
01387882-b5a8-4232-b0f8-ddde1d6c200e,2025-12-10,Reliance Mart Payment,2574.27,Expense,Shopping,UPI,Local Store,
01eaa7f5-a97e-45c1-b3b1-b55427ec386f,2025-12-10,IRCTC Payment,797.62,Expense,Travel,UPI,Ola,
0a877972-474d-4267-b300-719f53aa3d0f,2025-12-10,Local Cafe Payment,425.4,Expense,Food,Credit Card,Zomato,
dc695558-9340-45d8-847b-c88656e81b42,2025-12-10,Ola Payment,802.8,Expense,Travel,UPI,Flight,
bd4561f8-baae-4b58-bb6a-f9f67d272a92,2025-12-11,Donation Payment,107.67,Expense,Other,UPI,Gift,
dade9b0e-a2f9-43d0-9b6d-b711a22d9565,2025-12-11,Electricity Payment,1305.04,Expense,Bills,Debit Card,Water,
2676b81c-a2c6-41b5-aeff-7e385d76dca9,2025-12-11,Flight Payment,680.12,Expense,Travel,Cash,Flight,
1dbb60b5-0edf-4b3b-b891-4fecc812cdc4,2025-12-11,Gift Payment,251.9,Expense,Other,Credit Card,Donation,
5d4a0344-0419-4792-8f4c-d38023a07bff,2025-12-11,Ola Payment,832.26,Expense,Travel,Credit Card,Flight,
c75a0e0f-4af5-4a97-b44a-59859444bea3,2025-12-11,Airtel Payment,812.54,Expense,Bills,Debit Card,Airtel,
99657f8c-31be-4af3-88b8-d7c67832d23b,2025-12-11,Donation Payment,160.75,Expense,Other,Cash,Donation,
fe005326-8b51-49ab-af4a-0fdb4ff37431,2025-12-11,Domino's Payment,1250.92,Expense,Food,Debit Card,Zomato,
b8448bfd-85cd-414d-910b-2d980844e3d4,2025-12-12,Apollo Payment,4625.28,Expense,Healthcare,Cash,Dentist,
3795fc8f-3126-4971-8df7-df22909dbefa,2025-12-12,Local Cafe Payment,1570.11,Expense,Food,Cash,Zomato,
de7226a6-6a15-4a03-930b-f3acbd081022,2025-12-12,Gaming Payment,966.08,Expense,Entertainment,UPI,Gaming,
584aaf52-be68-4c3d-8305-ec2d46ea8fa8,2025-12-12,Domino's Payment,1892.34,Expense,Food,UPI,Local Cafe,
853deae0-bd16-48d1-b37a-17920384461b,2025-12-13,Misc Payment,109.97,Expense,Other,Credit Card,Donation,
a7ede61e-6434-4e0c-9f7d-772ac17cd835,2025-12-13,Donation Payment,720.96,Expense,Other,UPI,Misc,
db053187-8ea3-451c-9c46-d0dc6eca51c2,2025-12-14,IRCTC Payment,304.16,Expense,Travel,UPI,IRCTC,
0d953f59-53fc-4b3e-976e-462799fc764f,2025-12-14,PVR Payment,1894.61,Expense,Entertainment,Credit Card,Event,
8dbef0ef-0152-4b72-9787-e1ce14173caa,2025-12-14,Gift Payment,396.87,Expense,Other,UPI,Donation,
8c3b2bff-2ac2-46b6-9b99-39214724ae04,2025-12-14,Gift Payment,671.26,Expense,Other,Cash,Gift,
bbe22339-e78a-4e06-ba1c-a0815d9d4e40,2025-12-14,Domino's Payment,1572.67,Expense,Food,UPI,Domino's,
7fcfadaf-25cc-4e4a-bded-1a064418f5eb,2025-12-14,Metro Payment,987.52,Expense,Travel,Debit Card,Metro,
96f1c0d4-1da7-46b2-a522-08f4ef4f2716,2025-12-14,Airtel Payment,1438.46,Expense,Bills,Cash,Gas,
83d781bd-f48d-4781-8448-e382b50fbdc2,2025-12-14,Starbucks Payment,887.31,Expense,Food,UPI,Local Cafe,
5f55b24e-9fcd-4592-8066-d2bd4049fd97,2025-12-14,Domino's Payment,1045.01,Expense,Food,Cash,Swiggy,
174628a2-96a6-4415-9834-4f463f87c433,2025-12-14,IRCTC Payment,571.52,Expense,Travel,Credit Card,IRCTC,
4b54ba8a-3c7d-4819-a53b-de705c80be76,2025-12-14,Spotify Payment,2316.31,Expense,Entertainment,UPI,Gaming,
9177937b-d506-4595-adec-fa92d63a9ec7,2025-12-14,Zomato Payment,633.06,Expense,Food,Debit Card,Swiggy,
80ed5754-9a4b-42ca-af3c-e51fba661f3a,2025-12-14,PharmEasy Payment,3935.0,Expense,Healthcare,Credit Card,PharmEasy,
952fc885-4a09-4f15-aac9-74ceed2ce077,2025-12-15,Gift Payment,333.68,Expense,Other,Credit Card,Donation,
6342e215-0c32-4f9b-8d1c-c721b9e409ca,2025-12-15,IRCTC Payment,224.72,Expense,Travel,Debit Card,Metro,
37e4748f-98d9-4881-9680-c0335b8c989a,2025-12-15,PVR Payment,334.81,Expense,Entertainment,Cash,Gaming,
cc49a302-432d-4518-908b-7f8edcfa5593,2025-12-15,Jio Payment,1674.94,Expense,Bills,Debit Card,Water,
17fe5e5e-ade6-4597-978c-319aff528bc6,2025-12-15,Amazon Payment,1849.79,Expense,Shopping,Credit Card,Myntra,
660ff1f1-a4fd-499c-a7fe-351a50f00986,2025-12-15,PVR Payment,2497.42,Expense,Entertainment,Debit Card,Gaming,
806cbb7e-ca9f-4bfc-8149-d06c9b13e288,2025-12-15,Gaming Payment,1225.11,Expense,Entertainment,UPI,PVR,
1021985c-8d1c-4017-8b41-9ab64aa52552,2025-12-15,Flipkart Payment,3440.34,Expense,Shopping,Cash,Myntra,
27d8cbff-0886-4bcb-983a-efa0be85ffe5,2025-12-15,Netflix Payment,873.04,Expense,Entertainment,Cash,Event,
8de40004-2bb9-4ccd-b9bb-c36187cbf14e,2025-12-15,Donation Payment,219.92,Expense,Other,Debit Card,Gift,
f5d8f120-adfa-489f-b256-a4df9f416e12,2025-12-16,Metro Payment,741.49,Expense,Travel,Credit Card,Ola,
4e095727-0931-4a89-8b95-708ca6fb0607,2025-12-16,Local Cafe Payment,524.32,Expense,Food,Debit Card,Local Cafe,
c4b7594e-f5cf-4957-9538-0c24ddda0491,2025-12-16,Swiggy Payment,432.68,Expense,Food,UPI,Zomato,
bce3152d-904b-4623-9172-5269801aa76c,2025-12-16,Misc Payment,764.69,Expense,Other,Debit Card,Donation,
d5bfe0cf-8bc7-4565-a0c1-efea3a99e3c7,2025-12-17,Metro Payment,237.6,Expense,Travel,UPI,Ola,
7366c21a-064d-4105-84c4-bcb0ba376e94,2025-12-17,Local Store Payment,8624.97,Expense,Shopping,Cash,Amazon,
f1bbafd9-56d7-439a-85a8-7b9145a8784a,2025-12-17,Misc Payment,573.93,Expense,Other,Credit Card,Misc,
286c5f4c-ab22-40ff-a270-642100f9e3cd,2025-12-17,Misc Payment,296.5,Expense,Other,Cash,Donation,
d29987c3-425e-4064-9758-06cef4aa2337,2025-12-17,Myntra Payment,4957.71,Expense,Shopping,Debit Card,Myntra,
2fd2c7e0-a90e-4b4f-9246-55a1759c718f,2025-12-17,Swiggy Payment,148.04,Expense,Food,Debit Card,Domino's,
9eed810b-e5e5-447c-9a38-d8d711c561a9,2025-12-18,Local Cafe Payment,659.75,Expense,Food,Cash,Swiggy,
21c093b4-035b-4740-917f-3115835f514e,2025-12-18,Local Cafe Payment,1240.65,Expense,Food,Credit Card,Domino's,
9ce5d7c2-89ed-4622-b232-1a7ca9e3a7c5,2025-12-18,IRCTC Payment,909.09,Expense,Travel,Debit Card,Ola,
0a46eb31-2734-482d-924a-65f3efb8a21e,2025-12-18,Local Store Payment,3331.25,Expense,Shopping,Cash,Local Store,
71d82044-9d5e-4eee-a352-82730a1899f4,2025-12-18,Spotify Payment,1807.9,Expense,Entertainment,UPI,Spotify,
4fb7972e-a7cc-4a40-a270-3e3da1678fc5,2025-12-18,Zomato Payment,285.84,Expense,Food,Debit Card,Zomato,
7dfb355e-4105-44c2-ba6f-a38d989bc1b6,2025-12-19,Domino's Payment,284.17,Expense,Food,Cash,Swiggy,
a907bdef-91c5-4108-9e08-b1c39bf620f5,2025-12-19,Domino's Payment,1454.0,Expense,Food,UPI,Starbucks,
192b922e-c925-4ed2-abdc-cfa3e1acacb3,2025-12-19,Gift Payment,513.44,Expense,Other,Debit Card,Donation,
5b644d5e-4d7a-41af-8c03-01ecee763423,2025-12-19,Domino's Payment,1479.09,Expense,Food,UPI,Local Cafe,
c00d1d14-95bb-4552-867c-e885cabcbd52,2025-12-19,Starbucks Payment,1589.73,Expense,Food,Cash,Zomato,
e559e1f3-b39d-44da-9d63-ba9560d46f37,2025-12-19,Local Cafe Payment,1117.65,Expense,Food,Debit Card,Zomato,
f71c16cf-4563-4883-b0d9-e4ef87903c04,2025-12-19,Water Payment,1589.1,Expense,Bills,UPI,Water,
60e2883d-b467-423d-bf34-86ceadb110c3,2025-12-19,Local Cafe Payment,509.09,Expense,Food,UPI,Local Cafe,
111028fb-6b73-4179-b8b0-038d6df47e60,2025-12-20,Metro Payment,536.96,Expense,Travel,Debit Card,Ola,
467be3c9-d41c-446b-9755-73444aa9536c,2025-12-20,Netflix Payment,2785.38,Expense,Entertainment,Cash,Netflix,
4be2985b-ff41-468b-a96d-07bbc1ac9e26,2025-12-20,Donation Payment,655.34,Expense,Other,Debit Card,Gift,
3acbadb6-3754-491d-b403-7196a49adcca,2025-12-20,Gift Payment,489.85,Expense,Other,Cash,Misc,
37985613-bd72-4bba-8673-1fea089313a5,2025-12-20,Domino's Payment,1752.52,Expense,Food,Credit Card,Starbucks,
ce6ade7d-c67c-42e4-9cda-e24ca150c04d,2025-12-20,Domino's Payment,1630.78,Expense,Food,Credit Card,Starbucks,
d7df97ca-74c3-49f1-9583-9f32bf70c0fe,2025-12-20,Swiggy Payment,1036.11,Expense,Food,Debit Card,Domino's,
74b843f4-01ae-4fc4-9546-7611ecef7253,2025-12-20,PVR Payment,2150.08,Expense,Entertainment,Credit Card,Gaming,
28e95bdb-ca1e-480d-ab3d-0a0bb2f8c5a3,2025-12-20,Starbucks Payment,1219.4,Expense,Food,Credit Card,Swiggy,
fbc19d02-4fd3-4911-b42d-6c4575258c98,2025-12-21,Gaming Payment,1351.44,Expense,Entertainment,Debit Card,Netflix,
c5809120-81d2-41ff-86ed-5e6aeb97ba0f,2025-12-21,Myntra Payment,2280.03,Expense,Shopping,Debit Card,Reliance Mart,
7a42bf60-f7f9-4ef0-85f0-1ad3e886f133,2025-12-21,Uber Payment,249.35,Expense,Travel,UPI,Uber,
06ddc30f-32d2-4596-a907-ac9e7b42547a,2025-12-21,Local Cafe Payment,774.23,Expense,Food,UPI,Starbucks,
57f2c968-ddb1-491c-8722-8a6bb2e15e09,2025-12-21,Ola Payment,368.1,Expense,Travel,Debit Card,Flight,
1a35f7c5-7082-470f-a7c9-91a461f153c4,2025-12-21,Starbucks Payment,571.16,Expense,Food,Credit Card,Zomato,
f3fccaf1-d6c4-431b-9c0e-a0b91687d997,2025-12-22,Electricity Payment,1918.17,Expense,Bills,UPI,Gas,
f7001696-8411-4355-9093-f087236cd0e1,2025-12-22,PVR Payment,2081.07,Expense,Entertainment,Credit Card,Spotify,
f53d1cad-0e5f-44c4-9153-4b7a7a60de31,2025-12-22,Local Store Payment,2142.48,Expense,Shopping,UPI,Amazon,
2e4f4403-def1-4deb-a080-b40a0e9dbf16,2025-12-22,Donation Payment,366.26,Expense,Other,Credit Card,Gift,
daff70fc-57ef-493f-94cd-2f39965a2db1,2025-12-22,Starbucks Payment,901.85,Expense,Food,Cash,Starbucks,
aec60cf5-c10e-4d19-bb48-df7c78c09e9f,2025-12-22,Swiggy Payment,1981.76,Expense,Food,Credit Card,Swiggy,
518a2105-5a20-420c-896a-f2bd21c74892,2025-12-22,PharmEasy Payment,3496.54,Expense,Healthcare,Credit Card,Apollo,
b88ca0e5-b1c6-4bc8-8f7c-76a5ed74529d,2025-12-22,Airtel Payment,1677.15,Expense,Bills,Credit Card,Gas,
ce68a198-71c7-48cf-a832-9d755d05dc2f,2025-12-22,Flipkart Payment,6024.54,Expense,Shopping,Cash,Myntra,
df148320-9402-442d-a81e-fbc98c0590d3,2025-12-22,Zomato Payment,938.44,Expense,Food,Credit Card,Local Cafe,
f6cfeb6f-7be3-400c-a242-4447aa418357,2025-12-22,Swiggy Payment,872.42,Expense,Food,Credit Card,Local Cafe,
5971fdc9-6b43-43cc-b912-ea0c71c8e6e4,2025-12-22,Gift Payment,292.68,Expense,Other,Credit Card,Gift,
089ebdd4-1d30-46a8-b083-9cc4c66ad367,2025-12-23,Donation Payment,882.21,Expense,Other,Debit Card,Gift,
9b3f68be-7dc3-47f5-a8f4-9b8b7a728fab,2025-12-23,Gas Payment,3374.27,Expense,Bills,Debit Card,Electricity,
78540747-b959-4b0d-ad5c-e0de15c7493e,2025-12-23,Ola Payment,825.0,Expense,Travel,Cash,Flight,
f19206d2-a3a9-4dcd-a3e1-47e5c4eb53e3,2025-12-23,Swiggy Payment,1276.18,Expense,Food,Cash,Swiggy,
b263392b-dd4e-48a2-a6cd-002cc65c1356,2025-12-23,Misc Payment,957.74,Expense,Other,Credit Card,Gift,
0290968b-2586-4907-9987-2e3b70a9bb51,2025-12-24,Metro Payment,892.96,Expense,Travel,Debit Card,Uber,
88fa1ceb-af00-412e-848b-14e7560ac09e,2025-12-24,Netflix Payment,1632.37,Expense,Entertainment,UPI,PVR,
c3731eae-29d3-4231-a541-ee23243990a6,2025-12-24,Local Cafe Payment,1105.59,Expense,Food,Credit Card,Zomato,
eee24e5d-244f-40a1-ba48-f13142834b7e,2025-12-24,PVR Payment,2610.94,Expense,Entertainment,Credit Card,PVR,
16203cfe-97c3-4fe1-80f4-f6df193ec212,2025-12-24,Misc Payment,395.17,Expense,Other,Debit Card,Misc,
d4042733-1a87-4ec6-ad8c-6451a30fd729,2025-12-24,Misc Payment,400.08,Expense,Other,UPI,Misc,
c593e2c5-292e-462c-a589-0ed2674bbf55,2025-12-24,Swiggy Payment,874.99,Expense,Food,Cash,Domino's,
9d043010-5422-4b68-8135-307d3c0cb7ae,2025-12-24,Metro Payment,287.49,Expense,Travel,Credit Card,IRCTC,
c59537ab-cd57-4289-864f-7f05ae46c75b,2025-12-24,Starbucks Payment,1871.73,Expense,Food,UPI,Starbucks,
67c6f873-be19-489b-9d6c-138f4de064a6,2025-12-24,Donation Payment,579.54,Expense,Other,UPI,Donation,
d1698428-9831-42d7-88c0-3d16c4fb7250,2025-12-24,Local Store Payment,7706.8,Expense,Shopping,Cash,Flipkart,
e83b97db-0e7e-461d-99b6-97ff0bd28670,2025-12-25,Zomato Payment,158.21,Expense,Food,Debit Card,Domino's,
0dd7a4e6-3560-4a6d-9dbb-2e80e6f8df37,2025-12-25,Swiggy Payment,1952.39,Expense,Food,Credit Card,Domino's,
1d1eb42f-c59b-42ad-ae54-ce473d3c1143,2025-12-25,Myntra Payment,2990.74,Expense,Shopping,UPI,Flipkart,
3f8fcccc-b246-4525-9cb8-27f86632de55,2025-12-25,Donation Payment,980.06,Expense,Other,Credit Card,Gift,
d5f55179-5def-4b81-b304-7901777a026c,2025-12-25,Metro Payment,131.58,Expense,Travel,Credit Card,Metro,
8714fbff-5e6e-4807-b08e-53e311c6c1e7,2025-12-25,Local Clinic Payment,3029.95,Expense,Healthcare,Credit Card,PharmEasy,
a587d3c3-a44c-47fd-b819-56d19fa2f0bd,2025-12-25,Amazon Payment,7343.37,Expense,Shopping,Debit Card,Local Store,
0f87a057-0ae7-4ba9-b0c1-51083acc2838,2025-12-25,Gift Payment,870.78,Expense,Other,UPI,Misc,
90b87089-0df1-41db-be3d-d9ad5eb6060f,2025-12-26,Gas Payment,4287.17,Expense,Bills,Cash,Airtel,
e2428854-346f-4ded-97c8-a1e576bf1dbe,2025-12-26,Spotify Payment,2676.59,Expense,Entertainment,Cash,Event,
26da261d-bb4a-4580-9329-7456cda2650c,2025-12-26,Misc Payment,426.53,Expense,Other,Debit Card,Misc,
8c57ee1f-ad20-4ad3-8f2c-07cb44103d62,2025-12-26,PVR Payment,2716.2,Expense,Entertainment,Credit Card,Spotify,
b59de3d4-7a6b-4f1b-94c3-40c566360dd8,2025-12-26,Reliance Mart Payment,503.86,Expense,Shopping,Debit Card,Local Store,
6c7d4087-3d5c-462a-b51b-c7f9e4c20132,2025-12-26,Local Clinic Payment,3026.78,Expense,Healthcare,UPI,Local Clinic,
e6c15c6c-5cf3-49f3-9fed-b05aeb6b929b,2025-12-26,Dentist Payment,1031.66,Expense,Healthcare,Credit Card,Local Clinic,
6b21f3c9-ec0f-4198-a086-c82b016fe1a6,2025-12-26,Misc Payment,99.98,Expense,Other,Credit Card,Misc,
cd062156-bb7b-4810-8c6d-616f3eefcd72,2025-12-26,Starbucks Payment,483.39,Expense,Food,Cash,Domino's,
72b144be-96b1-4cfd-b2e6-539980d50f34,2025-12-26,Ola Payment,929.7,Expense,Travel,UPI,Uber,
8952c07c-788b-4907-a502-928eaf0a333d,2025-12-27,Apollo Payment,1827.3,Expense,Healthcare,Cash,PharmEasy,
4b84b89a-c845-48c4-8556-d820dc42801d,2025-12-27,Dentist Payment,690.71,Expense,Healthcare,Cash,Apollo,
29f2eeea-3b6e-49ad-af8a-cce903c3ea39,2025-12-27,Ola Payment,103.31,Expense,Travel,Credit Card,Flight,
b609208c-2ba8-4a60-a633-9ebeccbe3bda,2025-12-27,Starbucks Payment,490.89,Expense,Food,UPI,Local Cafe,
c2c440f5-0e50-4e1d-a3af-326101e44b93,2025-12-27,Misc Payment,129.8,Expense,Other,Debit Card,Gift,
6f4deb20-fd05-4e6c-812b-b33792c0dbe3,2025-12-28,Local Store Payment,5318.67,Expense,Shopping,UPI,Reliance Mart,
fbc1cc9e-a9b0-465d-943b-424061d97a18,2025-12-28,Metro Payment,408.55,Expense,Travel,Cash,Ola,
ce1675f6-4ec7-4a75-b500-590e7c6a3e73,2025-12-28,Event Payment,599.4,Expense,Entertainment,UPI,Spotify,
2460dfbd-bb59-44cb-8797-38cbc4761e8c,2025-12-28,Event Payment,1478.85,Expense,Entertainment,Credit Card,Event,
f1edcce8-3ab9-4000-8b8a-7418f74500fd,2025-12-28,Misc Payment,104.06,Expense,Other,Cash,Donation,
d5ff1127-9340-40d0-957e-a94f7e26f2df,2025-12-28,Local Cafe Payment,203.04,Expense,Food,Debit Card,Swiggy,
ed024fe2-5987-4a63-b6be-c1231b19ca4b,2025-12-29,Gift Payment,547.15,Expense,Other,UPI,Donation,
1ce32f84-42ac-47df-ada0-37eaa2eda406,2025-12-29,Swiggy Payment,1198.93,Expense,Food,Cash,Starbucks,
3035931b-cbb3-40cd-9f50-c2cf2e8171e8,2025-12-29,Donation Payment,465.58,Expense,Other,Credit Card,Misc,
e86cd0e1-b4f4-42f5-8cff-ad573c4d7632,2025-12-29,Donation Payment,674.93,Expense,Other,UPI,Misc,
748d7c96-9ee5-4921-89d7-47e0edb8d4c5,2025-12-29,Metro Payment,907.79,Expense,Travel,Cash,IRCTC,
9cfbebd4-b5da-442b-bba9-441336a68b5a,2025-12-29,Dentist Payment,1373.63,Expense,Healthcare,Credit Card,Dentist,
69cd6ab3-a645-4732-afed-061f25f2d804,2025-12-29,Uber Payment,913.92,Expense,Travel,Debit Card,IRCTC,
35a45f4a-f291-4683-a591-2ec52392de49,2025-12-30,Gift Payment,99.81,Expense,Other,Credit Card,Gift,
f43d7414-f384-4577-8c45-69e41d804d64,2025-12-30,Gift Payment,556.08,Expense,Other,UPI,Gift,
76e5f60e-49ec-400c-a437-544b175fe6e1,2025-12-30,Dentist Payment,1377.42,Expense,Healthcare,Debit Card,Local Clinic,
14501f30-b92b-48d5-9eb3-48994a8c5404,2025-12-30,Donation Payment,907.14,Expense,Other,UPI,Gift,
f835bda1-abe7-47c1-a279-8422551d3e23,2025-12-30,Amazon Payment,7866.64,Expense,Shopping,Credit Card,Reliance Mart,
bf485d8e-a270-473b-ab5f-766dbbd8bdf3,2025-12-30,Flipkart Payment,5442.74,Expense,Shopping,Debit Card,Local Store,
4b0dd86b-40c9-44e9-b948-16d7f429db93,2025-12-30,Amazon Payment,2279.27,Expense,Shopping,Debit Card,Amazon,
4d347216-6ea6-40ce-8644-304086973e4c,2025-12-30,Jio Payment,1439.9,Expense,Bills,Credit Card,Airtel,
9bfc73bd-c9ba-4ca0-b31d-a42d2e9c6aa4,2025-12-31,Local Cafe Payment,1609.26,Expense,Food,UPI,Starbucks,
6932b42f-c796-4637-b1fe-ba6ca63fd751,2025-12-31,Misc Payment,893.34,Expense,Other,UPI,Donation,
c9f74802-fb2a-4a49-93b8-027d04aa1df4,2025-12-31,Zomato Payment,1252.97,Expense,Food,Cash,Swiggy,
ac23db56-8cce-4246-8950-7ae87275d2a3,2025-12-31,PVR Payment,2370.2,Expense,Entertainment,Credit Card,Spotify,
c06f0b36-c2ae-4bfa-85c0-58f58c0848ad,2025-12-31,Gift Payment,2005.26,Expense,Other,Cash,Donation,
245f1150-4100-44c0-93ee-6da9bc516498,2025-12-31,Gift Payment,631.84,Expense,Other,UPI,Donation,
3105e275-f470-4303-b916-394ff088e328,2025-12-31,Myntra Payment,505.42,Expense,Shopping,UPI,Local Store,
15ad59a6-1d3d-478c-ba92-cd4f2347048a,2025-12-31,Gift Payment,611.42,Expense,Other,Debit Card,Gift,
a1d56dae-36e5-465d-b4c9-836108cc9fd2,2025-12-31,Ola Payment,926.47,Expense,Travel,Debit Card,IRCTC,
e936ae10-413f-4dd4-bcbe-7ac5f361a30d,2026-01-01,Monthly Salary,60898.83,Income,Salary,Bank Transfer,Employer,Regular Income
d08e7733-e624-431c-8e4d-bbb34fb42fca,2026-01-01,PVR Payment,513.02,Expense,Entertainment,Credit Card,Netflix,
329fc14e-1ec0-456d-a471-455e97e6511b,2026-01-01,Misc Payment,230.57,Expense,Other,Credit Card,Donation,
2369d78e-a625-4308-b350-5b206862f9c1,2026-01-01,Misc Payment,70.09,Expense,Other,Cash,Gift,
44c3abfb-e117-48d4-a53b-306e4e3abd6e,2026-01-02,Water Payment,2703.02,Expense,Bills,Debit Card,Electricity,
ff8d96ed-f91e-4fa7-ba91-4d6dcdc9b565,2026-01-02,PharmEasy Payment,3823.02,Expense,Healthcare,Cash,PharmEasy,
5e44f65b-6c7c-4587-8b35-61009806129b,2026-01-02,Flipkart Payment,2907.15,Expense,Shopping,Cash,Reliance Mart,
f9219eb2-9057-4dd0-8249-765f3c2e84ef,2026-01-02,IRCTC Payment,473.06,Expense,Travel,Debit Card,Ola,
3f0d7de6-4131-447a-9eb3-522e6f224a44,2026-01-03,Domino's Payment,1689.57,Expense,Food,Cash,Swiggy,
7e19a3b5-cd3c-4cd4-b621-ece183777292,2026-01-03,Reliance Mart Payment,724.54,Expense,Shopping,UPI,Reliance Mart,
f1a924f3-542d-4d66-9e9e-4225cfaa7ecd,2026-01-03,Jio Payment,3083.4,Expense,Bills,Debit Card,Gas,
e21afbee-0696-49b4-86cd-0a9912dd458c,2026-01-03,Apollo Payment,4083.41,Expense,Healthcare,Cash,Local Clinic,
57db54df-24df-4094-b3b6-3a938b6c48d6,2026-01-03,Donation Payment,647.25,Expense,Other,Credit Card,Donation,
d650e61d-4ab7-4e7b-a5d5-d5d94ff919c1,2026-01-03,Local Store Payment,2139.31,Expense,Shopping,Credit Card,Myntra,
4ae72f78-4b71-446a-a4a8-92176dcd27bf,2026-01-03,Gas Payment,2104.8,Expense,Bills,Debit Card,Electricity,
2b781bfa-bbf0-449c-8752-7a3f9c87feb6,2026-01-03,Netflix Payment,2316.49,Expense,Entertainment,UPI,Spotify,
9a5b5862-c8c3-4540-a438-8db18bf06c2a,2026-01-04,Local Cafe Payment,131.12,Expense,Food,Cash,Domino's,
de91805b-4b3c-43b6-b07d-1b310cbac983,2026-01-04,Donation Payment,248.16,Expense,Other,Credit Card,Misc,
7be0dafa-779d-4bef-84b4-8ed0b2d52a4b,2026-01-04,Airtel Payment,2615.1,Expense,Bills,Credit Card,Jio,
5d3fe602-b228-4ed4-8dc7-59aadc63c48c,2026-01-04,Gift Payment,607.32,Expense,Other,Credit Card,Misc,
e1540195-fbf1-4ee7-9478-abc838450396,2026-01-05,Donation Payment,410.9,Expense,Other,Cash,Gift,
da7f8312-1f15-4b8e-898e-94caea8a98e5,2026-01-05,Ola Payment,576.96,Expense,Travel,Debit Card,Uber,
f40aa6a3-d4c7-4128-bb35-f996bd0f1e99,2026-01-05,Starbucks Payment,173.15,Expense,Food,Debit Card,Swiggy,
cdcd6e9b-64e1-4583-bb87-c1019c7dcfc4,2026-01-05,Swiggy Payment,200.88,Expense,Food,Cash,Zomato,
59187293-b7da-4548-b626-7a3fa543402a,2026-01-05,Electricity Payment,3566.06,Expense,Bills,Debit Card,Jio,
ead77e13-848d-4e69-97a0-b0cc0e032217,2026-01-05,Gift Payment,409.03,Expense,Other,Debit Card,Misc,
c298cfcb-094c-431c-8870-a9c06edaa306,2026-01-05,Myntra Payment,580.51,Expense,Shopping,Credit Card,Flipkart,
5a9a6205-945a-4949-8859-95c7b624f0f9,2026-01-05,Misc Payment,480.53,Expense,Other,Debit Card,Gift,
64c261d4-3b7b-4517-bc19-e9a7e5a0ae25,2026-01-05,Gaming Payment,311.62,Expense,Entertainment,UPI,Gaming,
d6d4d0f2-5acc-45d9-9fa6-cff9f34e3ccb,2026-01-06,PVR Payment,2879.69,Expense,Entertainment,Credit Card,Event,
65df1127-0afc-4598-b84b-5e4c75930cf5,2026-01-06,Airtel Payment,3652.34,Expense,Bills,Cash,Jio,
e287dac4-0a45-4689-862d-acc50c948627,2026-01-06,Electricity Payment,3274.06,Expense,Bills,UPI,Gas,
c9aaae7a-f06b-4d11-9b7d-003a38c5b913,2026-01-06,Ola Payment,564.54,Expense,Travel,Cash,Ola,
77a0997c-f583-4d5f-8024-74912db8b2cb,2026-01-06,Misc Payment,573.88,Expense,Other,Debit Card,Donation,
763ec291-16f3-4672-991f-797bbd7c175f,2026-01-06,Jio Payment,4337.65,Expense,Bills,Debit Card,Water,
d716d705-b29f-4132-bc51-6da9df639eaf,2026-01-07,Gift Payment,635.41,Expense,Other,Credit Card,Donation,
8bde7b27-33a7-4e42-8b78-f02de4d5a689,2026-01-07,Donation Payment,713.07,Expense,Other,Cash,Donation,
4d4fe0c1-4929-47c6-b4d0-1275dd6fd749,2026-01-07,Ola Payment,473.79,Expense,Travel,UPI,Ola,
a11fb0c1-b339-4c02-a57f-e3674fe82c6e,2026-01-07,Local Cafe Payment,1915.1,Expense,Food,Cash,Zomato,
373bbe10-d799-4ae2-9506-1f76bc0dc0aa,2026-01-07,Netflix Payment,450.27,Expense,Entertainment,Cash,Event,
f6d8d7b7-b0a1-453b-810d-21b0e10d7b5c,2026-01-07,Misc Payment,652.59,Expense,Other,Debit Card,Donation,
c01950f8-7e78-41b6-8b32-13068ba90ec2,2026-01-07,Local Store Payment,3779.47,Expense,Shopping,Cash,Amazon,
0fbdfa66-6358-4e9e-8b2e-9bd75d53e12c,2026-01-07,Domino's Payment,1698.5,Expense,Food,Cash,Zomato,
df93a3a5-5b48-46c2-ac01-05bbf7f54f01,2026-01-07,Domino's Payment,995.62,Expense,Food,Cash,Zomato,
97d06eb5-7854-4f9f-9ab4-8af635a28575,2026-01-07,Airtel Payment,2301.98,Expense,Bills,Credit Card,Gas,
5518fa76-c958-49ee-9dfb-5b41ba5d24b6,2026-01-08,Uber Payment,333.8,Expense,Travel,Credit Card,Flight,
a10cc40c-54ba-4e67-bf7e-3860ede1ce5a,2026-01-08,Spotify Payment,555.15,Expense,Entertainment,Cash,Event,
7a7f911c-96c2-4076-8b6e-8bcecaef31a2,2026-01-08,IRCTC Payment,871.92,Expense,Travel,UPI,Flight,
e7d5ea8f-f61a-4c5a-8a09-4bfa4c21ccf5,2026-01-08,Gift Payment,545.72,Expense,Other,Cash,Gift,
ff5763ff-e949-4134-96ed-c0574aa4364e,2026-01-08,PVR Payment,768.64,Expense,Entertainment,Debit Card,Event,
788d4e2a-90ed-408b-b70b-0119125f5016,2026-01-08,IRCTC Payment,200.27,Expense,Travel,Debit Card,Flight,
f03c3c25-d803-41bf-96ac-d2a4abc48960,2026-01-08,Zomato Payment,1315.88,Expense,Food,Credit Card,Starbucks,
73bda456-b3e2-4fd7-8405-a39726d97597,2026-01-08,Gift Payment,342.85,Expense,Other,Debit Card,Donation,
48774734-9231-461c-9bf0-51f703793a36,2026-01-09,Swiggy Payment,1516.32,Expense,Food,UPI,Swiggy,
b6854f0a-2fba-4ddc-b7a8-a5724da72398,2026-01-09,Zomato Payment,1012.81,Expense,Food,Debit Card,Local Cafe,
d2d610a9-d9a0-4455-87b0-f416a48b4749,2026-01-09,Swiggy Payment,1265.2,Expense,Food,Credit Card,Swiggy,
674122a0-adc8-4477-9986-101233116684,2026-01-09,Swiggy Payment,954.85,Expense,Food,Credit Card,Starbucks,
6cf5defb-83e0-498a-b259-c5ec26ceb822,2026-01-09,Metro Payment,446.84,Expense,Travel,Cash,IRCTC,
e70d1118-9861-4b13-a35c-2ffbfe926cbf,2026-01-09,Domino's Payment,290.7,Expense,Food,Credit Card,Domino's,
dfc353e6-6098-4d2a-9e96-19f2fd593e25,2026-01-09,Donation Payment,984.13,Expense,Other,Cash,Gift,
5936dbc7-fa1c-479b-9b59-46cc5b10113a,2026-01-09,Myntra Payment,3643.06,Expense,Shopping,UPI,Local Store,
a86902f4-1c1e-45cb-b7bc-3287f14c7d8a,2026-01-09,Airtel Payment,1571.29,Expense,Bills,Credit Card,Airtel,
eda045b7-85d4-424d-93ce-5651ac3030c1,2026-01-10,Gas Payment,3620.18,Expense,Bills,UPI,Jio,
b520e0af-d4ed-4cb6-9fb0-d8afaadae8df,2026-01-10,PVR Payment,2133.3,Expense,Entertainment,Cash,Event,
35dd04b0-faa5-47a0-a7a1-8de431e7ed79,2026-01-10,Swiggy Payment,1852.8,Expense,Food,Cash,Zomato,
cc82915e-cd38-4de7-a04c-c758f5504b30,2026-01-10,Zomato Payment,107.04,Expense,Food,Credit Card,Domino's,
8a499c9c-5fb0-4a5c-ac0e-9e49e8c59f6b,2026-01-10,Donation Payment,829.34,Expense,Other,Cash,Misc,
a7c3f46d-f35d-4b57-ac0e-acd9b3dfba58,2026-01-10,IRCTC Payment,386.96,Expense,Travel,Credit Card,IRCTC,
fb96cdb5-d5b1-4892-9509-8d19a85ef32c,2026-01-10,Jio Payment,2709.48,Expense,Bills,Credit Card,Electricity,
6b0a2bf6-d51c-4d24-b96a-58de3d299c35,2026-01-10,IRCTC Payment,109.47,Expense,Travel,Cash,IRCTC,
adf77872-966f-4de8-af91-a14d78cf09d9,2026-01-10,Jio Payment,1964.2,Expense,Bills,Debit Card,Water,
228610fb-2050-4525-adeb-80e960b63d12,2026-01-10,Misc Payment,680.68,Expense,Other,UPI,Misc,
1a0d3225-635f-4692-af8b-5470ab5451fd,2026-01-11,Misc Payment,441.65,Expense,Other,Credit Card,Misc,
f395cdf7-2428-4935-a7c4-0d064864ce29,2026-01-11,Starbucks Payment,267.06,Expense,Food,Credit Card,Zomato,
fbd4c9fe-c552-477b-b140-bdc89b8d1d73,2026-01-11,Local Cafe Payment,285.63,Expense,Food,Credit Card,Local Cafe,
1af5a3e6-3e17-4a19-8179-3aeee57e3428,2026-01-11,Apollo Payment,2264.45,Expense,Healthcare,UPI,Local Clinic,
1125a231-05a9-4395-9698-b37356fc1c70,2026-01-11,Swiggy Payment,283.88,Expense,Food,UPI,Starbucks,
1e568d5a-f196-4e12-b69c-d96c929f7f6a,2026-01-11,Starbucks Payment,723.05,Expense,Food,Cash,Zomato,
d3c25ccc-632f-45ca-9263-e3a83a213e8c,2026-01-12,Starbucks Payment,1437.61,Expense,Food,Cash,Local Cafe,
7652a5f1-aaf3-4fa6-95a0-9b3bf00cfbc2,2026-01-12,Donation Payment,475.69,Expense,Other,UPI,Donation,
6cc5b6f4-c2ac-4ae9-8329-85ef1ff35e1f,2026-01-12,Water Payment,1919.75,Expense,Bills,Debit Card,Jio,
b804a315-2193-4458-ae6f-8dde63295df1,2026-01-12,Flipkart Payment,3269.28,Expense,Shopping,Credit Card,Myntra,
5366ced4-303a-4f27-84be-bc89bed8a313,2026-01-12,Uber Payment,689.53,Expense,Travel,Cash,Flight,
90639de9-5916-4cdc-9a7a-8e13adfaafaa,2026-01-12,PharmEasy Payment,2922.29,Expense,Healthcare,Cash,PharmEasy,
4e5c71c2-258a-460c-afd9-96bef3d70a69,2026-01-12,Myntra Payment,15332.19,Expense,Shopping,Cash,Reliance Mart,
a42b5cc8-826f-4661-812a-62103e2fa518,2026-01-12,Local Clinic Payment,1533.12,Expense,Healthcare,Cash,Local Clinic,
26de820a-35b5-41b9-a1fb-1b28dda98537,2026-01-13,Donation Payment,742.48,Expense,Other,Debit Card,Gift,
0ce706a6-da88-4b25-a232-5ca3794bdb8e,2026-01-13,Swiggy Payment,754.34,Expense,Food,Debit Card,Zomato,
a9e0c8e5-f1be-486e-b8e9-0f3a00d68bca,2026-01-13,Apollo Payment,1451.41,Expense,Healthcare,Debit Card,Dentist,
b5dbeff1-0cce-42d9-8fd0-8718300eee55,2026-01-13,Misc Payment,728.74,Expense,Other,Debit Card,Donation,
119ec8d7-4742-4655-97ab-88c1a928c5c9,2026-01-14,Zomato Payment,1762.77,Expense,Food,Credit Card,Swiggy,
695129d6-1e53-4515-8a49-62602843b982,2026-01-14,IRCTC Payment,577.89,Expense,Travel,UPI,Metro,
ea25d14d-35a5-4041-a3f9-112583c6ac4d,2026-01-14,Domino's Payment,1283.12,Expense,Food,UPI,Zomato,
906b24c6-f5ff-4083-8203-8afcd858f46f,2026-01-14,Donation Payment,859.19,Expense,Other,UPI,Donation,
43479c0d-97ec-4463-9784-f99946a1cc70,2026-01-14,Zomato Payment,1415.79,Expense,Food,Credit Card,Swiggy,
ff10d3e0-8a7c-4efe-831f-2601db526f44,2026-01-15,Domino's Payment,363.19,Expense,Food,Credit Card,Local Cafe,
7abcc1f2-23e3-4e7b-ab8e-ba61ce7a1eb5,2026-01-15,Domino's Payment,1947.52,Expense,Food,Debit Card,Zomato,
13f10961-aba9-4a2f-aaba-84b97802aad0,2026-01-15,Electricity Payment,3260.47,Expense,Bills,Credit Card,Jio,
d82a4e06-748c-4c46-ba39-b3200d75d773,2026-01-15,IRCTC Payment,386.24,Expense,Travel,Cash,Flight,
1c073c86-f88b-4dab-9a63-0492a770c6cc,2026-01-15,Myntra Payment,3043.43,Expense,Shopping,Debit Card,Reliance Mart,
e249aab2-5eba-4f7c-8d6b-623ec0e61873,2026-01-15,Zomato Payment,1108.41,Expense,Food,Cash,Swiggy,
53bf7f47-4dc6-4f12-aec5-1234645652c3,2026-01-15,Domino's Payment,1067.89,Expense,Food,Debit Card,Zomato,
43b9f7c9-488e-4d50-a721-8c505932fcad,2026-01-15,Gift Payment,604.39,Expense,Other,Cash,Donation,
fd7026f6-7986-4327-80ba-9d6618e3d384,2026-01-16,Starbucks Payment,308.98,Expense,Food,Debit Card,Swiggy,
a4b1b9cc-2b47-462d-b3df-9e886b0bb6d7,2026-01-16,Misc Payment,685.09,Expense,Other,Debit Card,Donation,
ec856008-0305-4041-b845-1a3382ceb11f,2026-01-16,Electricity Payment,2756.15,Expense,Bills,Debit Card,Electricity,
4adf6321-e0ed-4183-9371-1a24a78371a6,2026-01-17,Local Cafe Payment,1081.8,Expense,Food,Credit Card,Swiggy,
2307b494-c94f-4a04-894f-b655f48a4a87,2026-01-17,Airtel Payment,2390.89,Expense,Bills,Cash,Airtel,
39fe5fec-fdfb-46ac-9c37-3ca3aade905a,2026-01-17,IRCTC Payment,314.84,Expense,Travel,UPI,Ola,
af991c89-c192-49f4-940f-824fd7029f3c,2026-01-17,Gift Payment,511.19,Expense,Other,UPI,Misc,
4a64411a-aebc-4ae0-9ec1-101abf3687ad,2026-01-17,Reliance Mart Payment,6336.22,Expense,Shopping,Credit Card,Local Store,
2df65c81-9ac2-4c9d-992e-22b8ebf2b39d,2026-01-17,PharmEasy Payment,2268.54,Expense,Healthcare,Debit Card,Apollo,
baefed3b-c0c5-4de8-83c0-36f815762e7a,2026-01-17,Gift Payment,662.68,Expense,Other,Cash,Misc,
a0f85b57-8070-45e4-af6b-05a59921973d,2026-01-17,Swiggy Payment,1126.85,Expense,Food,Cash,Swiggy,
7b172c26-d9f9-4813-bfe7-44ada9817241,2026-01-17,Flight Payment,393.94,Expense,Travel,Credit Card,Flight,
bf378b87-0c26-48ca-bcf9-bb92a1a4c418,2026-01-17,Domino's Payment,389.1,Expense,Food,Cash,Domino's,
64338145-4fd2-40c2-8823-35dc2b8316a2,2026-01-17,Ola Payment,320.52,Expense,Travel,Debit Card,Uber,
1692244b-41f2-4e52-a8d0-ba1cd5395ddd,2026-01-17,Local Cafe Payment,1238.38,Expense,Food,Debit Card,Zomato,
e7b825f7-4393-4493-906f-281536552385,2026-01-17,Amazon Payment,4525.65,Expense,Shopping,UPI,Local Store,
66380ca5-6bcb-41bf-bb3a-49baf75e3442,2026-01-17,Dentist Payment,1640.12,Expense,Healthcare,Cash,Local Clinic,
281eaefc-38ee-41e7-a3fd-618f08af7a01,2026-01-17,Misc Payment,961.95,Expense,Other,Credit Card,Gift,
cf5a8645-08d7-4919-998b-6faa307086a2,2026-01-18,Misc Payment,873.9,Expense,Other,Credit Card,Donation,
69640c64-03bb-43b0-bf97-e2ba7e2f40cd,2026-01-18,Gaming Payment,1359.52,Expense,Entertainment,Cash,Spotify,
7859ee22-9654-4435-ace5-324ac6c1518c,2026-01-18,Zomato Payment,621.39,Expense,Food,Debit Card,Starbucks,
55f46a23-b6a6-46ae-ba30-6248a009f0cc,2026-01-18,Swiggy Payment,1128.23,Expense,Food,Credit Card,Starbucks,
2e74ba39-c1af-4138-8503-fe46925ca56f,2026-01-18,Misc Payment,774.57,Expense,Other,UPI,Donation,
21249d0d-40b1-4274-8a3d-db3f1d4dec34,2026-01-18,Gas Payment,2883.65,Expense,Bills,Credit Card,Jio,
70bb193a-1185-478b-ba6f-c839035f9692,2026-01-18,Flight Payment,381.51,Expense,Travel,Credit Card,Uber,
e1abe317-41ef-4893-81ab-2884c0517630,2026-01-19,Local Store Payment,2670.69,Expense,Shopping,Cash,Amazon,
fae954fd-c4cb-4ec1-8962-b87d5497412e,2026-01-19,IRCTC Payment,755.22,Expense,Travel,Credit Card,Ola,
60750892-1f3c-46d3-8137-5d81148b056e,2026-01-19,Spotify Payment,920.42,Expense,Entertainment,Cash,Event,
8e943ace-5213-49ff-a317-76deee47d45e,2026-01-19,Local Cafe Payment,154.94,Expense,Food,Credit Card,Starbucks,
b394021b-7ae0-4a4b-b48c-e19f03301a54,2026-01-19,Zomato Payment,1329.72,Expense,Food,Credit Card,Zomato,
8bca7799-1ea5-4db4-8eec-2482ae0edf01,2026-01-19,Swiggy Payment,1633.96,Expense,Food,UPI,Zomato,
44ff4bd5-0211-4b6b-8085-3e6d02a81b0d,2026-01-20,Starbucks Payment,1265.06,Expense,Food,Cash,Domino's,
99bc2040-64c3-4428-8207-2c1839445593,2026-01-20,Gas Payment,2765.51,Expense,Bills,Cash,Water,
0455dd1c-14ed-4799-8ad2-d776c104616b,2026-01-20,Flipkart Payment,7784.53,Expense,Shopping,Debit Card,Amazon,
f94c0c45-8b85-4554-9a70-8a6d824688c7,2026-01-20,Uber Payment,595.95,Expense,Travel,Cash,Metro,
b95bcc7d-0762-4f78-b08d-04b911eb37f7,2026-01-20,Starbucks Payment,853.14,Expense,Food,Debit Card,Starbucks,
8787860d-106c-4431-a593-90e6022407bd,2026-01-20,IRCTC Payment,101.56,Expense,Travel,Cash,IRCTC,
35e49617-32ef-4e0b-b6ff-41f8a0f91d7d,2026-01-20,Amazon Payment,8018.87,Expense,Shopping,UPI,Myntra,
dd09c13d-bb22-4921-8db0-9c5c57044478,2026-01-20,Donation Payment,759.92,Expense,Other,Credit Card,Gift,
2a2933f2-f3f2-4c00-b685-e85803123eef,2026-01-21,Starbucks Payment,313.91,Expense,Food,Debit Card,Local Cafe,
ebc548ab-4cce-45a5-8cdb-7a3d5c156ba9,2026-01-21,PVR Payment,666.61,Expense,Entertainment,UPI,Gaming,
f7852fa5-bae0-4dc3-abf4-b6436dfa03b1,2026-01-21,Electricity Payment,1125.5,Expense,Bills,Debit Card,Gas,
097f9917-a611-4716-8f10-9bce371f277c,2026-01-21,Airtel Payment,3935.38,Expense,Bills,Cash,Water,
cebd0807-be56-42d9-ab94-986e8fe14824,2026-01-21,Local Cafe Payment,1558.52,Expense,Food,UPI,Zomato,
290b298a-18e3-49ec-a72e-a77e2938da71,2026-01-22,Misc Payment,611.43,Expense,Other,Debit Card,Donation,
d8f51a79-c6b5-4a42-b2e2-ae30b6369714,2026-01-22,IRCTC Payment,666.27,Expense,Travel,Cash,Ola,
1cb76e09-b9df-4a23-ad12-10618492ac03,2026-01-22,Water Payment,2746.13,Expense,Bills,Credit Card,Gas,
646f1034-379f-4f03-82d7-a6decec5f918,2026-01-22,Swiggy Payment,131.81,Expense,Food,Credit Card,Domino's,
1af7a5f1-84c8-43c5-834a-b07687ae323a,2026-01-23,Local Clinic Payment,4524.53,Expense,Healthcare,Cash,PharmEasy,
d82d9a52-e4ef-4b27-a3ba-253f1a92ae78,2026-01-23,Local Cafe Payment,348.67,Expense,Food,UPI,Swiggy,
441d7641-d169-4ea3-9b4d-07eb8424749b,2026-01-23,Misc Payment,109.95,Expense,Other,Debit Card,Misc,
787a0110-5cc8-4647-96c9-a0de752208b3,2026-01-23,Local Cafe Payment,107.31,Expense,Food,Cash,Local Cafe,
58954b81-d65a-4ed6-8f83-ab42451bff87,2026-01-23,Domino's Payment,1907.71,Expense,Food,UPI,Local Cafe,
1c882b3c-4c4c-4569-af85-a58a52c630cb,2026-01-23,Local Store Payment,5572.83,Expense,Shopping,Credit Card,Flipkart,
e8729cc1-b9ea-43dd-b97d-ec0ec1ce5193,2026-01-23,Swiggy Payment,958.54,Expense,Food,Cash,Swiggy,
05595a4f-4b7b-4db8-a259-18724dc5f002,2026-01-23,Domino's Payment,1002.16,Expense,Food,Credit Card,Starbucks,
8389856b-bfd8-4ae5-9b88-cd4f34a79eea,2026-01-24,Swiggy Payment,1166.96,Expense,Food,UPI,Swiggy,
1ade82c6-46ac-4b30-b365-5e036a5fc18b,2026-01-24,Water Payment,3964.85,Expense,Bills,UPI,Water,
232dac0d-05ae-457d-bca1-952ab622f3d1,2026-01-24,Donation Payment,386.99,Expense,Other,UPI,Misc,
3d90e031-0206-4299-88c4-a4d4ce73e746,2026-01-24,Misc Payment,326.74,Expense,Other,Credit Card,Misc,
f784d2f2-2d64-40e6-aa0b-7b110cb76be5,2026-01-25,Gift Payment,528.09,Expense,Other,Credit Card,Donation,
3359f48d-9a31-4b69-8489-2c8c123f0100,2026-01-25,Donation Payment,431.41,Expense,Other,Debit Card,Donation,
b7eb96d3-a13f-4582-902d-835653f2a910,2026-01-25,Uber Payment,348.83,Expense,Travel,UPI,Ola,
2e8e243c-4088-4c0d-9059-13e755ed2dc0,2026-01-25,Apollo Payment,420.53,Expense,Healthcare,UPI,PharmEasy,
5d1af297-edfc-4acc-a15b-41f68a2e2df1,2026-01-26,Misc Payment,757.77,Expense,Other,Debit Card,Misc,
866a6f57-1afc-4e24-815f-2d491235dd67,2026-01-26,Apollo Payment,4555.67,Expense,Healthcare,Debit Card,Apollo,
1b67e3e1-ca41-4ba4-b44a-52acae93b613,2026-01-26,Metro Payment,62.64,Expense,Travel,Cash,IRCTC,
9e1119d1-fb84-419c-b116-28bf16061dc0,2026-01-26,Metro Payment,68.73,Expense,Travel,Cash,IRCTC,
af8159d0-8d32-4e8c-bbed-687d25351ac0,2026-01-26,IRCTC Payment,419.93,Expense,Travel,Cash,Flight,
a01d4d62-dded-43b0-817d-a5fabf1984c3,2026-01-26,Gift Payment,931.46,Expense,Other,Credit Card,Misc,
c0e1e1b5-1973-4dd8-9ef0-063210d8a021,2026-01-27,Domino's Payment,1799.45,Expense,Food,Credit Card,Starbucks,
19451278-c2d4-4f05-83eb-f56e6a0f430c,2026-01-27,Swiggy Payment,1555.15,Expense,Food,UPI,Domino's,
aae161cd-db81-4b3d-89e0-44f2b12d3670,2026-01-27,Misc Payment,584.93,Expense,Other,Cash,Misc,
1ae0a8dd-402b-4a38-a4cf-d0e4943c4747,2026-01-27,Donation Payment,590.73,Expense,Other,UPI,Donation,
6a5de704-b488-4c25-927a-f4d30689d8b3,2026-01-27,Flight Payment,279.79,Expense,Travel,UPI,Flight,
ceb12461-c3c7-4a26-95ee-ccffb4ff274f,2026-01-27,Local Store Payment,9615.02,Expense,Shopping,UPI,Amazon,
acacb7ec-d346-4534-8ded-7557607ca88c,2026-01-27,Gas Payment,2510.73,Expense,Bills,Debit Card,Airtel,
24c791f4-96cd-4028-af89-34013ab21255,2026-01-27,Local Cafe Payment,318.12,Expense,Food,Cash,Local Cafe,
e8266feb-1dd2-4b83-a11a-767151d6120f,2026-01-27,Donation Payment,336.38,Expense,Other,Cash,Misc,
4f529eb2-d3e5-4e21-b727-d4a857bcecf4,2026-01-27,Water Payment,819.16,Expense,Bills,Cash,Jio,
fc9a15bb-d619-4ab7-a955-7c78d9f8d374,2026-01-27,Ola Payment,339.33,Expense,Travel,Cash,IRCTC,
63d0935c-ba2b-44eb-8f7c-81529b5cde4a,2026-01-27,Ola Payment,885.35,Expense,Travel,Cash,Uber,
6992c9a3-1368-409f-9f89-d4c460a7cabf,2026-01-27,Starbucks Payment,472.18,Expense,Food,UPI,Local Cafe,
b5785bbd-05d3-403d-ae98-085f83ba33b5,2026-01-28,Swiggy Payment,1925.47,Expense,Food,Cash,Local Cafe,
f67d7ddd-5e96-4cae-9084-9e524b96bb85,2026-01-28,Misc Payment,179.36,Expense,Other,Cash,Gift,
8876591a-34b4-43ce-a9cb-d6b8c53eb430,2026-01-28,Uber Payment,119.33,Expense,Travel,Debit Card,Metro,
60a0a190-3a89-4068-b4ea-77c2df0a34ed,2026-01-28,Amazon Payment,6252.18,Expense,Shopping,UPI,Myntra,
c0a5f923-1781-4367-85f0-177b338f412b,2026-01-28,Water Payment,2903.63,Expense,Bills,Debit Card,Gas,
d7c71d3f-81a5-46a0-b9de-9ad6de1e7f67,2026-01-28,Zomato Payment,404.26,Expense,Food,Cash,Zomato,
bf3916b5-3f5c-4643-aa01-3bbca9a4b3d2,2026-01-28,Event Payment,1748.13,Expense,Entertainment,Credit Card,Netflix,
86958764-d4a3-40e3-8374-efa6f536c2b2,2026-01-28,Myntra Payment,9958.81,Expense,Shopping,UPI,Local Store,
225c5175-abbf-4b0c-b650-0c85c07213fe,2026-01-28,Swiggy Payment,1861.57,Expense,Food,Cash,Starbucks,
469f3fb7-0f96-4279-91ff-5a4ae69d7df5,2026-01-29,Apollo Payment,3580.09,Expense,Healthcare,Debit Card,Local Clinic,
d245084d-2f48-4682-b168-b61bac8b1236,2026-01-29,Uber Payment,50.97,Expense,Travel,UPI,IRCTC,
5d676139-cd2a-4044-9b92-627c0e8ad533,2026-01-29,Reliance Mart Payment,7118.92,Expense,Shopping,Credit Card,Local Store,
316063d4-9fe3-4927-a736-1f786f75c6eb,2026-01-29,Donation Payment,378.49,Expense,Other,UPI,Misc,
2e0024a3-82f7-4865-8c62-9ca48ca2ffc5,2026-01-29,Zomato Payment,1255.71,Expense,Food,UPI,Starbucks,
a8b706d8-2047-40f4-8397-269aa590f7ba,2026-01-29,Jio Payment,918.26,Expense,Bills,Credit Card,Water,
6f82f217-5ec4-4dff-9df2-e56d15436412,2026-01-29,Flipkart Payment,4919.44,Expense,Shopping,Cash,Amazon,
3a2272d2-e3a3-45eb-a593-1b2f9cd3252d,2026-01-29,Gift Payment,204.49,Expense,Other,Cash,Misc,
1936719a-ee98-41a1-a041-84029169701d,2026-01-29,Misc Payment,973.84,Expense,Other,Debit Card,Misc,
96c99bef-26f6-4629-a5d1-5fbd2a16edb4,2026-01-29,Metro Payment,557.47,Expense,Travel,Credit Card,Ola,
e2e6fe75-7256-44c1-86c2-2e7ef72fa822,2026-01-30,Domino's Payment,566.61,Expense,Food,Cash,Domino's,
d7b0ac4a-41f1-4325-b666-3eb42cda4399,2026-01-30,Uber Payment,800.37,Expense,Travel,UPI,Metro,
f3477a05-9aca-4e76-ab67-ce92644bfe6e,2026-01-30,Electricity Payment,4651.02,Expense,Bills,Credit Card,Electricity,
bd1a4435-98de-431a-a413-a566e943fb83,2026-01-30,Uber Payment,567.59,Expense,Travel,Cash,IRCTC,
4cdca59c-5c4f-40ad-9992-a5b99867e5e9,2026-01-30,Donation Payment,953.02,Expense,Other,Cash,Misc,
3ef97022-6d46-4c09-94cc-78b74c7d4ade,2026-01-31,Swiggy Payment,1725.58,Expense,Food,UPI,Local Cafe,
b2709433-1d25-4a22-a3f2-a83ba883fd81,2026-01-31,Swiggy Payment,661.52,Expense,Food,UPI,Zomato,
c015a161-46d9-44d6-9d2f-2fbfd9af1db9,2026-01-31,Swiggy Payment,1423.4,Expense,Food,UPI,Domino's,
f57431ba-af4d-44cb-a1d0-57099595e59d,2026-02-01,Gift Payment,751.37,Expense,Other,Debit Card,Gift,
74fc1a49-e22a-4c2a-a42e-99fa565c8abc,2026-02-01,Airtel Payment,4881.18,Expense,Bills,Cash,Airtel,
f72bec9d-c24c-415a-ad1c-e27a1da7de3d,2026-02-01,Dentist Payment,2582.63,Expense,Healthcare,UPI,Apollo,
fcd01fcd-e46f-4cff-8d50-c332eead79f1,2026-02-01,Starbucks Payment,1469.26,Expense,Food,Debit Card,Starbucks,
d61dbd13-daa4-42a6-89b7-a15bcd7a20f5,2026-02-01,Zomato Payment,1384.91,Expense,Food,Cash,Local Cafe,
06d38eec-b3a7-456f-ab83-df5617b2186b,2026-02-01,Monthly Salary,54408.81,Income,Salary,Bank Transfer,Employer,Regular Income
bf14ea31-21dd-4da7-b75e-4f5c63a69e85,2026-02-02,Gift Payment,945.62,Expense,Other,Debit Card,Donation,
73191d24-5ff6-4b38-a857-e1b9230577e7,2026-02-02,Local Cafe Payment,1340.36,Expense,Food,Credit Card,Zomato,
beefcfd3-0b3c-4c77-a529-a62b5597dd14,2026-02-02,Ola Payment,362.36,Expense,Travel,Debit Card,Ola,
663dc01b-371e-4e41-bcb3-b7a16046c389,2026-02-03,Local Store Payment,6648.64,Expense,Shopping,UPI,Local Store,
43ba94fb-abbf-46b4-985b-bb35f1388778,2026-02-03,Swiggy Payment,1644.42,Expense,Food,Cash,Local Cafe,
cdf223bd-2d05-4594-be4f-54fe73e3cc0f,2026-02-03,Local Cafe Payment,1871.83,Expense,Food,Debit Card,Swiggy,
8937a12b-b2bb-411c-af32-1a2a4d5b824a,2026-02-04,Gift Payment,855.55,Expense,Other,UPI,Gift,
0ff96306-49c8-4148-b47b-b034058d5b5d,2026-02-04,Jio Payment,823.73,Expense,Bills,Credit Card,Jio,
31a8a74a-6e17-434f-8171-66b71eed4fbd,2026-02-04,Domino's Payment,1145.21,Expense,Food,Debit Card,Swiggy,
f372513a-1257-4e1f-bd24-a21b568b463e,2026-02-05,Misc Payment,916.07,Expense,Other,Credit Card,Gift,
68934d19-3fde-4ecf-9144-d7c848e5e540,2026-02-05,Gaming Payment,2866.92,Expense,Entertainment,Credit Card,Gaming,
6be3860f-b6ab-4463-a25e-fea06e60443b,2026-02-05,Metro Payment,122.68,Expense,Travel,Cash,Uber,
a8258ecd-6d52-4b03-9132-611af6e00504,2026-02-05,Flight Payment,561.48,Expense,Travel,Credit Card,Flight,
e1acf089-04e6-43eb-87c8-dde4ae4b6ed0,2026-02-05,Local Cafe Payment,203.68,Expense,Food,Credit Card,Domino's,
ccd641ca-ed0b-4b2b-b1f7-4b457b776e9c,2026-02-05,Gift Payment,446.88,Expense,Other,UPI,Donation,
dc440125-3f8c-4701-ba52-36a3d91d7b82,2026-02-06,Local Cafe Payment,1513.79,Expense,Food,Cash,Domino's,
b8748ff9-c93f-40eb-a86c-8b291781ebcc,2026-02-06,PharmEasy Payment,4247.89,Expense,Healthcare,UPI,Local Clinic,
e7d7b0a3-9559-4c0c-b1d3-002d75aaf4a2,2026-02-06,Donation Payment,255.76,Expense,Other,Credit Card,Misc,
6b68e498-486e-48f0-b524-505384c30eb3,2026-02-06,Gas Payment,4870.13,Expense,Bills,Cash,Water,
0730a00a-c2c6-4377-8123-26ddee9bbd13,2026-02-06,Swiggy Payment,1538.41,Expense,Food,Debit Card,Swiggy,
9e020a04-cecb-4a5d-90e3-ff2205ada78f,2026-02-07,Donation Payment,402.69,Expense,Other,Credit Card,Donation,
95773d42-33cd-4c2f-9b97-aa69df02ce3c,2026-02-07,Flipkart Payment,7369.07,Expense,Shopping,Debit Card,Flipkart,
e0e03cfd-541a-46c4-8b7a-7099c3584f9f,2026-02-07,Gas Payment,4539.68,Expense,Bills,Cash,Gas,
32dd0bdf-a9ee-4f3c-b0b0-2665da210880,2026-02-07,Uber Payment,3684.08,Expense,Travel,UPI,Uber,
c871d89e-43ef-486b-b773-000f03f20050,2026-02-08,Gift Payment,402.64,Expense,Other,Credit Card,Donation,
28dc2023-c831-47ea-8788-175baae3a817,2026-02-08,Starbucks Payment,295.72,Expense,Food,UPI,Swiggy,
1bc0c659-e9cd-4d04-88b3-e86f6a9658a5,2026-02-08,Local Cafe Payment,1735.29,Expense,Food,Cash,Swiggy,
73e3a570-5542-4eeb-9abc-cd11bd78bdb5,2026-02-08,Zomato Payment,815.27,Expense,Food,Credit Card,Local Cafe,
fa3ecd25-53af-41eb-bd46-2fb2ea2d995e,2026-02-08,Local Cafe Payment,904.75,Expense,Food,Credit Card,Starbucks,
d98704f7-dcf3-4fde-924a-46f60c0a9e8e,2026-02-08,Starbucks Payment,368.53,Expense,Food,Credit Card,Swiggy,
970ee1b5-07a5-4e7c-b0c5-2a2ec3074f11,2026-02-08,Electricity Payment,594.18,Expense,Bills,Credit Card,Airtel,
71d1f576-ce84-4de7-b33a-cee98f96f36a,2026-02-08,Zomato Payment,1877.48,Expense,Food,Cash,Domino's,
7078204a-ff1c-477a-8168-c1b9b1859d83,2026-02-09,IRCTC Payment,698.28,Expense,Travel,Cash,Metro,
c26b1c85-8227-434f-bd80-6dc40fb1b820,2026-02-09,Gaming Payment,1577.86,Expense,Entertainment,UPI,PVR,
6a45571c-58a4-48ff-b1b2-4ef6393fb87f,2026-02-09,Airtel Payment,2197.89,Expense,Bills,Debit Card,Gas,
eca32991-b7dc-4d27-af4c-a93210a58d55,2026-02-09,Water Payment,3028.88,Expense,Bills,UPI,Electricity,
7b98f707-4f75-431e-ad5a-f38a14766e9e,2026-02-09,Zomato Payment,1138.5,Expense,Food,Credit Card,Swiggy,
b76c1d9d-4b29-443e-b5e1-926eb043b7f6,2026-02-09,Donation Payment,296.53,Expense,Other,Cash,Gift,
b96e0f1c-d1ce-4bc5-9767-2ad23ec0e584,2026-02-09,Ola Payment,138.33,Expense,Travel,UPI,Flight,
568bd6d8-74da-4d05-84ac-87f56d4e6d1f,2026-02-09,Jio Payment,1284.38,Expense,Bills,Debit Card,Jio,
8be8274f-ab3d-47b2-aba2-4db2aa93cd9c,2026-02-09,Misc Payment,692.36,Expense,Other,Credit Card,Gift,
d41f431e-ef58-4cd9-8e2d-922cf2af1871,2026-02-09,Reliance Mart Payment,7293.98,Expense,Shopping,Debit Card,Reliance Mart,
387cf1cd-8c3c-4df4-9225-d44de5278df3,2026-02-09,Swiggy Payment,1462.82,Expense,Food,Cash,Swiggy,
8308a8e3-cf1e-417c-a155-93694f0297d2,2026-02-09,Domino's Payment,383.51,Expense,Food,Credit Card,Zomato,
b32eb86a-c6ba-4a88-91f6-9bc7f3b07c2f,2026-02-09,Event Payment,1111.91,Expense,Entertainment,Cash,Spotify,
1079a3b5-3226-4268-9c1c-89010b54a691,2026-02-10,Uber Payment,703.17,Expense,Travel,Credit Card,Flight,
310e2f56-d914-4f59-bf8a-824dc6ddd175,2026-02-10,Gift Payment,447.7,Expense,Other,Credit Card,Donation,
310c5c9e-5ab5-4888-a195-b618df04f1ce,2026-02-10,Swiggy Payment,871.63,Expense,Food,Cash,Zomato,
68479c97-828d-4843-8a39-5b41665dbdc6,2026-02-10,Swiggy Payment,125.09,Expense,Food,Credit Card,Swiggy,
81406af9-5a2b-4e7b-84a3-4f676fa9ec1c,2026-02-10,Starbucks Payment,1905.59,Expense,Food,UPI,Swiggy,
02c1780e-1556-4137-a4ca-5c978cf4fcc3,2026-02-10,Local Cafe Payment,1749.42,Expense,Food,UPI,Swiggy,
01e56191-0054-4cb4-9ef6-768ee7912d9e,2026-02-11,Donation Payment,200.04,Expense,Other,Credit Card,Donation,
dabb3257-e8ac-4a56-b9d7-b5e48dab1732,2026-02-11,Domino's Payment,1819.47,Expense,Food,Debit Card,Local Cafe,
d19148fd-a6be-460a-960d-e2f9cea9844c,2026-02-11,Event Payment,1665.78,Expense,Entertainment,Cash,Netflix,
5ae0c2c8-72c8-4015-bfb7-a010976402e8,2026-02-11,Amazon Payment,9349.14,Expense,Shopping,Cash,Local Store,
63146dfc-bd26-4f7d-85c8-961f59c1ff70,2026-02-11,Donation Payment,275.98,Expense,Other,Cash,Donation,
aad50ec4-f8a3-4f34-bf74-a46a5fc055ba,2026-02-11,Apollo Payment,1257.8,Expense,Healthcare,Credit Card,Dentist,
7cf2ec46-2f1c-40a4-b3bf-7a8030991ac3,2026-02-11,Netflix Payment,2423.09,Expense,Entertainment,Cash,Spotify,
d29459bf-f2fa-4c70-af0d-75774be9c60c,2026-02-11,Gift Payment,795.01,Expense,Other,Debit Card,Misc,
896a5015-3b91-40b3-9cca-514bab3aa3ff,2026-02-12,Myntra Payment,2645.52,Expense,Shopping,UPI,Reliance Mart,
ef845283-fc1e-411f-b865-f0fb95a13603,2026-02-12,IRCTC Payment,140.62,Expense,Travel,Credit Card,Uber,
79ae20d1-a78e-41b4-b9f6-4cfb32332648,2026-02-12,Flight Payment,150.71,Expense,Travel,Debit Card,Ola,
e8c0a936-013e-4178-bec3-837ae56e77e2,2026-02-12,Spotify Payment,2239.3,Expense,Entertainment,UPI,Gaming,
91643d8b-2adc-4a3c-bbde-86f362d6995f,2026-02-12,Gift Payment,596.58,Expense,Other,Debit Card,Gift,
7d98a77e-aab0-44b2-acaa-c8b87382a531,2026-02-12,Local Store Payment,9000.22,Expense,Shopping,UPI,Local Store,
e3153e5e-14bb-4928-b9d1-b5bdb4715c95,2026-02-12,Gas Payment,1819.27,Expense,Bills,UPI,Airtel,
2ca205bd-a47e-4d5a-9fa1-4df30175e687,2026-02-12,Jio Payment,3833.14,Expense,Bills,Credit Card,Gas,
1fb34468-084d-4237-8f41-7355c89d278a,2026-02-13,Swiggy Payment,1491.75,Expense,Food,Debit Card,Local Cafe,
0634a9df-9de8-427d-9500-e52dec906db8,2026-02-13,Local Cafe Payment,779.09,Expense,Food,Debit Card,Local Cafe,
fb4040b9-ecd1-43a9-9fc4-7e207b718b4b,2026-02-13,Starbucks Payment,231.57,Expense,Food,Cash,Swiggy,
8f6252be-f56b-4aa5-aa26-775435c46c42,2026-02-13,Swiggy Payment,948.72,Expense,Food,UPI,Starbucks,
f090701f-1619-42b1-8e0d-8f04213cea62,2026-02-13,Reliance Mart Payment,5828.42,Expense,Shopping,Cash,Myntra,
969ff9ad-d1c6-4dd7-8439-dca479c1c7ba,2026-02-13,Ola Payment,259.81,Expense,Travel,Cash,Flight,
b66d3e76-c8d5-4383-9883-98ff770f9234,2026-02-13,Zomato Payment,1572.19,Expense,Food,Cash,Zomato,
8998dc0b-7fff-4284-8b6c-8f0bcc18ee89,2026-02-13,Netflix Payment,2842.27,Expense,Entertainment,Cash,Gaming,
75255b97-5358-4bef-886b-201d7821ead6,2026-02-14,Local Store Payment,1120.97,Expense,Shopping,Credit Card,Myntra,
ac5385ac-ee5b-4431-8552-9fe2e0f81c85,2026-02-14,Swiggy Payment,1321.51,Expense,Food,UPI,Zomato,
1676d674-30c1-4515-bfb4-15de9d279f15,2026-02-14,Gift Payment,383.67,Expense,Other,Credit Card,Misc,
06d97518-175e-4c82-81a9-349cb59df441,2026-02-14,Misc Payment,574.03,Expense,Other,Debit Card,Donation,
08e16ec6-e60b-4969-b70b-5e80d18f4dd5,2026-02-14,Flipkart Payment,5043.08,Expense,Shopping,Debit Card,Amazon,
f59939e8-1e16-46ad-a0dc-e034356aba20,2026-02-14,Netflix Payment,1414.93,Expense,Entertainment,Cash,PVR,
7d67421e-f9bc-4c3b-8b20-f8bc92a2fa8c,2026-02-14,Domino's Payment,824.88,Expense,Food,Cash,Zomato,
80fd937f-abda-4c2e-89fe-91e145c1d3e3,2026-02-15,Gift Payment,309.8,Expense,Other,Debit Card,Misc,
0c90ffaf-ac74-4d90-9d0c-2bb3f92aab11,2026-02-15,Misc Payment,180.21,Expense,Other,Credit Card,Gift,
a09277d4-77ac-4e36-80fb-a6ff2ca75b45,2026-02-15,Zomato Payment,289.82,Expense,Food,UPI,Local Cafe,
3ab9aa11-5826-4c60-913b-a91d0d47ba46,2026-02-15,Local Cafe Payment,1695.48,Expense,Food,Cash,Local Cafe,
c01e38f5-5781-463b-95e9-6bb1bb9a9844,2026-02-15,Starbucks Payment,561.96,Expense,Food,Cash,Swiggy,
ee6a5393-7a2b-4158-8704-7c5753d255c7,2026-02-15,Metro Payment,644.69,Expense,Travel,UPI,Flight,
c197732e-819b-4399-ad80-cfeaa9c49f30,2026-02-15,Local Cafe Payment,1330.52,Expense,Food,Credit Card,Domino's,
886b9df0-2963-4b55-8261-472a6457fa7d,2026-02-15,Donation Payment,147.63,Expense,Other,UPI,Gift,
f15b0c9f-81a9-4a61-a80f-e5a92e268990,2026-02-15,Spotify Payment,2132.67,Expense,Entertainment,Debit Card,Spotify,
e5a8e3ec-5fe4-43d6-9909-a1900e43e6b2,2026-02-16,Airtel Payment,1759.78,Expense,Bills,Credit Card,Electricity,
00f8810a-bcfc-428a-80ca-be9c5a3e5174,2026-02-16,IRCTC Payment,140.52,Expense,Travel,UPI,IRCTC,
81e180d7-a68c-45e4-ac90-801ff7a20424,2026-02-17,Gas Payment,2902.03,Expense,Bills,Credit Card,Electricity,
b908c709-5bad-4e3b-949a-9fed9aed89f1,2026-02-17,Misc Payment,805.1,Expense,Other,UPI,Donation,
db2fa874-5684-49d2-a781-574f64a7f73e,2026-02-17,Amazon Payment,7481.82,Expense,Shopping,Cash,Local Store,
87e333fe-a76f-4849-b2a9-448385cf5b11,2026-02-17,IRCTC Payment,122.21,Expense,Travel,Credit Card,Metro,
74af60ea-a2fd-4677-9d4d-6539ab909b9f,2026-02-17,Starbucks Payment,1747.11,Expense,Food,UPI,Local Cafe,
53cf0d92-04e4-46fd-8e2b-3915ac5af94e,2026-02-17,Donation Payment,712.76,Expense,Other,Debit Card,Gift,
4a1d45a2-55be-4ef8-9bef-5eca0e15dd5b,2026-02-18,Starbucks Payment,1299.14,Expense,Food,Debit Card,Local Cafe,
22eeb5a9-9b8b-47a2-98af-5dc7b97b2a68,2026-02-18,Local Cafe Payment,1044.38,Expense,Food,Cash,Domino's,
97ecfc68-3a0d-4e98-a651-470593b81df0,2026-02-18,Misc Payment,205.22,Expense,Other,Credit Card,Donation,
29c5a44f-896d-48f0-a4ba-b5e343bbc8d2,2026-02-18,Swiggy Payment,1099.13,Expense,Food,Debit Card,Starbucks,
e384d8b1-a349-406c-a50d-caed5a723b5e,2026-02-18,Jio Payment,2733.58,Expense,Bills,UPI,Gas,
6ab59392-8ee3-4c0d-8e24-da908f45ccff,2026-02-18,Misc Payment,239.26,Expense,Other,Credit Card,Donation,
1c60fa9a-33c7-40c6-9f83-0a9b829819f7,2026-02-18,Water Payment,1028.43,Expense,Bills,UPI,Jio,
ccab4337-9e8f-4050-b863-55b343ab3437,2026-02-18,Ola Payment,372.84,Expense,Travel,Debit Card,Uber,
dca2e006-4a9d-4b7d-9258-02b53e494a6e,2026-02-18,IRCTC Payment,482.57,Expense,Travel,Cash,Uber,
d323cda0-d72e-47a2-ad99-6f6cbad59df7,2026-02-19,Amazon Payment,5808.17,Expense,Shopping,Cash,Amazon,
17faa197-ccf2-45df-ad9c-879e81f3b5a6,2026-02-19,Gift Payment,196.37,Expense,Other,Debit Card,Donation,
b9dd9b1b-72ce-4cb7-b3b6-212c456d9240,2026-02-19,Flight Payment,161.5,Expense,Travel,Cash,Metro,
30ce5c0f-3249-444d-959e-bd9d69e83599,2026-02-19,Donation Payment,705.66,Expense,Other,Debit Card,Misc,
a3d68ba9-3c48-49b0-b9bd-2909cccfb757,2026-02-20,Local Clinic Payment,1923.74,Expense,Healthcare,Debit Card,Dentist,
c1416f33-fe84-43e8-bbb7-e4d949117423,2026-02-20,Myntra Payment,7861.49,Expense,Shopping,Credit Card,Amazon,
548ae3af-163b-46a7-8c98-2e64af8e041a,2026-02-20,Gas Payment,3736.14,Expense,Bills,Credit Card,Electricity,
7ca56e2d-f53b-477c-9fd8-ba40cb62b94a,2026-02-21,IRCTC Payment,440.29,Expense,Travel,UPI,Ola,
85f23050-3286-4f58-8bf1-9849bfc3b7e1,2026-02-21,Gas Payment,3450.92,Expense,Bills,Cash,Water,
b4c5fd17-c50a-492f-abf6-e8597cea4213,2026-02-21,Zomato Payment,1728.51,Expense,Food,Cash,Local Cafe,
745af056-f13e-4dd8-a653-7402d071347f,2026-02-21,Misc Payment,949.6,Expense,Other,Credit Card,Misc,
8c0d20df-6b1d-4190-8a53-57eeb9f74f68,2026-02-21,Uber Payment,887.09,Expense,Travel,Debit Card,IRCTC,
6e2d3f65-9808-493d-a889-13cb479cccbc,2026-02-21,Netflix Payment,692.76,Expense,Entertainment,UPI,Netflix,
742cc1ae-8436-47ec-87e9-24467898db40,2026-02-21,Uber Payment,991.47,Expense,Travel,Credit Card,Ola,
52f08250-d73e-4e1c-9a5e-d6ca5a883b9c,2026-02-22,Amazon Payment,7759.09,Expense,Shopping,Debit Card,Local Store,
4c56bffa-46f1-4e0e-96e3-91b2d99de86a,2026-02-22,Zomato Payment,454.16,Expense,Food,UPI,Domino's,
68e1590d-07ef-423a-b0a0-d266480fba4f,2026-02-22,Domino's Payment,1263.73,Expense,Food,Credit Card,Local Cafe,
6f694643-7ba1-41a7-8151-8584274d5146,2026-02-22,Uber Payment,913.97,Expense,Travel,UPI,Uber,
8e5e0684-0ac6-402b-b338-5b1fc801323f,2026-02-22,Domino's Payment,129.84,Expense,Food,Credit Card,Swiggy,
cf41ea00-b9c2-4d13-96d1-a62ecf5456ae,2026-02-22,Local Store Payment,2532.94,Expense,Shopping,Credit Card,Local Store,
3acedc86-b5ca-40e8-8dc5-781c74da36d0,2026-02-22,PharmEasy Payment,2072.3,Expense,Healthcare,Debit Card,Dentist,
945c5afd-ff69-457e-a798-a87b05b63582,2026-02-22,Swiggy Payment,1276.09,Expense,Food,UPI,Swiggy,
b3b39064-7e18-4e0d-aede-40dc2fde8a75,2026-02-23,Gift Payment,645.46,Expense,Other,UPI,Gift,
5bea525a-9522-4002-8d00-b0a7650490f9,2026-02-23,Gift Payment,829.39,Expense,Other,Credit Card,Donation,
c9904242-f828-4768-a7df-893dc0ca31ef,2026-02-23,Local Cafe Payment,271.4,Expense,Food,Cash,Starbucks,
888a86e4-dad2-4285-9a8c-3ed3f5bec8f8,2026-02-24,Electricity Payment,1018.75,Expense,Bills,Credit Card,Gas,
34e13e62-0802-454e-8731-3ff1e8ba91dc,2026-02-24,Gift Payment,983.78,Expense,Other,Cash,Gift,
c30febe8-ed10-461d-b7ba-97f2e257c281,2026-02-24,Airtel Payment,2101.54,Expense,Bills,Debit Card,Electricity,
584035eb-a56d-4057-b5d9-ae12d64b8c30,2026-02-24,Donation Payment,733.16,Expense,Other,Debit Card,Misc,
a00b6441-7d81-404b-907c-8bda0c4bb091,2026-02-24,Zomato Payment,1960.24,Expense,Food,Debit Card,Swiggy,
4c0ba880-8eaf-4fdb-9a55-1ad04d526e06,2026-02-24,Flipkart Payment,9134.32,Expense,Shopping,Cash,Reliance Mart,
e2b351f3-0bf6-4e35-a00b-cc67d3ccb112,2026-02-24,PVR Payment,1363.77,Expense,Entertainment,UPI,Event,
bc642ba7-5e80-45d5-86ea-51ecd2d7083c,2026-02-24,Ola Payment,312.36,Expense,Travel,Cash,Flight,
1bb49e8b-ee3a-4db2-ae8e-6541db7a9d0f,2026-02-24,Event Payment,2366.31,Expense,Entertainment,Cash,PVR,
dc1b6ecc-9330-4fe0-8f52-67e00a669eea,2026-02-25,Water Payment,2766.72,Expense,Bills,Debit Card,Gas,
93100aa6-4dd1-42bb-9422-ed6a1eaea660,2026-02-25,Donation Payment,971.97,Expense,Other,UPI,Donation,
d24c7c94-67a8-49ed-9864-c35d55d400ea,2026-02-25,Gaming Payment,2529.75,Expense,Entertainment,Cash,Gaming,
85662c88-9ac9-4f7c-bc6e-5c5f21300253,2026-02-25,Domino's Payment,635.26,Expense,Food,Debit Card,Swiggy,
99498d2b-bca3-4951-b44e-53eaedd1c960,2026-02-25,Swiggy Payment,1483.82,Expense,Food,Debit Card,Starbucks,
1cc0c10d-48f1-464c-894b-68f1518778be,2026-02-25,Myntra Payment,2784.97,Expense,Shopping,Debit Card,Local Store,
33a0d0fb-0d1d-4468-b663-5695b30ccab5,2026-02-25,Metro Payment,675.0,Expense,Travel,Credit Card,Metro,
36634d39-ef88-49c0-a92b-3702e9997181,2026-02-25,Domino's Payment,4333.84,Expense,Food,Cash,Starbucks,
01275678-66c1-493e-92d2-6e90ea4d2b69,2026-02-25,Domino's Payment,725.48,Expense,Food,Debit Card,Zomato,
c11fabaf-7bac-4f0e-b196-90787f7d059f,2026-02-25,Flight Payment,995.35,Expense,Travel,UPI,IRCTC,
6cf8b673-c809-44eb-bdf1-338d9a1a6820,2026-02-25,Apollo Payment,1009.31,Expense,Healthcare,Credit Card,Dentist,
4e716010-ef75-43dd-a12b-5fdd7877af70,2026-02-26,Airtel Payment,4445.79,Expense,Bills,Debit Card,Gas,
7255a4e5-3d6c-4755-a916-83cf1a39a285,2026-02-26,Zomato Payment,619.32,Expense,Food,Debit Card,Starbucks,
2c377db6-1fcd-4224-9bad-160cf0c24a98,2026-02-26,Zomato Payment,846.51,Expense,Food,UPI,Local Cafe,
c70031c3-0ece-4d55-b51a-1d3677c54126,2026-02-26,Flipkart Payment,8367.05,Expense,Shopping,Credit Card,Flipkart,
66c57233-b8b3-4900-862c-98d448a61bfc,2026-02-26,Misc Payment,152.07,Expense,Other,Debit Card,Donation,
4830a4bb-ca65-42f8-b6c4-d38eb9240fc5,2026-02-27,Gas Payment,1318.25,Expense,Bills,Debit Card,Airtel,
51ddb605-7196-4fee-98ae-775f1d8b11af,2026-02-27,Starbucks Payment,1684.52,Expense,Food,Credit Card,Swiggy,
8f21b215-f508-4c5d-ae4d-f2c607eb86d0,2026-02-27,Donation Payment,621.72,Expense,Other,Debit Card,Gift,
cbc1d2f9-875e-42ce-85fe-c823fff8fc19,2026-02-27,Apollo Payment,3150.93,Expense,Healthcare,Cash,Dentist,
827d7a63-f181-4870-962f-641f75504c64,2026-02-27,Flight Payment,177.81,Expense,Travel,Cash,Metro,
6a863eff-2c0d-4721-acb3-86ea5de1fd19,2026-02-27,Ola Payment,709.03,Expense,Travel,Debit Card,IRCTC,
d6f047e4-b815-43f3-8f96-2e42c804095e,2026-02-28,Gift Payment,844.86,Expense,Other,Debit Card,Misc,
5acf88e2-06ae-4e7d-919b-4b178d9664ab,2026-02-28,PharmEasy Payment,685.16,Expense,Healthcare,UPI,PharmEasy,
99e63aa4-8b39-49a1-9ca6-c4ca28993bb9,2026-02-28,Metro Payment,442.01,Expense,Travel,UPI,Flight,
75cedb7f-b224-49b1-a70f-4e1a17d63045,2026-02-28,Uber Payment,526.58,Expense,Travel,Cash,Uber,
27c8fe75-c769-4d06-b483-8c8589ea5398,2026-02-28,Donation Payment,574.92,Expense,Other,Debit Card,Gift,
50af0ac8-77c8-4546-9a81-88934741722e,2026-02-28,Zomato Payment,1477.09,Expense,Food,Credit Card,Domino's,
dce17d34-7ee1-4918-870e-48c4ab1d3166,2026-02-28,Jio Payment,2838.68,Expense,Bills,Credit Card,Airtel,
ca85bd24-09f8-499c-a16e-10103f27bb87,2026-02-28,Local Cafe Payment,440.81,Expense,Food,Cash,Zomato,
0e64329c-e21c-433d-b4be-780bf5b156b4,2026-03-01,Gaming Payment,2222.75,Expense,Entertainment,UPI,Spotify,
cc6f4c2b-167c-41b6-b2d0-f2d9928ad378,2026-03-01,Local Cafe Payment,406.4,Expense,Food,UPI,Starbucks,
86d44e2b-fa60-4d2e-89bd-978cb63b7ff1,2026-03-01,Ola Payment,595.92,Expense,Travel,Credit Card,Flight,
878b5e3e-3a16-41c9-a086-f06413a4f4e2,2026-03-01,Gas Payment,3586.23,Expense,Bills,Cash,Electricity,
bb513757-0dcf-4fd4-83db-914bb1c0b8c9,2026-03-01,Flight Payment,614.35,Expense,Travel,Cash,Uber,
6ed376a9-f2ec-49bf-b8dd-65f776b1452e,2026-03-01,Airtel Payment,2261.41,Expense,Bills,Credit Card,Gas,
b5d44cb6-74ca-4be5-b941-a82e60c5076f,2026-03-01,Monthly Salary,61785.31,Income,Salary,Bank Transfer,Employer,Regular Income
297d3b41-27bd-4b38-8d34-af8254880627,2026-03-02,Dentist Payment,908.64,Expense,Healthcare,Debit Card,Dentist,
15d0398c-63f9-4193-bc50-3cc0b9836881,2026-03-02,Domino's Payment,842.87,Expense,Food,Credit Card,Zomato,
5238ce2c-0970-424c-9ad8-0c14f17a2c66,2026-03-02,Flipkart Payment,3473.39,Expense,Shopping,Credit Card,Myntra,
6effc3a8-f76d-41a3-98b6-90e3226cbd08,2026-03-02,Zomato Payment,1631.38,Expense,Food,Cash,Local Cafe,
efb04bc4-db23-40a0-91c1-b5a6f8834c21,2026-03-02,Metro Payment,484.86,Expense,Travel,Cash,Uber,
666fc90a-63ba-4a6b-8547-9af5b38257dc,2026-03-02,Gas Payment,4918.9,Expense,Bills,Credit Card,Jio,
f7271c28-a366-4a8c-ae5d-a98f0f45f41c,2026-03-02,Zomato Payment,494.57,Expense,Food,Cash,Domino's,
be29cc3a-c2d0-42ae-97bb-78a7431e3f32,2026-03-02,Swiggy Payment,362.77,Expense,Food,Credit Card,Starbucks,
77a210e2-f74d-4eba-9d32-b04150535409,2026-03-03,Local Clinic Payment,1628.05,Expense,Healthcare,UPI,Dentist,
56b6e208-dfeb-4d7b-b59f-4efed39fd1e4,2026-03-03,Apollo Payment,2915.12,Expense,Healthcare,UPI,Local Clinic,
404fd80f-301d-495c-813b-09f20d3bc24d,2026-03-03,Donation Payment,502.47,Expense,Other,Debit Card,Donation,
8883861a-dbe7-45fa-b571-d36c91f00acf,2026-03-03,Water Payment,2977.53,Expense,Bills,Cash,Jio,
5295b96d-348b-4e93-a640-30d437fd84bb,2026-03-04,Ola Payment,782.92,Expense,Travel,Credit Card,IRCTC,
ae60e108-fa93-4b43-9b07-77d84930f1a2,2026-03-04,Donation Payment,624.95,Expense,Other,Cash,Misc,
4fe9e753-ca56-4234-8844-de25bea176e2,2026-03-04,Zomato Payment,1409.76,Expense,Food,Cash,Domino's,
ed3f03bb-6ecb-4368-8a98-653f9d892cef,2026-03-04,Local Cafe Payment,758.64,Expense,Food,Debit Card,Zomato,
3fb8ec3a-21bb-4b66-8f85-110608430f0c,2026-03-04,Airtel Payment,1893.44,Expense,Bills,UPI,Water,
9dc9338b-32e3-47ba-8608-b41846bf9444,2026-03-04,Misc Payment,440.19,Expense,Other,Credit Card,Donation,
8e60fc58-682c-4647-bf03-eee42f97fdb0,2026-03-05,Jio Payment,1627.68,Expense,Bills,UPI,Electricity,
4d581830-bf97-4a06-99b1-9bb7010e47a7,2026-03-05,Misc Payment,153.92,Expense,Other,Debit Card,Donation,
d6f546c5-c419-45f1-bbbe-c8f6a1163e79,2026-03-05,Local Clinic Payment,2199.62,Expense,Healthcare,Debit Card,Dentist,
ba929456-ab46-4ad7-a26a-cc72bfe16bd4,2026-03-05,PharmEasy Payment,718.58,Expense,Healthcare,Credit Card,Apollo,
0f826567-68bf-4589-9b41-8f8c14b028ac,2026-03-05,Event Payment,2810.84,Expense,Entertainment,UPI,Gaming,
fee96cc8-ecba-4048-b9cf-be16770cf01c,2026-03-05,Zomato Payment,219.52,Expense,Food,Credit Card,Swiggy,
966ba692-946f-4d83-98d0-1e8ac00bca63,2026-03-05,Myntra Payment,4608.8,Expense,Shopping,Debit Card,Local Store,
e12628cf-885e-4996-8716-cb49e33da12f,2026-03-06,Domino's Payment,1085.03,Expense,Food,UPI,Zomato,
970b74e0-b8ba-4fe5-aceb-7010d56f560d,2026-03-06,Zomato Payment,179.51,Expense,Food,UPI,Zomato,
db582bc6-f46d-4051-b1fc-9d5f1934240d,2026-03-06,Gift Payment,612.63,Expense,Other,Credit Card,Donation,
6d4e98e6-867f-4faf-9d05-155b3b6165aa,2026-03-06,Ola Payment,731.01,Expense,Travel,Debit Card,IRCTC,
91a6b55f-c858-44cd-b3cf-3821c4280502,2026-03-06,Swiggy Payment,1392.52,Expense,Food,UPI,Domino's,
79a57128-369e-4977-b271-5d414132147a,2026-03-06,Amazon Payment,6098.5,Expense,Shopping,UPI,Reliance Mart,
a4c27d53-d502-4003-af74-1dfa6a520773,2026-03-06,Local Clinic Payment,2591.67,Expense,Healthcare,Cash,Apollo,
b46da80e-cf94-49e0-bfff-dc684b7eaaac,2026-03-06,Gas Payment,1639.0,Expense,Bills,UPI,Gas,
8dd2b856-f05b-4017-9fa3-099f996fa3b3,2026-03-06,Ola Payment,472.16,Expense,Travel,Credit Card,Metro,
50066aba-48fe-42be-ac24-336d90c7969a,2026-03-07,Local Cafe Payment,916.58,Expense,Food,UPI,Local Cafe,
02752297-9f52-4287-b6f4-405a9ae890d4,2026-03-07,Domino's Payment,1891.49,Expense,Food,Credit Card,Starbucks,
6f0818e5-053c-4c47-ba2d-527be88c842c,2026-03-07,Dentist Payment,2714.89,Expense,Healthcare,Cash,PharmEasy,
e97941e1-0d8c-460f-b0d5-a80d79437343,2026-03-07,Flipkart Payment,4372.94,Expense,Shopping,UPI,Flipkart,
8069bf1e-41fe-4a9a-8d1c-dd5ad79cbd38,2026-03-07,Gaming Payment,1224.36,Expense,Entertainment,UPI,Spotify,
14f9e281-dd0a-4b2a-84ea-a4cc0f5a8dfe,2026-03-07,Gift Payment,380.97,Expense,Other,Debit Card,Donation,
48704c63-1da0-4040-b373-44257e052a60,2026-03-07,Event Payment,1337.79,Expense,Entertainment,Cash,Spotify,
4040cdf6-f5ef-484b-9dae-7ba87e779015,2026-03-07,Jio Payment,2823.01,Expense,Bills,Cash,Airtel,
3f3297f3-c51c-457b-a0b8-2d7f970a12e6,2026-03-07,Spotify Payment,1600.54,Expense,Entertainment,Debit Card,Spotify,
19bb2336-c1f8-4993-a1dd-bc31a54e8e1f,2026-03-08,Event Payment,1231.44,Expense,Entertainment,Credit Card,Spotify,
206838b0-2ac8-446c-ba5f-4bd35386e0e5,2026-03-09,Starbucks Payment,896.05,Expense,Food,UPI,Starbucks,
7f8641b4-9e8c-41af-811e-1107987578bf,2026-03-09,Reliance Mart Payment,5171.1,Expense,Shopping,Credit Card,Flipkart,
d7f0d8e6-4253-49fd-820f-aa066f6f80a9,2026-03-09,Electricity Payment,4152.0,Expense,Bills,Cash,Jio,
d5ad45cf-9860-42dc-b360-f428e928d935,2026-03-09,Swiggy Payment,996.25,Expense,Food,UPI,Local Cafe,
e61e17db-064f-4394-8109-d28feee67c1b,2026-03-09,Starbucks Payment,1156.04,Expense,Food,Cash,Zomato,
fbe90ad6-0365-47d4-a0ff-df1000334dc3,2026-03-09,Reliance Mart Payment,7933.86,Expense,Shopping,UPI,Amazon,
eab803e9-ebb3-4a4b-a878-fee6709bcbff,2026-03-09,Metro Payment,791.86,Expense,Travel,Debit Card,Metro,
c895128f-d920-4b4a-8006-32807af5cf47,2026-03-09,Misc Payment,686.16,Expense,Other,Debit Card,Misc,
b199b32d-0e8a-413a-adaf-9cc2f9cf51a1,2026-03-10,Zomato Payment,293.42,Expense,Food,Cash,Local Cafe,
679e1a96-b70d-46f6-ac68-c8bf01b8a79e,2026-03-10,Uber Payment,558.26,Expense,Travel,UPI,IRCTC,
852c8d32-887e-4dd2-9a5b-9269508edbd7,2026-03-10,PVR Payment,2409.07,Expense,Entertainment,UPI,Event,
884c86a4-413d-4690-a3d0-9a7b3d155a4f,2026-03-10,Donation Payment,554.06,Expense,Other,UPI,Gift,
dfd2bc75-2c29-4d33-b15e-be2f18f29892,2026-03-10,Domino's Payment,754.7,Expense,Food,Cash,Starbucks,
f5785760-973c-4a3a-bc00-26d4e0f30b3f,2026-03-10,Gift Payment,573.69,Expense,Other,UPI,Gift,
1b9e235b-6900-4516-85cc-1dcbe8147c69,2026-03-10,Reliance Mart Payment,7935.81,Expense,Shopping,Credit Card,Flipkart,
a2a91bd8-693c-4542-8247-38a4e53777bd,2026-03-10,Domino's Payment,837.71,Expense,Food,Cash,Starbucks,
0ec996fc-04ca-417c-b3a2-117a55e9dc07,2026-03-11,Local Cafe Payment,1778.5,Expense,Food,Credit Card,Starbucks,
0c113a64-b53a-45e0-97e1-45e599f6900a,2026-03-11,Netflix Payment,472.66,Expense,Entertainment,Credit Card,Netflix,
0bbddb5a-f131-420d-be90-560a92ad4343,2026-03-11,Gift Payment,701.71,Expense,Other,Cash,Donation,
4d10199c-242e-4788-b84b-f5cf277839d3,2026-03-11,PharmEasy Payment,4459.85,Expense,Healthcare,Debit Card,Apollo,
546f83da-586b-4735-a3ea-0dbd7ce178cb,2026-03-11,Gift Payment,679.03,Expense,Other,UPI,Misc,
59ace4ba-c78b-4424-b614-a34591c23eba,2026-03-12,Metro Payment,708.63,Expense,Travel,Credit Card,Uber,
e4e387b3-06f7-4369-9f03-65bac1909583,2026-03-12,Metro Payment,153.14,Expense,Travel,Credit Card,Flight,
62507eb6-cb75-4fbb-ae6b-78953ddabab2,2026-03-12,Apollo Payment,2663.58,Expense,Healthcare,Cash,PharmEasy,
a8962bf5-498a-48cf-b622-9d783a787b9e,2026-03-12,IRCTC Payment,122.83,Expense,Travel,Cash,Flight,
536d65d7-9c57-4290-859e-38b427027c0c,2026-03-12,Domino's Payment,1478.16,Expense,Food,Debit Card,Starbucks,
4a930742-2feb-456c-9ef7-112c39e81bed,2026-03-12,Jio Payment,4727.97,Expense,Bills,Cash,Gas,
70b93a85-51f9-4490-8641-52277c7827d4,2026-03-12,Donation Payment,233.86,Expense,Other,UPI,Donation,
9caccec1-3881-455b-b640-d575db8ab80c,2026-03-13,Jio Payment,4045.6,Expense,Bills,Credit Card,Water,
e40191f2-8d0f-4895-b4f4-f541e9f9e741,2026-03-13,Gift Payment,791.76,Expense,Other,UPI,Misc,
344049a5-941b-40b7-a0ab-b1af82b956e2,2026-03-13,Ola Payment,162.07,Expense,Travel,Cash,Ola,
1732e1d9-f49e-41d2-90de-d6e104c479db,2026-03-13,Misc Payment,338.74,Expense,Other,UPI,Donation,
90cd96fb-244c-49cf-a570-1c87b0212fea,2026-03-13,Donation Payment,922.22,Expense,Other,Debit Card,Donation,
149a7f16-2d1d-4ba7-9408-8882932c3a30,2026-03-14,Gift Payment,505.27,Expense,Other,Cash,Gift,
cb337900-1690-46c4-9c0f-d3003dabcc48,2026-03-14,Water Payment,3538.59,Expense,Bills,UPI,Gas,
2fd65f89-66fd-4a16-90cb-044d8d033338,2026-03-14,Local Store Payment,2010.24,Expense,Shopping,Credit Card,Reliance Mart,
dcc19501-979c-43b3-8366-00ffbe703dda,2026-03-14,Gift Payment,206.06,Expense,Other,Credit Card,Gift,
138b6c25-93b4-4b6d-a354-5adf5f32dbcb,2026-03-14,PharmEasy Payment,1988.48,Expense,Healthcare,Credit Card,Local Clinic,
a4425bf9-01cf-4106-bfde-174ef236e788,2026-03-14,Spotify Payment,1802.44,Expense,Entertainment,Cash,Event,
30459c7b-7592-4398-a4a3-d80275ff9bb7,2026-03-15,Gift Payment,633.16,Expense,Other,Debit Card,Misc,
9acad854-6f7d-4263-a7bc-41be8e2491cd,2026-03-15,Domino's Payment,1072.61,Expense,Food,Debit Card,Zomato,
a46dd8b5-c78f-442e-abcc-c340bc793c38,2026-03-15,Gift Payment,625.55,Expense,Other,Debit Card,Misc,
74a187df-49c1-470b-b079-dff8833c9576,2026-03-15,Misc Payment,681.47,Expense,Other,Credit Card,Misc,
83a2b685-4c17-4c95-81a5-1b9d65e375de,2026-03-15,Zomato Payment,179.31,Expense,Food,Debit Card,Domino's,
479a5de0-66fc-4ae9-a92e-6d20df12e9e3,2026-03-15,Domino's Payment,258.34,Expense,Food,UPI,Starbucks,
b063fcf2-ddcb-4a11-8731-cca90d1ec4b4,2026-03-15,Uber Payment,972.23,Expense,Travel,Cash,Metro,
39878ee6-f796-4022-8d0e-45258bed2692,2026-03-15,Local Cafe Payment,1601.01,Expense,Food,UPI,Local Cafe,
50f12731-b3e2-4a17-ad8e-134b7cd63724,2026-03-16,IRCTC Payment,193.09,Expense,Travel,UPI,Metro,
0bfc746b-925f-4b14-a917-b90e3dd4a15f,2026-03-16,Reliance Mart Payment,4066.66,Expense,Shopping,Cash,Flipkart,
504105cd-43f3-4318-ae99-ad0cadecca50,2026-03-16,PharmEasy Payment,4823.22,Expense,Healthcare,Cash,Local Clinic,
f15e8349-b59e-428a-af0c-293dc69bc303,2026-03-16,Gas Payment,2207.19,Expense,Bills,Debit Card,Electricity,
656f327a-fcff-452e-935d-d895baeafedc,2026-03-16,Local Cafe Payment,639.82,Expense,Food,Credit Card,Starbucks,
d4924058-560c-4ad8-9505-07ea8b548c89,2026-03-16,Misc Payment,846.88,Expense,Other,Credit Card,Gift,
51a579ca-13c2-4e4e-80f6-30ac4d458505,2026-03-16,Domino's Payment,716.64,Expense,Food,Credit Card,Swiggy,
5fbdb358-4196-42f4-af1e-516c562fb496,2026-03-17,Ola Payment,126.6,Expense,Travel,Cash,Ola,
7a036efa-87a8-417f-a401-b05594de0067,2026-03-17,Domino's Payment,1644.69,Expense,Food,UPI,Domino's,
e8789bda-abad-4c78-bbe9-c98598a0bfd1,2026-03-17,Myntra Payment,7637.43,Expense,Shopping,Cash,Reliance Mart,
6c639624-b695-43f3-a8a5-eff56db91955,2026-03-17,Local Cafe Payment,1216.46,Expense,Food,UPI,Swiggy,
d3bcb08c-5d43-45c5-88dd-f48bf3df8cea,2026-03-17,Gift Payment,54.84,Expense,Other,Cash,Misc,
8cdae321-458d-4350-ac3d-5b7e24643877,2026-03-18,Electricity Payment,4422.14,Expense,Bills,Debit Card,Airtel,
7afd6a13-d7a0-4165-ba41-f870d3ccc3c5,2026-03-18,Starbucks Payment,498.37,Expense,Food,Debit Card,Domino's,
aa1e5539-4085-48d5-9582-3831861bc03d,2026-03-18,Gas Payment,3010.22,Expense,Bills,Cash,Jio,
3079b391-64c3-4a87-bf06-3bfe0f31c15f,2026-03-18,Gift Payment,835.72,Expense,Other,Credit Card,Misc,
cb19a21d-c913-48cc-97d3-1e92455b53a6,2026-03-18,Local Cafe Payment,1952.44,Expense,Food,Cash,Local Cafe,
e9a6bd73-9102-43d9-bd67-36ae8661079e,2026-03-19,Donation Payment,147.67,Expense,Other,Credit Card,Misc,
ee930331-2c63-4136-9fc3-3a6b5336e70d,2026-03-19,Zomato Payment,1833.0,Expense,Food,UPI,Zomato,
f55083e2-fc60-4f0b-96a4-9defdc35f905,2026-03-19,Ola Payment,504.07,Expense,Travel,UPI,Flight,
ca0776a0-ec6f-44a1-9e32-39a4973edf47,2026-03-19,Water Payment,4520.6,Expense,Bills,Debit Card,Gas,
fdd7c91c-83f5-4f2e-9d69-950291e76dbe,2026-03-19,Water Payment,4974.02,Expense,Bills,Credit Card,Jio,
bb7b8d8d-1e63-40de-a51c-f7db194ee400,2026-03-19,Reliance Mart Payment,5637.51,Expense,Shopping,Debit Card,Reliance Mart,
92fccc9f-9c11-4e80-b2b3-a2c76ca33ee5,2026-03-20,Zomato Payment,156.15,Expense,Food,Credit Card,Local Cafe,
70fc7afb-ac51-4bba-93af-8258c88b9496,2026-03-20,Airtel Payment,1860.75,Expense,Bills,Credit Card,Gas,
a41739e6-2e9b-4e9b-8411-e2e5d73e06e0,2026-03-20,Ola Payment,108.23,Expense,Travel,Cash,Uber,
8673aa57-a942-4a61-9cdd-d33e46f73083,2026-03-20,Local Clinic Payment,4192.04,Expense,Healthcare,UPI,Dentist,
e08da8fe-28ce-4096-be2b-24dc4b3e3799,2026-03-20,Amazon Payment,4699.42,Expense,Shopping,Debit Card,Local Store,
71f36e30-a78f-451d-a2cb-c7ffcebd3ae3,2026-03-20,Flipkart Payment,4710.28,Expense,Shopping,Credit Card,Flipkart,
f200a194-fbfd-4fff-8cb8-8cc79740e1fd,2026-03-20,Starbucks Payment,1246.0,Expense,Food,UPI,Domino's,
139b079f-e87f-4b7e-850e-d663a187dcbd,2026-03-21,Flight Payment,802.49,Expense,Travel,UPI,Ola,
b19df52c-f5be-4f1b-bba6-fef743eeb4c7,2026-03-21,Zomato Payment,1193.86,Expense,Food,UPI,Zomato,
c5910ed1-e34a-44b3-913a-058a828d3a26,2026-03-21,Misc Payment,612.16,Expense,Other,Cash,Gift,
8bd21698-3ae4-442b-8531-26b92ae0e30d,2026-03-21,Electricity Payment,2979.47,Expense,Bills,Cash,Water,
89675ab9-dacb-4c17-9bb0-612fe9d85118,2026-03-21,IRCTC Payment,257.93,Expense,Travel,Credit Card,Metro,
cb422c69-0fb7-4d04-930b-19925187d2ea,2026-03-21,Netflix Payment,483.95,Expense,Entertainment,Cash,Event,
d5bbf1a7-bb8b-4f80-abb4-72d2c9740312,2026-03-21,Netflix Payment,1312.98,Expense,Entertainment,Credit Card,Gaming,
53b17196-ae4e-4715-8532-d18f093aa832,2026-03-21,Swiggy Payment,780.87,Expense,Food,UPI,Local Cafe,
14b546f8-bc86-410b-ad0a-e2d28618bf43,2026-03-22,Local Clinic Payment,3744.39,Expense,Healthcare,Cash,Local Clinic,
045586fc-886c-476c-9c56-c9e83adbad7b,2026-03-22,Gift Payment,328.0,Expense,Other,UPI,Misc,
4336bc3e-1f87-41a1-a2d4-069644f592e1,2026-03-22,Starbucks Payment,660.14,Expense,Food,Debit Card,Starbucks,
0349e676-87d2-40b9-80e5-86d2da406513,2026-03-22,Domino's Payment,151.12,Expense,Food,Cash,Swiggy,
a333c0a3-ebe2-4feb-8603-47fd37b6cf2e,2026-03-22,Jio Payment,2415.13,Expense,Bills,UPI,Airtel,
ef5128cf-438c-4a58-b779-f3f8e40d19fb,2026-03-22,Misc Payment,770.57,Expense,Other,UPI,Misc,
0fd8b39b-61cb-4a9e-9b5e-9f9320e83a17,2026-03-22,Swiggy Payment,320.25,Expense,Food,Cash,Domino's,
074054c6-691f-402e-b144-2d75730c4722,2026-03-22,Swiggy Payment,1806.74,Expense,Food,UPI,Zomato,
9d1cd1e5-2422-4b41-9dc5-2e919c2a02d2,2026-03-22,Swiggy Payment,128.99,Expense,Food,Credit Card,Starbucks,
7c4e15a9-220b-48fd-a604-cc98a7f28a3e,2026-03-22,Misc Payment,120.75,Expense,Other,Cash,Misc,
2465a206-328d-4c8b-a988-6c2efdcf8429,2026-03-23,Zomato Payment,376.15,Expense,Food,Cash,Local Cafe,
2ebdbc06-93b5-43f2-be03-871482d79e4f,2026-03-23,Metro Payment,443.6,Expense,Travel,Credit Card,Uber,
bfa389d6-700d-4562-8e59-a6c1b8808152,2026-03-23,Misc Payment,932.65,Expense,Other,Cash,Gift,
917ab20d-09d6-40e1-96f5-fd25320d66af,2026-03-23,Misc Payment,543.37,Expense,Other,Debit Card,Gift,
faf53e83-7b83-4340-b57c-1a703c173753,2026-03-24,Electricity Payment,2357.93,Expense,Bills,Credit Card,Airtel,
162fc170-d2d1-4b38-84d0-405940ef00b0,2026-03-24,Zomato Payment,1756.42,Expense,Food,Credit Card,Swiggy,
b8268c78-0f21-49b4-bd40-8d2defe50675,2026-03-24,Local Store Payment,897.07,Expense,Shopping,UPI,Myntra,
fad0090b-0c9a-4db2-aec1-5df334d286d7,2026-03-24,Misc Payment,607.51,Expense,Other,Cash,Donation,
f15eeb5f-a471-4e54-840a-75b3acedc28a,2026-03-24,Amazon Payment,9068.44,Expense,Shopping,Cash,Amazon,
4b808b01-9708-45a1-b7b2-2861ecd5ee8d,2026-03-24,Local Cafe Payment,646.98,Expense,Food,Cash,Domino's,
e62411e9-1b82-40cb-9936-896799918eac,2026-03-25,PharmEasy Payment,3525.77,Expense,Healthcare,UPI,Local Clinic,
e251c579-f616-49e6-b274-1663d5b573db,2026-03-25,Misc Payment,611.39,Expense,Other,Cash,Misc,
632cc877-519e-47c4-8b11-fe1eb00fbca6,2026-03-25,Domino's Payment,1669.85,Expense,Food,UPI,Starbucks,
f913c8df-e366-4b70-b767-2e8eb1194496,2026-03-25,Water Payment,1667.4,Expense,Bills,Cash,Gas,
7f0ea313-fc4f-428c-be42-399ac2e85738,2026-03-25,Zomato Payment,595.61,Expense,Food,Cash,Zomato,
498641e4-9e06-485f-8c4c-6147e4962984,2026-03-25,Misc Payment,215.03,Expense,Other,Cash,Misc,
0da01b0e-d14d-4ba4-87e5-340b462a85d9,2026-03-25,Domino's Payment,1585.17,Expense,Food,Debit Card,Zomato,
fe658f47-a7c6-4816-a4a6-0dd7ea392133,2026-03-25,Zomato Payment,1022.4,Expense,Food,Credit Card,Local Cafe,
d3fd32c9-224b-403c-90aa-349e81e954e7,2026-03-25,Domino's Payment,1080.32,Expense,Food,UPI,Swiggy,
ae69583c-1e37-4ced-bfc3-87fcb9100c2b,2026-03-25,Event Payment,1494.02,Expense,Entertainment,Debit Card,PVR,
02cccf66-a544-438a-8cd2-c6a1ed9f59d1,2026-03-25,Swiggy Payment,1412.39,Expense,Food,UPI,Local Cafe,
49c9b4d3-f327-4d64-9735-22db02d8c57b,2026-03-25,Domino's Payment,416.05,Expense,Food,UPI,Local Cafe,
6bf4b0da-dbe7-4974-90e0-e6a6a0ee0dd9,2026-03-26,Uber Payment,193.19,Expense,Travel,UPI,Ola,
bd7243ca-5873-4514-b87d-e56f6ddbc720,2026-03-26,Swiggy Payment,1228.38,Expense,Food,Cash,Domino's,
96425b67-0ba1-47bb-be7e-4e2248a81ce2,2026-03-26,Starbucks Payment,1193.93,Expense,Food,Debit Card,Swiggy,
ae9ab085-14d0-4efb-a457-f797fb2bf566,2026-03-26,Starbucks Payment,1037.26,Expense,Food,Cash,Local Cafe,
cf57f15b-25f1-4923-9e5b-30cc8fd5e770,2026-03-26,Local Cafe Payment,1716.08,Expense,Food,Credit Card,Swiggy,
fc20c0f5-a370-4b14-8b2b-fb1e4867e810,2026-03-26,Gift Payment,675.49,Expense,Other,Credit Card,Gift,
57915371-a63a-41d2-b648-c41de4cf5efa,2026-03-26,Donation Payment,436.53,Expense,Other,Cash,Donation,
d300df2b-c315-4982-9a7d-21a452155131,2026-03-27,Starbucks Payment,391.41,Expense,Food,Debit Card,Local Cafe,
ba28db53-963c-45a6-adea-ba5b407acf5d,2026-03-27,Myntra Payment,3288.18,Expense,Shopping,UPI,Flipkart,
742555c1-6d14-41b0-9a4d-8276c1308764,2026-03-27,Uber Payment,967.97,Expense,Travel,UPI,Ola,
508c918c-5864-4365-a842-e3128def23e1,2026-03-27,Spotify Payment,1351.34,Expense,Entertainment,Cash,Gaming,
284f8e40-a00c-4b2d-a2d0-fd7938e160e4,2026-03-27,Uber Payment,861.85,Expense,Travel,UPI,Uber,
cd097b34-0aea-40c2-9a0c-559cc7091fbe,2026-03-27,IRCTC Payment,723.87,Expense,Travel,UPI,IRCTC,
6f66836b-8d7b-4fc4-9b08-44d515ba9e24,2026-03-27,Water Payment,3933.99,Expense,Bills,Debit Card,Jio,
d031cbc7-d6fc-4140-aa2f-ccd308118735,2026-03-27,Ola Payment,535.48,Expense,Travel,Credit Card,IRCTC,
bbf90e7a-7916-496e-8f8d-1267a049fe4c,2026-03-27,Donation Payment,521.39,Expense,Other,UPI,Gift,
aa4b7330-66ab-49f2-a619-2daf6a2e0d63,2026-03-27,PharmEasy Payment,2853.89,Expense,Healthcare,Debit Card,PharmEasy,
f211a2a1-24c8-408d-8393-981500f04587,2026-03-27,Metro Payment,960.24,Expense,Travel,Cash,IRCTC,
8338e9f4-b297-4096-828f-128cbcdbde6a,2026-03-27,Zomato Payment,1907.35,Expense,Food,Credit Card,Zomato,
38405f7f-36dc-4302-8621-1c2f10c856b7,2026-03-27,Ola Payment,199.61,Expense,Travel,Credit Card,IRCTC,
1fe296ef-443b-4c49-b5c4-93dcaa9aabfd,2026-03-28,Event Payment,2600.38,Expense,Entertainment,Cash,Netflix,
c72299bf-3f29-44fd-93f8-498f0ee05caf,2026-03-28,IRCTC Payment,575.63,Expense,Travel,Cash,Uber,
2f22dff4-6a0d-4fac-b698-2f6bd508595a,2026-03-28,Misc Payment,840.89,Expense,Other,UPI,Gift,
0e9e713b-fdd8-49db-be03-553592ac8f89,2026-03-28,Metro Payment,258.72,Expense,Travel,Credit Card,Uber,
6cba230e-2c28-4e2f-960a-cbb9f5422c4c,2026-03-28,Local Cafe Payment,1604.39,Expense,Food,Cash,Domino's,
ebb35914-1014-4655-ba44-7e9975fafad9,2026-03-28,Swiggy Payment,321.25,Expense,Food,Debit Card,Zomato,
0b65bca6-04e0-417b-9fa8-2d05a1a9b110,2026-03-28,Flight Payment,945.88,Expense,Travel,Credit Card,IRCTC,
46a0ec9e-8ae6-4ee8-9a14-88fdc49d2c4c,2026-03-28,Gaming Payment,2109.67,Expense,Entertainment,Cash,Netflix,
eafbf9e1-9874-4868-8fcb-55f590e6659b,2026-03-28,Swiggy Payment,390.74,Expense,Food,Credit Card,Zomato,
71b81815-fd93-45a9-8f1d-067c9b05dbd4,2026-03-29,Misc Payment,184.39,Expense,Other,UPI,Donation,
ca8cd685-95ad-4686-af58-e4ff65b42f23,2026-03-29,IRCTC Payment,674.43,Expense,Travel,Cash,Flight,
995e605d-2369-485f-b77d-ec74a0b0128f,2026-03-29,Local Cafe Payment,1588.13,Expense,Food,Cash,Swiggy,
07b3dae8-6650-4cfa-90b6-960cff2e72e5,2026-03-29,Local Clinic Payment,2186.97,Expense,Healthcare,Debit Card,Apollo,
bcbfc23c-2613-4ab3-9756-e4bfcd0206d0,2026-03-29,Event Payment,212.06,Expense,Entertainment,UPI,Spotify,
a8e22580-a3c3-4333-a08b-d14418c16236,2026-03-29,Spotify Payment,822.84,Expense,Entertainment,Credit Card,Gaming,
c4b56567-3ce8-4bad-8e0c-461a619f4f06,2026-03-29,IRCTC Payment,923.92,Expense,Travel,Cash,Flight,
ce8faefd-c945-443f-91dd-889626b259ca,2026-03-29,Electricity Payment,689.84,Expense,Bills,Debit Card,Water,
623b5c17-20cf-4600-8b12-d46585667df2,2026-03-29,Dentist Payment,4706.1,Expense,Healthcare,Cash,PharmEasy,
73ca967d-249e-49e4-bd65-d48e9a05139a,2026-03-30,PharmEasy Payment,388.71,Expense,Healthcare,UPI,PharmEasy,
f9721c37-443d-433b-8adf-9909dec60768,2026-03-30,Flight Payment,914.87,Expense,Travel,Cash,Uber,
d9d52ee2-4a9f-4342-8807-d64228b38189,2026-03-30,Gift Payment,685.56,Expense,Other,Debit Card,Misc,
cf90b0ed-8081-4b94-aba3-c8b41ab3d7b2,2026-03-30,Donation Payment,966.21,Expense,Other,UPI,Misc,
f77f5b5b-d7ec-4208-8409-beb0513be771,2026-03-31,Local Store Payment,1923.44,Expense,Shopping,Cash,Myntra,
32a12b2b-1a6a-4fa2-830f-7a1af375b70a,2026-03-31,IRCTC Payment,384.6,Expense,Travel,UPI,Ola,
174a8942-fe10-4ad0-8b10-366b4e48a450,2026-03-31,Gift Payment,859.94,Expense,Other,Debit Card,Gift,
81fcf394-70d5-4378-9b93-696034f2ffd5,2026-03-31,Uber Payment,247.85,Expense,Travel,Cash,Ola,
ab0e7e66-d30c-4c9e-afd6-3dd082a363fa,2026-03-31,Flipkart Payment,6285.52,Expense,Shopping,Debit Card,Local Store,
948e768f-3d17-4d28-bac3-524467ea96a9,2026-04-01,Donation Payment,304.91,Expense,Other,Cash,Gift,
3d37df86-3671-47e3-83ba-b3798668125b,2026-04-01,Monthly Salary,66188.61,Income,Salary,Bank Transfer,Employer,Regular Income
f958683f-49cf-46aa-8853-4123e3c856b5,2026-04-01,Local Clinic Payment,4201.71,Expense,Healthcare,Credit Card,Dentist,
10526644-5ee7-49de-b2f7-8107b8117273,2026-04-01,Ola Payment,210.11,Expense,Travel,Credit Card,Uber,
214181d1-48dd-4056-bfed-01658fb2cadb,2026-04-01,Flight Payment,485.13,Expense,Travel,Cash,Uber,
d763e20b-729a-4c2d-a71b-09e512d03323,2026-04-01,Flipkart Payment,9170.67,Expense,Shopping,Credit Card,Myntra,
de1e29ee-f31a-4835-9594-42cd5662685f,2026-04-02,Airtel Payment,1146.38,Expense,Bills,UPI,Gas,
f9946978-7a6f-4f62-9749-f79fe6587251,2026-04-02,Gas Payment,3809.03,Expense,Bills,Cash,Water,
55953441-a6a6-4887-95fa-4138641a87f5,2026-04-02,Gift Payment,860.66,Expense,Other,Debit Card,Gift,
73bd02ab-8224-4ed9-b118-7f7c4bd212d8,2026-04-02,Donation Payment,944.51,Expense,Other,Cash,Donation,
f48967f8-1912-4adb-ad08-c79ec5e88de6,2026-04-02,Gaming Payment,2863.68,Expense,Entertainment,Credit Card,PVR,
1bf0a66f-1999-4755-9c74-6a592bf3d67b,2026-04-02,Donation Payment,623.52,Expense,Other,UPI,Donation,
e22f0387-8c25-43a7-9dff-f22755a16cf0,2026-04-02,Misc Payment,124.99,Expense,Other,Credit Card,Gift,
7241fb9b-76a2-4b3b-aaee-3ae5a34805de,2026-04-02,Domino's Payment,287.05,Expense,Food,Debit Card,Swiggy,
8e7148e9-b0c7-4bec-b9f7-8bed6db7fd23,2026-04-02,Spotify Payment,1825.18,Expense,Entertainment,Cash,Netflix,
9b898608-44ed-4167-938f-a62296045eea,2026-04-02,Electricity Payment,1182.97,Expense,Bills,Debit Card,Gas,
5a3d1815-eb05-4557-9337-39ac04b9b634,2026-04-02,Gas Payment,4956.86,Expense,Bills,Credit Card,Jio,
453362c5-1555-4e92-a3e3-92ba6b70a715,2026-04-03,Local Store Payment,4738.56,Expense,Shopping,Cash,Myntra,
4978ad9a-7f8d-4d47-9423-d3321a38f6b4,2026-04-03,Metro Payment,999.62,Expense,Travel,Cash,Flight,
362509eb-63e6-495d-98e3-c82f7cea5cee,2026-04-03,Local Cafe Payment,858.55,Expense,Food,Cash,Domino's,
6fda8a24-23f5-485c-b165-1dc5a1428828,2026-04-03,Gift Payment,506.44,Expense,Other,Debit Card,Gift,
d8b78320-4229-4a17-87b5-d04ceb2880b9,2026-04-03,Zomato Payment,1607.75,Expense,Food,UPI,Swiggy,
ac4b2268-f328-4cba-9381-a5a0018319fc,2026-04-03,Swiggy Payment,199.56,Expense,Food,UPI,Domino's,
328ef108-af6f-4521-810e-291a1b81b51e,2026-04-03,Local Cafe Payment,1553.59,Expense,Food,Debit Card,Swiggy,
e065b0a7-4e85-4678-8481-5235ff3c6890,2026-04-03,Jio Payment,4482.39,Expense,Bills,Debit Card,Airtel,
ef96938f-f8cb-4fc9-8125-b931ea6dd27e,2026-04-03,Swiggy Payment,906.2,Expense,Food,Cash,Domino's,
51005730-2b4d-4f75-8116-f4eb94d5b3a9,2026-04-04,Metro Payment,193.77,Expense,Travel,UPI,Metro,
a846ac08-3982-461b-b23c-5fa8cfbbb87b,2026-04-04,Domino's Payment,804.76,Expense,Food,Cash,Starbucks,
59a9957b-7ec3-4cd4-85bb-2e7c356df479,2026-04-04,Local Cafe Payment,1388.61,Expense,Food,UPI,Zomato,
7ed561b8-9e06-4581-9fa0-4d2a1331bf0d,2026-04-04,Misc Payment,476.81,Expense,Other,Debit Card,Gift,
988deb0d-763f-45e9-85ba-07693a0eac4f,2026-04-04,Flight Payment,114.23,Expense,Travel,Credit Card,Flight,
dd57093b-fda9-4a99-bf80-175695283d86,2026-04-05,Starbucks Payment,513.51,Expense,Food,Debit Card,Domino's,
4b45525b-99b3-4a3a-b4a9-b68a7d9d2b28,2026-04-05,Domino's Payment,987.95,Expense,Food,Debit Card,Domino's,
d7e485ea-81a4-4894-bc62-3180341546eb,2026-04-05,IRCTC Payment,632.6,Expense,Travel,Debit Card,Ola,
f118569e-47a6-4fd0-8686-7a2243d70931,2026-04-05,Gift Payment,678.12,Expense,Other,UPI,Gift,
a8e0e5df-cd1d-4ca5-a489-a707353268e6,2026-04-05,Airtel Payment,1317.77,Expense,Bills,Cash,Water,
aeacb998-51c8-4ffc-b474-242ad0c695e4,2026-04-05,Local Cafe Payment,1191.43,Expense,Food,UPI,Local Cafe,
c9afb819-90a0-446d-803d-06933740f66a,2026-04-05,Zomato Payment,1042.32,Expense,Food,Debit Card,Domino's,
1a8fec8b-cb1a-4f88-bd18-a8950a0b88ec,2026-04-05,Event Payment,2851.18,Expense,Entertainment,Cash,PVR,
5ae99f28-70bb-4e1b-b137-dfe364689443,2026-04-06,PVR Payment,1375.64,Expense,Entertainment,Cash,Gaming,
9244d9fe-f309-475c-bc86-91a04a2ec759,2026-04-06,Domino's Payment,751.58,Expense,Food,Credit Card,Zomato,
1bd1625c-8438-4b1b-85d9-7403aed5a6fc,2026-04-06,Ola Payment,97.83,Expense,Travel,Cash,Flight,
387c2687-885a-4aca-8de9-c3ac273a7d4e,2026-04-06,Flipkart Payment,6837.51,Expense,Shopping,Cash,Amazon,
faa7f8d6-d265-4bb8-83c0-20ee6d3c0449,2026-04-06,Event Payment,1211.88,Expense,Entertainment,Debit Card,PVR,
7ea56d83-adb2-416f-b727-7bdbb60ca951,2026-04-07,Uber Payment,964.93,Expense,Travel,Debit Card,Ola,
2f05fd08-5633-48a2-b2ef-d15f3b11c095,2026-04-07,Donation Payment,70.41,Expense,Other,Debit Card,Donation,
da98062c-d902-486e-af53-062aa6d99bf2,2026-04-07,Flight Payment,156.01,Expense,Travel,Cash,Ola,
2c0e3673-17cb-4673-b73f-f2a9d0e25e8a,2026-04-07,Flipkart Payment,787.71,Expense,Shopping,Cash,Amazon,
9a7f3a2a-624a-43ae-9bb2-257f4aedc977,2026-04-07,Metro Payment,826.59,Expense,Travel,UPI,Flight,
5c8f790b-7427-4d7f-9a0b-093b29341ad8,2026-04-07,Ola Payment,682.1,Expense,Travel,Credit Card,Ola,
816e8429-9c7e-4fce-83f7-3e64763d829a,2026-04-08,Starbucks Payment,1124.87,Expense,Food,Debit Card,Zomato,
7a41fa9d-1ff9-43bd-8640-a5afe3893eec,2026-04-08,PVR Payment,2921.07,Expense,Entertainment,Cash,Gaming,
9f25b2dd-de15-4703-a323-d9e27192f010,2026-04-08,Airtel Payment,4447.63,Expense,Bills,Cash,Electricity,
612d35ee-7c02-460c-b863-6042847d143d,2026-04-08,Uber Payment,203.47,Expense,Travel,Debit Card,Metro,
b11fec62-0803-4057-8fae-dd1871d8b7f7,2026-04-08,Uber Payment,1488.55,Expense,Travel,Cash,IRCTC,
fb27ff44-4fff-4bc7-ac2a-7922f583481c,2026-04-08,Domino's Payment,739.99,Expense,Food,Cash,Zomato,
be369439-0562-4b27-bcc8-57f6cb41b075,2026-04-08,Zomato Payment,1005.9,Expense,Food,UPI,Starbucks,
36d5ed05-56f7-4841-bde1-01d898f1db0d,2026-04-08,Donation Payment,936.03,Expense,Other,Credit Card,Donation,
17977a78-a66a-4f96-8d52-2d8be7c186e9,2026-04-08,Uber Payment,501.43,Expense,Travel,UPI,Ola,
d27daa6f-a15e-4c30-8622-30984c17ac3f,2026-04-09,IRCTC Payment,734.69,Expense,Travel,Cash,Metro,
d16fdd3f-6854-4293-96f4-fbb5cdecdffc,2026-04-09,Flipkart Payment,677.31,Expense,Shopping,UPI,Myntra,
ff31c9ac-d4ee-43f4-8302-10765cbf4944,2026-04-09,Misc Payment,232.88,Expense,Other,UPI,Donation,
c5c809df-d810-46bd-8555-e59f00e4e96c,2026-04-09,Starbucks Payment,256.67,Expense,Food,UPI,Zomato,
2c5c1529-1ce1-4917-9020-67ddfe492e00,2026-04-09,Donation Payment,837.4,Expense,Other,Credit Card,Misc,
e01bfe27-020b-4ae7-a93a-a61dd336df27,2026-04-09,Starbucks Payment,1631.56,Expense,Food,Cash,Domino's,
9bc7f788-ada2-4eab-90d9-431b4edb50e8,2026-04-10,Flight Payment,706.85,Expense,Travel,UPI,IRCTC,
619255f5-7e74-4c95-b991-bd583fc6452b,2026-04-10,Zomato Payment,1434.32,Expense,Food,Credit Card,Domino's,
ebc2dee7-201d-45c6-bc71-a58154b18107,2026-04-10,Flipkart Payment,5024.2,Expense,Shopping,Cash,Local Store,
351fb7d6-0905-4e46-a4cf-f47e6ea64d86,2026-04-10,Myntra Payment,8960.33,Expense,Shopping,Cash,Amazon,
7fe30a5d-f99c-4737-b7d3-de857bf6f6ec,2026-04-10,Donation Payment,815.17,Expense,Other,Credit Card,Donation,
ca81c7d5-4211-44e9-9195-5ff3999b9668,2026-04-11,Starbucks Payment,1826.1,Expense,Food,UPI,Starbucks,
a680f74a-f7e9-4e4a-b90f-6a064a999708,2026-04-11,Netflix Payment,774.33,Expense,Entertainment,Debit Card,Netflix,
82992387-d901-4102-8ee9-ce1b9ad47045,2026-04-11,Metro Payment,711.13,Expense,Travel,Credit Card,Flight,
ba8cdac5-1221-4ade-a082-db461f2f08c7,2026-04-11,Apollo Payment,1491.41,Expense,Healthcare,Cash,Local Clinic,
0d03e8b3-7afd-44d0-b186-b29b0f30d69f,2026-04-11,IRCTC Payment,231.01,Expense,Travel,Cash,Metro,
e7de82fb-2a6d-4891-ad2e-5860d76f732b,2026-04-11,Uber Payment,238.24,Expense,Travel,Cash,Flight,
7093551e-dfde-4bee-b7a5-bfd5c1d7b337,2026-04-11,Local Clinic Payment,1847.56,Expense,Healthcare,Debit Card,PharmEasy,
d19b0ac0-ffa6-4968-b5b2-c1d1f9305d5e,2026-04-11,Starbucks Payment,1699.12,Expense,Food,UPI,Local Cafe,
b61e96ba-ebbf-4274-a17e-ab1c40a1f252,2026-04-11,Zomato Payment,1476.42,Expense,Food,UPI,Domino's,
40ae8404-4607-47de-81d9-597badced0d6,2026-04-11,Airtel Payment,3502.21,Expense,Bills,Cash,Electricity,
9ad28830-c9bc-49de-b784-e7b96ab2c14d,2026-04-11,Flight Payment,762.55,Expense,Travel,UPI,Uber,
603b4495-0310-488d-aea7-1d49dec5735b,2026-04-12,Local Cafe Payment,1470.49,Expense,Food,Debit Card,Starbucks,
9538162b-206b-4601-8390-9dbdb07d9aa6,2026-04-12,Domino's Payment,1014.24,Expense,Food,Credit Card,Zomato,
3afbe486-6c18-4dc6-a1e2-5a73e5947f4d,2026-04-12,Flight Payment,430.61,Expense,Travel,Cash,Uber,
5dd8966c-f256-4af2-b00e-6a5d9c13a7ca,2026-04-12,Gift Payment,704.35,Expense,Other,UPI,Donation,
35f6af78-17f0-468f-b153-a843fb363371,2026-04-12,IRCTC Payment,499.87,Expense,Travel,UPI,Ola,
0a6e0d7d-c76e-4203-ae7d-7001adb1bc03,2026-04-12,Gift Payment,199.97,Expense,Other,Credit Card,Gift,
61f0ea18-b6a1-4bb8-833b-cc6127da92ec,2026-04-12,Misc Payment,372.19,Expense,Other,Cash,Misc,
babb3e3f-331e-4f60-a6f7-279b33342d19,2026-04-12,Local Store Payment,743.89,Expense,Shopping,Credit Card,Flipkart,
eb92d4bd-3071-4c87-9219-886b342ba5e6,2026-04-12,Donation Payment,180.97,Expense,Other,UPI,Misc,
b7f0d0fe-ec68-4934-873d-a5e9953901a7,2026-04-13,Domino's Payment,1337.99,Expense,Food,Debit Card,Starbucks,
f49d211b-5bbf-48bc-87a4-0917eaf8f188,2026-04-13,Swiggy Payment,715.6,Expense,Food,Credit Card,Starbucks,
72e23a4b-ebf7-491e-bed3-db6bbf28c8dc,2026-04-13,Myntra Payment,4372.5,Expense,Shopping,UPI,Reliance Mart,
06e036e6-849e-47b2-9a7e-88a5ca718946,2026-04-13,Local Cafe Payment,1944.71,Expense,Food,UPI,Domino's,
94941c0d-6e60-43eb-bf62-52747d5c8b6e,2026-04-13,Swiggy Payment,622.01,Expense,Food,Debit Card,Starbucks,
ca91f470-056d-49ae-bd83-9511f144d161,2026-04-13,Donation Payment,637.7,Expense,Other,Credit Card,Misc,
f2467b63-f338-4d89-ae35-4a5d0cff2f78,2026-04-14,Misc Payment,126.09,Expense,Other,Cash,Misc,
85353e65-314c-489f-86bd-bc9ef76a0579,2026-04-14,Uber Payment,801.15,Expense,Travel,Cash,IRCTC,
cfff00b3-bcd1-4295-8218-bb0f014dc117,2026-04-14,Misc Payment,56.89,Expense,Other,Credit Card,Donation,
d95b8f51-89b3-4d47-8abb-7e5511c03778,2026-04-14,Misc Payment,510.46,Expense,Other,Credit Card,Gift,
c019ffe4-ca4a-4eb3-aad1-e8323e5a632f,2026-04-14,Starbucks Payment,1940.01,Expense,Food,UPI,Swiggy,
018e48ab-7c62-4c74-a950-f4fe74b623a2,2026-04-15,Local Cafe Payment,1281.8,Expense,Food,Credit Card,Swiggy,
831ddd89-c8b5-446e-81b1-a7cbd78933e6,2026-04-15,Jio Payment,947.49,Expense,Bills,Cash,Electricity,
7462259e-5b23-49bd-84dc-d4a6f2f4b13e,2026-04-15,Ola Payment,716.84,Expense,Travel,Credit Card,Flight,
f6823ec7-857f-4b4c-b7fd-1e6ba92e9357,2026-04-15,Starbucks Payment,1841.88,Expense,Food,UPI,Domino's,
f6b86c98-8339-409e-8d00-ea41af7b69fc,2026-04-15,Apollo Payment,4796.36,Expense,Healthcare,UPI,Dentist,
9be243fa-3e69-4123-a467-3d2ba6eafb9d,2026-04-15,Misc Payment,612.49,Expense,Other,Debit Card,Gift,
8826b94d-e3e3-41e7-8f5a-4a26446c8e82,2026-04-15,Zomato Payment,691.24,Expense,Food,UPI,Swiggy,
87a522d8-6b26-43dc-885d-c782523657e0,2026-04-15,Local Cafe Payment,206.62,Expense,Food,Cash,Local Cafe,
e579f935-7ed4-4dfc-bab3-d49fcde43335,2026-04-15,Local Clinic Payment,4428.68,Expense,Healthcare,Cash,PharmEasy,
eb82b6a3-b117-4c7c-a38f-1612a36e26ab,2026-04-16,PVR Payment,2673.62,Expense,Entertainment,Cash,Event,
352ef2d0-598a-4c13-b4ca-d872847825a2,2026-04-16,Reliance Mart Payment,4619.56,Expense,Shopping,Debit Card,Local Store,
7edc10a9-4d9e-4ffc-9836-81cd8fbcb150,2026-04-16,Starbucks Payment,1515.87,Expense,Food,UPI,Zomato,
fb73cc86-3b83-4e48-97dd-e5af6c6a977f,2026-04-16,Misc Payment,221.94,Expense,Other,UPI,Gift,
367c70d8-fdde-43da-88a9-d984a0efe5f9,2026-04-16,Flight Payment,836.08,Expense,Travel,Credit Card,Uber,
ddabb3a9-29f8-4a86-a374-b110d9b39260,2026-04-16,Swiggy Payment,1475.32,Expense,Food,UPI,Local Cafe,
72ca1e3d-d9f0-4735-8506-32e5a3f446fc,2026-04-16,Reliance Mart Payment,2769.48,Expense,Shopping,Debit Card,Amazon,
8a7bf73e-3a7b-402f-a801-53cf6b286733,2026-04-16,Gift Payment,254.44,Expense,Other,Debit Card,Donation,
a53021c2-e239-4042-882e-6b44d5a8cf04,2026-04-16,Domino's Payment,464.09,Expense,Food,Credit Card,Swiggy,
2c5b4516-c33b-4b7a-839a-5529c67f838d,2026-04-16,Gaming Payment,2696.57,Expense,Entertainment,UPI,Netflix,
305d6a93-49f1-495c-9054-ef8e3834a4d2,2026-04-16,Myntra Payment,8151.05,Expense,Shopping,UPI,Reliance Mart,
59319c8b-76c5-4e75-b4c1-5a33ee60812b,2026-04-16,Starbucks Payment,575.48,Expense,Food,Cash,Starbucks,
25816d3f-0059-4aee-8faf-33e0c9f60694,2026-04-16,Water Payment,785.79,Expense,Bills,Credit Card,Electricity,
1b88dcb4-fc2f-4d77-a1f2-570d569bad0e,2026-04-17,Starbucks Payment,1704.41,Expense,Food,UPI,Local Cafe,
4c1757e4-7f15-41cf-bae1-d37c6c7177b7,2026-04-17,Starbucks Payment,1814.83,Expense,Food,Credit Card,Swiggy,
af5dc848-da0d-44f5-bbb9-6a5925d2ec5a,2026-04-17,Swiggy Payment,460.22,Expense,Food,Debit Card,Domino's,
7c72bc44-d0db-446e-9bcb-89c9e9c031f7,2026-04-17,Flight Payment,653.9,Expense,Travel,Debit Card,Ola,
06ebbca5-949c-4491-9938-425389db516c,2026-04-17,Misc Payment,364.71,Expense,Other,Credit Card,Gift,
bdb16fa3-0624-4fa4-87c0-80bbaaf0aa21,2026-04-17,Jio Payment,4977.13,Expense,Bills,UPI,Airtel,
8d065f24-7f2c-4231-adb2-d574496336ff,2026-04-17,Ola Payment,279.58,Expense,Travel,UPI,Metro,
8518b7e1-9a82-4740-99aa-008a421f750a,2026-04-18,Gift Payment,808.32,Expense,Other,Credit Card,Donation,
829a0d73-5b5c-49b7-890f-bf349e55dffb,2026-04-18,IRCTC Payment,929.23,Expense,Travel,UPI,Ola,
008e292c-7eb1-4f0f-93de-fc1d321bdc76,2026-04-18,Domino's Payment,841.44,Expense,Food,Cash,Swiggy,
9b47fb0a-a2a3-480d-a6cd-10c3b46cdaf5,2026-04-18,Metro Payment,663.21,Expense,Travel,Credit Card,Flight,
f5792b12-aaf9-497e-96c7-52444abd8994,2026-04-19,Jio Payment,917.89,Expense,Bills,UPI,Gas,
d7666da8-150f-4517-ba56-60045b178b09,2026-04-19,PVR Payment,2366.83,Expense,Entertainment,Credit Card,Gaming,
95c8853c-bc56-4232-be04-768f7e61bc61,2026-04-19,Starbucks Payment,1796.66,Expense,Food,UPI,Swiggy,
eb28f476-0119-4db2-a231-bc305a4a667a,2026-04-19,Donation Payment,77.71,Expense,Other,UPI,Gift,
7b954eb3-f060-424b-88fb-6125a9714683,2026-04-20,Starbucks Payment,1870.31,Expense,Food,UPI,Swiggy,
45837f94-ade8-44ea-a6e5-61012da14daa,2026-04-20,IRCTC Payment,619.67,Expense,Travel,Cash,Uber,
46432445-a245-44e8-91b7-42a33d3adec5,2026-04-20,Swiggy Payment,513.63,Expense,Food,Debit Card,Swiggy,
88ce7355-2605-4049-bb96-297e2376ae40,2026-04-20,Swiggy Payment,1138.44,Expense,Food,UPI,Swiggy,
c042d7f6-40ec-4bdf-b072-e5ca1405453b,2026-04-20,Misc Payment,385.95,Expense,Other,UPI,Gift,
947dd76d-a8e3-49b0-9371-8ea305d02d4f,2026-04-20,Ola Payment,903.04,Expense,Travel,Cash,Ola,
efb6ff62-020b-4919-ab7f-d264383f414c,2026-04-21,PVR Payment,2038.45,Expense,Entertainment,Cash,Spotify,
f539eb81-f14f-4a19-8f50-5986d16c4558,2026-04-21,Water Payment,1466.86,Expense,Bills,Cash,Electricity,
41fe73fc-0ea8-43f7-97be-b5331668fa96,2026-04-21,Netflix Payment,2713.53,Expense,Entertainment,Cash,Gaming,
0cd77881-7d64-4041-b8a0-319f470f1cc6,2026-04-21,Local Store Payment,3778.68,Expense,Shopping,Cash,Myntra,
24fc23d7-6cf1-4a5f-a514-131980e8c9d9,2026-04-22,Apollo Payment,2642.64,Expense,Healthcare,UPI,Local Clinic,
29322b95-600e-4fa0-9eb2-92f6aee74a30,2026-04-22,PVR Payment,2814.27,Expense,Entertainment,Credit Card,Spotify,
15090bcb-6429-4366-b72c-49b6aacefe4b,2026-04-22,Swiggy Payment,251.0,Expense,Food,Debit Card,Zomato,
42d543a3-8806-4fa3-95ca-59412c3bd112,2026-04-22,Zomato Payment,336.96,Expense,Food,Cash,Swiggy,
a15139f2-6231-489a-9fed-b33be8b776ca,2026-04-22,Reliance Mart Payment,3925.74,Expense,Shopping,UPI,Local Store,
1fc85887-b9f2-49df-9fd6-232e57e079ed,2026-04-23,Swiggy Payment,1524.88,Expense,Food,UPI,Local Cafe,
a3c64e27-9bc8-4df2-9f73-4d8afac1148a,2026-04-23,Myntra Payment,1795.62,Expense,Shopping,Credit Card,Myntra,
4331a607-70c2-41fd-b571-10196b8dc8c5,2026-04-23,Gas Payment,4778.55,Expense,Bills,UPI,Gas,
73989780-0c0a-486e-b8d0-1defeb12ee95,2026-04-24,Ola Payment,847.02,Expense,Travel,Cash,Uber,
f1e445c3-92a1-4db0-86b7-454e90eb5b3b,2026-04-24,IRCTC Payment,983.56,Expense,Travel,Cash,Flight,
065e01e0-5c4a-421e-80ef-1acff4c56bb3,2026-04-24,Donation Payment,486.68,Expense,Other,Debit Card,Gift,
6aea29ad-a921-4c3f-83ff-afb203c6c90d,2026-04-24,Gift Payment,931.42,Expense,Other,Debit Card,Gift,
72c43f5d-0813-461e-8665-5b201918a05b,2026-04-24,Uber Payment,628.51,Expense,Travel,Credit Card,Ola,
605cd84f-cb4d-4e6b-9b69-a95b03613ade,2026-04-24,Gift Payment,822.67,Expense,Other,Debit Card,Gift,
343e6bf2-66d7-431f-b6c5-9824eadf2f18,2026-04-24,Zomato Payment,1960.16,Expense,Food,Cash,Zomato,
958a3796-a5f9-405a-97c3-7e681a9dfa61,2026-04-24,Local Store Payment,8245.53,Expense,Shopping,Debit Card,Myntra,
e99fa1cf-8248-4be6-bd13-a9750f855b1b,2026-04-25,Local Cafe Payment,1240.19,Expense,Food,Credit Card,Swiggy,
5f434c6c-b1f9-454d-a40f-be318bebc4ba,2026-04-25,Local Cafe Payment,965.77,Expense,Food,Cash,Zomato,
04359b12-17e1-47ad-837f-a99d0348f885,2026-04-25,Misc Payment,490.07,Expense,Other,Debit Card,Misc,
2bcaaea3-46ee-45d7-9d14-e7463b6d9c24,2026-04-25,Misc Payment,185.49,Expense,Other,Cash,Misc,
0137e7a5-fdfe-42af-8ed8-371d7be93944,2026-04-25,Uber Payment,457.05,Expense,Travel,UPI,Flight,
8cbd281e-503a-478f-b798-00b08194358e,2026-04-25,Uber Payment,705.76,Expense,Travel,UPI,Uber,
b712166a-058a-457d-9d57-b01e6df08dad,2026-04-26,Water Payment,3736.73,Expense,Bills,Credit Card,Water,
246ca936-2c76-49fc-8c98-3f34abd57154,2026-04-26,Uber Payment,572.24,Expense,Travel,UPI,Flight,
6ab77451-c6fb-47de-a442-7988f582ef9b,2026-04-26,Uber Payment,800.24,Expense,Travel,Credit Card,Metro,
fad3daf5-59d6-4550-b900-84e95cc8896f,2026-04-26,Local Store Payment,7516.85,Expense,Shopping,Credit Card,Flipkart,
6d99775d-5e77-496d-89c1-57dc047206e5,2026-04-26,Local Store Payment,8773.53,Expense,Shopping,Credit Card,Reliance Mart,
310dd3ff-d8ad-447d-ae83-7b567dcd0f0c,2026-04-26,Jio Payment,2060.06,Expense,Bills,Cash,Water,
4df22712-d49b-4209-92e2-72ef18bdce62,2026-04-26,Local Store Payment,1327.35,Expense,Shopping,Credit Card,Local Store,
12687acc-d8f9-43a5-9819-7cec806c3c9f,2026-04-26,Misc Payment,470.41,Expense,Other,Debit Card,Misc,
725ded5d-de40-43ee-9f8f-019fb16bdbe7,2026-04-26,Domino's Payment,1138.21,Expense,Food,Credit Card,Swiggy,
090b0abe-7c89-4f54-85fc-5f69d4cb002b,2026-04-27,Gaming Payment,1788.42,Expense,Entertainment,UPI,Spotify,
095adbae-958d-40e1-9b0f-b4aa07d6c91c,2026-04-27,PVR Payment,1471.17,Expense,Entertainment,UPI,PVR,
eabe495c-40cf-4f29-8a62-47519e0d35a1,2026-04-27,Dentist Payment,4641.73,Expense,Healthcare,Cash,PharmEasy,
3b3f279c-c314-4525-9d5c-8bf970c3c92a,2026-04-28,Zomato Payment,414.65,Expense,Food,Debit Card,Local Cafe,
2c509f69-da10-47d5-aada-0ae2218a54fb,2026-04-28,Misc Payment,121.62,Expense,Other,UPI,Gift,
ff7f34b7-ca8f-455d-b179-d7da6484025a,2026-04-28,Swiggy Payment,1783.96,Expense,Food,Debit Card,Starbucks,
0df5972a-088f-4858-9b57-339aa0513f94,2026-04-28,Donation Payment,336.1,Expense,Other,UPI,Gift,
560299b1-78ed-452a-9b97-840826f36b4e,2026-04-28,Local Cafe Payment,1182.6,Expense,Food,Debit Card,Domino's,
92f4a26f-5545-4305-80a2-738d0739ffb3,2026-04-28,Local Cafe Payment,1136.69,Expense,Food,Debit Card,Domino's,
6a714f80-35ed-4c3c-a13d-9b7601b2c5e8,2026-04-28,Local Cafe Payment,237.71,Expense,Food,UPI,Zomato,
01dfa689-568b-4544-9297-023c66354b77,2026-04-28,Reliance Mart Payment,8666.58,Expense,Shopping,Cash,Reliance Mart,
c5d4872b-b685-40ff-a83b-2a53d2e325f9,2026-04-28,Airtel Payment,2046.91,Expense,Bills,Debit Card,Water,
8e2d74a7-a57f-404f-b3f9-01f85d74ef68,2026-04-28,Gift Payment,269.94,Expense,Other,UPI,Gift,
912dea3b-508f-4e58-92e0-3e9e51e8e45c,2026-04-28,Flight Payment,572.43,Expense,Travel,Cash,Metro,
0bf1eec7-84eb-4ec0-b790-d46c186adb81,2026-04-28,Starbucks Payment,861.07,Expense,Food,UPI,Zomato,
53f4b5f0-4890-4e2b-a104-73432235b4e4,2026-04-28,Electricity Payment,4709.75,Expense,Bills,Credit Card,Electricity,
e3c22687-aae1-4ea7-a585-1110ce21d5cd,2026-04-28,Misc Payment,197.84,Expense,Other,Cash,Gift,
13612005-66d6-4b78-b871-9adf8bc458fe,2026-04-29,Donation Payment,251.28,Expense,Other,UPI,Misc,
e42ab18a-b61b-41f6-9f7d-559a90295dc9,2026-04-29,Gift Payment,791.67,Expense,Other,Credit Card,Gift,
de607526-81c4-4bb8-afa2-94487ed58ec1,2026-04-29,Local Cafe Payment,478.55,Expense,Food,Cash,Domino's,
25038889-6d86-4bef-9b5f-deec3ef33ed5,2026-04-29,Jio Payment,2160.1,Expense,Bills,UPI,Electricity,
3c856d49-c933-4404-903a-9a2350d3f85f,2026-04-29,IRCTC Payment,962.49,Expense,Travel,Debit Card,Ola,
008e1c5d-a23b-4856-aa3f-5f466ef21be5,2026-04-29,Swiggy Payment,1995.88,Expense,Food,UPI,Starbucks,
0a68cf7f-86c3-4a16-af4e-383fabf954eb,2026-04-30,Zomato Payment,1422.1,Expense,Food,Credit Card,Zomato,
6aaff25a-a79c-4249-8804-2320024d59e1,2026-04-30,Event Payment,2673.83,Expense,Entertainment,Credit Card,PVR,
83e29874-b836-4ad8-ba73-e1400f0631cc,2026-04-30,Starbucks Payment,1324.19,Expense,Food,Debit Card,Zomato,
7b50ad28-0c24-47c7-a2a8-b6657d883409,2026-04-30,Starbucks Payment,889.45,Expense,Food,UPI,Starbucks,
d0992275-06c6-43d6-96cc-175b1dc0b643,2026-04-30,Starbucks Payment,1925.41,Expense,Food,UPI,Swiggy,
8b513be9-a113-4d50-8402-6536332da889,2026-04-30,Gift Payment,489.86,Expense,Other,Credit Card,Donation,
af9f9005-7f59-4a97-ac6d-0a4ff4f3718b,2026-04-30,Misc Payment,81.74,Expense,Other,UPI,Misc,
071e54b6-5d2a-409c-bcb2-046a811a7e91,2026-04-30,IRCTC Payment,393.36,Expense,Travel,Debit Card,Ola,
831624cc-c447-46a7-b43c-fc4902fa717c,2026-04-30,Local Store Payment,6373.74,Expense,Shopping,Debit Card,Flipkart,
74e0199f-5a1f-4ff6-b356-e24545cc38f9,2026-04-30,Ola Payment,142.04,Expense,Travel,Debit Card,IRCTC,
4fa54bdf-add8-43ee-a667-2dce7f991253,2026-04-30,Flipkart Payment,1470.97,Expense,Shopping,Debit Card,Local Store,
99b45975-f36c-40ba-bfac-3b6765a646f9,2026-05-01,Gift Payment,87.13,Expense,Other,UPI,Misc,
b814961c-93e2-4e2c-91ea-131edb08a556,2026-05-01,Monthly Salary,50129.98,Income,Salary,Bank Transfer,Employer,Regular Income
3ae328b3-7b79-4285-bbb4-cfecee45c889,2026-05-01,Domino's Payment,1424.09,Expense,Food,UPI,Swiggy,
93e43757-56c1-485c-b1ab-6e52d627e0af,2026-05-01,Ola Payment,377.53,Expense,Travel,Cash,Flight,
0e79c269-1b4d-4715-bb5d-4c69e447c406,2026-05-01,Local Cafe Payment,419.57,Expense,Food,Credit Card,Swiggy,
e19f8493-49e7-4cdb-b0b6-0e0298c895c4,2026-05-01,Zomato Payment,1690.58,Expense,Food,UPI,Local Cafe,
af440293-6c8d-4322-815d-2aa10ac7f983,2026-05-02,Domino's Payment,209.08,Expense,Food,UPI,Domino's,
92bc84ce-9bb1-4b0b-ad31-9acea88e062d,2026-05-02,IRCTC Payment,354.94,Expense,Travel,Credit Card,Ola,
fe5b46cb-1998-4939-81d8-606bd4dc9a36,2026-05-02,Amazon Payment,4524.32,Expense,Shopping,Credit Card,Local Store,
3792ae77-379f-487c-83cb-a92628e4d246,2026-05-02,PVR Payment,970.91,Expense,Entertainment,UPI,Event,
753e27b9-fb5c-4dd8-bc6d-5f8623b8d5f0,2026-05-02,Donation Payment,116.41,Expense,Other,Credit Card,Gift,
df491ff5-796a-4f16-aa1e-b6f0ade4de3d,2026-05-02,Domino's Payment,137.18,Expense,Food,Debit Card,Swiggy,
6392343b-794a-49c4-b4d8-d061f198512f,2026-05-02,Gas Payment,4611.81,Expense,Bills,UPI,Jio,
dfc734a0-0efd-44c7-a0fb-c5199b1077ea,2026-05-03,Local Cafe Payment,1667.15,Expense,Food,Debit Card,Zomato,
7d1fc085-c288-4505-9d58-3355012f68c6,2026-05-03,Reliance Mart Payment,2702.66,Expense,Shopping,Debit Card,Flipkart,
7888e644-eb2f-4388-a575-e00b99e814cc,2026-05-03,Misc Payment,119.33,Expense,Other,Debit Card,Misc,
d5ff6b8a-38d2-4113-a42a-14135b13c692,2026-05-03,Donation Payment,824.12,Expense,Other,Credit Card,Misc,
04e5c83e-325d-4661-a9b9-8d00e739e780,2026-05-03,Gift Payment,352.42,Expense,Other,Debit Card,Gift,
c74809af-62be-458b-a992-28890dc61276,2026-05-03,Event Payment,1658.08,Expense,Entertainment,UPI,PVR,
b80c6cdc-0e06-4e83-bb89-b80067a5424b,2026-05-04,Gift Payment,5488.92,Expense,Other,Credit Card,Gift,
feef1477-67ca-40f8-86fe-72ec161b23f2,2026-05-04,Gift Payment,72.24,Expense,Other,Cash,Misc,
5e16ef90-0a00-4d9c-a0ab-b4080a544998,2026-05-04,Gift Payment,91.6,Expense,Other,UPI,Donation,
a711fe05-a0f6-4ce3-9f34-1836dc06fbfa,2026-05-04,Local Store Payment,1723.77,Expense,Shopping,UPI,Flipkart,
1eaeb349-cc9c-46ed-8311-d03f283c892a,2026-05-04,Domino's Payment,1187.16,Expense,Food,Credit Card,Starbucks,
f1c04469-a686-437e-b6db-0541cafadf33,2026-05-04,Spotify Payment,827.89,Expense,Entertainment,UPI,Spotify,
78574b6f-ac5d-4c63-8b07-f0dbf19dbe88,2026-05-05,Domino's Payment,831.85,Expense,Food,Cash,Domino's,
f2a82523-7890-4313-8ff0-cefc1fdcfa44,2026-05-05,Misc Payment,927.95,Expense,Other,Credit Card,Misc,
953d80d8-5491-4595-aa32-afb1df72d368,2026-05-05,Spotify Payment,1450.58,Expense,Entertainment,Debit Card,PVR,
c33c1a30-e3b3-478a-bf94-6bc2f0d8a383,2026-05-05,Gaming Payment,1576.32,Expense,Entertainment,UPI,Gaming,
67cd116e-9b2b-476a-a571-dace8406be6a,2026-05-05,Swiggy Payment,1679.01,Expense,Food,Credit Card,Swiggy,
9d0593c2-4ba5-461d-bbf8-92bd84868955,2026-05-05,Misc Payment,711.12,Expense,Other,UPI,Donation,
0c0ae905-cf3c-48e9-ad6f-d62250fec233,2026-05-05,Zomato Payment,566.97,Expense,Food,Credit Card,Starbucks,
973d76ed-a76e-4b48-9ee6-c07ba2f3d67a,2026-05-06,Flight Payment,339.0,Expense,Travel,Credit Card,Metro,
084c2824-f815-4898-a994-c30914ca837c,2026-05-06,Flipkart Payment,8531.48,Expense,Shopping,Debit Card,Amazon,
ddca895d-2c5e-436d-8c08-016523a0f779,2026-05-06,Local Store Payment,6498.1,Expense,Shopping,Cash,Amazon,
8e547d41-79da-492c-8d4b-f8293e2a1d65,2026-05-06,PVR Payment,1664.92,Expense,Entertainment,Debit Card,Gaming,
6a8eb326-37e7-40b1-9c56-0372dccd9b7a,2026-05-06,Domino's Payment,1988.42,Expense,Food,Credit Card,Swiggy,
5ab52ca0-2afc-4172-a835-08e0fff706e5,2026-05-06,Zomato Payment,1798.15,Expense,Food,Debit Card,Domino's,
c7536b65-b4b8-4a83-be8e-6e176fbb2f66,2026-05-06,Gas Payment,1805.97,Expense,Bills,UPI,Airtel,
bf904833-2767-4581-a4c9-4e002513f92d,2026-05-06,Local Store Payment,4923.35,Expense,Shopping,Credit Card,Local Store,
c5f2abf2-ebb0-4d9b-9059-b54ca620ef4e,2026-05-06,PVR Payment,1230.67,Expense,Entertainment,Cash,Event,
191a7864-96db-403b-89c4-66133d363565,2026-05-07,Gift Payment,212.77,Expense,Other,UPI,Donation,
1eb582f1-d3ba-44bf-9d63-388093187f43,2026-05-07,Zomato Payment,836.82,Expense,Food,Credit Card,Domino's,
d6d974aa-1859-4cba-8812-da3da7ca3df9,2026-05-07,Starbucks Payment,231.39,Expense,Food,UPI,Zomato,
e042ad3f-1791-4fb2-a70a-a6dccc2893d3,2026-05-07,Swiggy Payment,754.27,Expense,Food,Credit Card,Domino's,
ba04bced-3d73-4429-ad51-37853901d92b,2026-05-07,Flipkart Payment,7538.73,Expense,Shopping,Debit Card,Amazon,
4f8c0113-cfa0-4b08-a63f-e6566aa9f88f,2026-05-07,Reliance Mart Payment,8399.95,Expense,Shopping,UPI,Local Store,
48809442-fa40-4de5-8649-f15ccba024f8,2026-05-07,Myntra Payment,809.77,Expense,Shopping,UPI,Reliance Mart,
5bef907e-c5e7-42c1-b858-9b06891dd10c,2026-05-07,Starbucks Payment,982.82,Expense,Food,Debit Card,Domino's,
fc8511a7-9a9b-4322-a3e5-5d0aab527af3,2026-05-08,Gift Payment,443.34,Expense,Other,Credit Card,Misc,
0444379f-d30e-4c76-b8c3-38e97a977c70,2026-05-08,Domino's Payment,574.11,Expense,Food,Credit Card,Zomato,
89cf7261-3dab-4353-bab9-70ea6f636fd6,2026-05-08,Starbucks Payment,414.16,Expense,Food,Credit Card,Domino's,
46586977-6472-42f1-bccc-e07fc1174296,2026-05-08,Donation Payment,601.85,Expense,Other,Credit Card,Gift,
8fe4b103-9de1-435a-ac79-ce78c5eb0591,2026-05-08,Starbucks Payment,1344.28,Expense,Food,Credit Card,Starbucks,
ebb81b85-4c92-4091-921a-95656749fed1,2026-05-08,Local Cafe Payment,894.6,Expense,Food,Debit Card,Domino's,
6dd79dc1-d7bb-4957-b54b-854ee18158b7,2026-05-09,Flight Payment,439.99,Expense,Travel,UPI,Uber,
38f07e3a-ca40-42d0-98ba-4029b180cf14,2026-05-09,Starbucks Payment,1583.75,Expense,Food,Cash,Starbucks,
1ab6005a-8433-42e1-8f7a-aabe091e9f79,2026-05-09,Electricity Payment,4082.71,Expense,Bills,UPI,Jio,
257f0c0d-0a11-4cc2-bdc1-bee553eadbff,2026-05-09,Swiggy Payment,1120.52,Expense,Food,Debit Card,Zomato,
35d613e6-288c-4288-b559-b83527af54f7,2026-05-09,Gift Payment,591.8,Expense,Other,Credit Card,Misc,
fb8cd8b8-e98f-4f07-9c0d-d9024cbf78fe,2026-05-09,Domino's Payment,194.89,Expense,Food,Cash,Local Cafe,
e0821a18-6c54-41af-9354-0fb3e1b9f5b1,2026-05-09,Event Payment,2067.39,Expense,Entertainment,Cash,PVR,
c5f0a305-629f-45f6-a91c-ab4090beebc0,2026-05-10,Water Payment,4655.58,Expense,Bills,Cash,Electricity,
a4774b47-957f-47f8-a04a-3f502ec96cdc,2026-05-10,Metro Payment,88.96,Expense,Travel,UPI,IRCTC,
81a2f93d-5608-42df-a7d5-848fc3647f84,2026-05-10,Ola Payment,152.3,Expense,Travel,Credit Card,Flight,
e9b459f6-298d-4bda-9965-2b5e6f570f5e,2026-05-10,PVR Payment,2159.57,Expense,Entertainment,Cash,Event,
de1ec0ff-3758-4fb4-ab6e-662d150ccdd4,2026-05-10,Reliance Mart Payment,2353.72,Expense,Shopping,Cash,Local Store,
acf90996-6380-4c8d-aa39-f0e955d45416,2026-05-10,Myntra Payment,2973.24,Expense,Shopping,Cash,Flipkart,
21a31c8a-f087-4254-9e7c-ace342e8268c,2026-05-11,Jio Payment,2613.71,Expense,Bills,UPI,Water,
66c7b260-a1c4-4dac-8e90-37e70362a4e7,2026-05-11,Local Store Payment,4092.29,Expense,Shopping,Debit Card,Local Store,
147758ca-e047-43ab-b3bb-b5016fc5aaf7,2026-05-11,Misc Payment,434.07,Expense,Other,Debit Card,Donation,
3720789a-d560-454b-a673-9cec9b76ef06,2026-05-11,Local Cafe Payment,1346.25,Expense,Food,Cash,Zomato,
a6947e1f-74f2-4ae6-9b14-57bcf4b62b48,2026-05-11,Swiggy Payment,1344.87,Expense,Food,UPI,Starbucks,
b8d5fa8d-3f24-4ba2-98a2-aa6315d64ed6,2026-05-11,Water Payment,4159.95,Expense,Bills,UPI,Airtel,
63650d28-a140-4090-976f-4df0b3317ad9,2026-05-11,Gift Payment,128.08,Expense,Other,UPI,Gift,
94b70fa6-f443-48d6-a375-7114c26989a4,2026-05-11,Donation Payment,996.05,Expense,Other,Cash,Misc,
5c11c2e4-ed59-4a73-83aa-f78508a5445a,2026-05-12,Flipkart Payment,17526.57,Expense,Shopping,Credit Card,Amazon,
d74163d6-ca20-472a-879f-faa1187cf6f6,2026-05-12,Metro Payment,909.84,Expense,Travel,Debit Card,Metro,
5656fec9-98c7-4842-805a-77ef7b7fa02e,2026-05-12,Swiggy Payment,511.24,Expense,Food,Credit Card,Starbucks,
73e71e53-db49-4dc1-85ba-4dbbeabea661,2026-05-12,Misc Payment,297.2,Expense,Other,Cash,Donation,
ab020265-23b1-433e-8e80-8f193eddf9fd,2026-05-12,Zomato Payment,802.22,Expense,Food,Debit Card,Swiggy,
4b81a9e8-318f-4e9f-abc8-07cee062319f,2026-05-13,Metro Payment,191.17,Expense,Travel,Credit Card,Ola,
225f84e7-ec8a-4d0a-a2e1-2babaa97295b,2026-05-13,PharmEasy Payment,1369.13,Expense,Healthcare,UPI,PharmEasy,
40fc4aca-f0bc-4154-ab12-724c71f6058c,2026-05-13,Flipkart Payment,6767.83,Expense,Shopping,Cash,Myntra,
cd65af69-6ab0-4b1d-88ec-009eb9fde14c,2026-05-13,Flight Payment,292.72,Expense,Travel,Cash,Ola,
f238b61f-c06a-432a-9317-d2ea056cd973,2026-05-13,Zomato Payment,1096.33,Expense,Food,Debit Card,Starbucks,
09c3ca3e-a2ab-4502-bcfb-103b3fd14699,2026-05-13,Electricity Payment,3354.68,Expense,Bills,UPI,Gas,
e78d3976-c3f7-4053-9ca0-be54460da968,2026-05-14,Donation Payment,370.87,Expense,Other,Debit Card,Gift,
f59c86b0-0cba-4f5a-974f-c8b38c6f0fa0,2026-05-14,Misc Payment,992.85,Expense,Other,Credit Card,Donation,
fba84911-ee1e-4f18-a3db-b51cadd483a4,2026-05-14,IRCTC Payment,734.36,Expense,Travel,Debit Card,Metro,
a53170bd-bf4f-4e49-866c-a0ddfdfab52d,2026-05-14,Reliance Mart Payment,6649.03,Expense,Shopping,Cash,Flipkart,
5b5fc46e-47d7-493c-85ff-abb04c6c3c84,2026-05-14,Misc Payment,57.54,Expense,Other,Debit Card,Gift,
31fa9a9b-7744-4ba2-9595-19cbaf6a9652,2026-05-14,Starbucks Payment,1209.09,Expense,Food,UPI,Zomato,
602e5557-c408-4eda-abf9-ebeef2862535,2026-05-14,Metro Payment,589.76,Expense,Travel,UPI,Uber,
9a7af507-c714-4014-af20-820c591764fe,2026-05-15,Swiggy Payment,269.22,Expense,Food,UPI,Starbucks,
a4609c9d-4226-4c01-a825-ed19a0d07d20,2026-05-15,IRCTC Payment,112.88,Expense,Travel,Credit Card,Metro,
aec2ecbf-5a4f-462b-9375-fe61faa6810d,2026-05-15,Flipkart Payment,1682.24,Expense,Shopping,UPI,Myntra,
ac75b207-6e5e-4b8c-b807-42bb8b941a73,2026-05-15,Myntra Payment,3460.35,Expense,Shopping,UPI,Myntra,
1a32fd4c-9d76-4e8c-92db-0f8e5279df1f,2026-05-15,Flight Payment,213.92,Expense,Travel,Credit Card,Metro,
d38f691d-f9dc-479d-9a46-b38dc090af93,2026-05-15,Local Store Payment,7023.64,Expense,Shopping,Credit Card,Reliance Mart,
5e9947db-1dbd-4c02-8404-9bc49399fbb0,2026-05-15,Zomato Payment,1994.71,Expense,Food,Cash,Domino's,
8d7952ef-2818-4bb5-98d5-3614fdfb429a,2026-05-15,Zomato Payment,161.81,Expense,Food,UPI,Domino's,
59afb860-8e9d-4cc7-a895-ee08bf71c15b,2026-05-15,Airtel Payment,3232.83,Expense,Bills,Debit Card,Electricity,
9003d012-f135-4412-9179-ef3ab2176ef2,2026-05-15,Water Payment,1082.06,Expense,Bills,Credit Card,Jio,
68988a60-8540-4951-9669-f3522b58b21f,2026-05-15,PVR Payment,2180.68,Expense,Entertainment,UPI,PVR,
b20db08d-46ca-4bbf-ab9d-61a348f7f369,2026-05-15,Ola Payment,826.07,Expense,Travel,Credit Card,Flight,
c3b6a47e-192a-4db8-8ada-0f23cdd7cb32,2026-05-16,Dentist Payment,3327.44,Expense,Healthcare,Cash,Apollo,
a5b3cb67-5a41-4f67-86be-645cb97d80f3,2026-05-16,Amazon Payment,9570.65,Expense,Shopping,Cash,Reliance Mart,
adb06d43-5d91-46a7-8581-3e96288d8d24,2026-05-16,Electricity Payment,18244.88,Expense,Bills,UPI,Airtel,
955dae82-cfd2-45d7-860d-6ec556cc04e2,2026-05-16,Uber Payment,773.01,Expense,Travel,Debit Card,Metro,
feac1128-d39e-4d12-a5b8-4d1a8989094e,2026-05-16,Starbucks Payment,1152.53,Expense,Food,Cash,Zomato,
be6c20be-730e-4190-bf74-baee2e6c0f3a,2026-05-16,Local Clinic Payment,4439.2,Expense,Healthcare,Credit Card,Apollo,
0adee49d-3e16-4c5c-9274-95b99e9f5118,2026-05-16,Spotify Payment,2207.05,Expense,Entertainment,Credit Card,Event,
a0f2f316-90c2-4a9e-90b1-0a0007d19b1e,2026-05-16,Gift Payment,72.64,Expense,Other,Credit Card,Donation,
d3ec0d88-8380-403f-b4ec-37b725062ae9,2026-05-16,Netflix Payment,2687.34,Expense,Entertainment,UPI,PVR,
e05c94df-c03f-44ae-929d-bbf973bbc1ee,2026-05-16,Local Cafe Payment,1989.45,Expense,Food,Cash,Zomato,
1a523568-8107-4d23-b6c6-2a4e9b831017,2026-05-16,Swiggy Payment,1433.82,Expense,Food,Credit Card,Starbucks,
690fe786-d3f9-4142-b642-8d6de5fa7be8,2026-05-16,Starbucks Payment,2522.48,Expense,Food,UPI,Local Cafe,
6e801700-a1e0-428e-9857-bb60e9becda2,2026-05-17,Netflix Payment,1283.33,Expense,Entertainment,Cash,Netflix,
37926d5f-402c-4089-909a-d1e4231415d3,2026-05-17,Gaming Payment,593.25,Expense,Entertainment,UPI,Spotify,
70387471-1f12-4eda-b742-86b6f843e3b6,2026-05-17,Metro Payment,419.63,Expense,Travel,Cash,Metro,
3949fa0e-0d5f-45b4-b268-5e68981f6100,2026-05-17,Uber Payment,644.2,Expense,Travel,Credit Card,Flight,
3696bbd9-832d-470b-83c4-33136f4badcb,2026-05-17,Netflix Payment,343.22,Expense,Entertainment,UPI,Gaming,
9887637f-e3f8-4789-b432-50b3dd09f6f7,2026-05-18,Gift Payment,564.74,Expense,Other,Credit Card,Donation,
e398ab92-2f77-42fb-ae30-15b69c847e25,2026-05-18,Local Store Payment,8248.18,Expense,Shopping,Credit Card,Myntra,
b8c3d141-9549-43aa-b363-709ecc6c069b,2026-05-18,Jio Payment,3856.88,Expense,Bills,Debit Card,Jio,
9f2d90f9-ca24-4e35-a2ee-c634d53142f5,2026-05-19,Flipkart Payment,7815.86,Expense,Shopping,Debit Card,Reliance Mart,
a8e24077-1fd9-47c2-ab20-abb942266dac,2026-05-19,Flight Payment,778.13,Expense,Travel,Credit Card,Flight,
1ea7e1ec-6a3f-4e96-842b-5b9ca1d26225,2026-05-19,Domino's Payment,2217.87,Expense,Food,Credit Card,Swiggy,
434b3858-1e60-4c3e-81d0-4be72f15a4ec,2026-05-19,Water Payment,2765.13,Expense,Bills,UPI,Airtel,
d61e5f03-86a7-474b-91d6-18ab4e668a56,2026-05-19,Reliance Mart Payment,665.69,Expense,Shopping,Debit Card,Local Store,
e49ef3f9-8aaf-48c6-8a44-7166cff78675,2026-05-19,Spotify Payment,683.62,Expense,Entertainment,Debit Card,Netflix,
7380f70e-aacf-465a-9023-dd2899fc29cd,2026-05-19,Ola Payment,395.5,Expense,Travel,Credit Card,IRCTC,
b8746a02-d02f-4e06-ab6c-16bb71813b43,2026-05-19,IRCTC Payment,268.96,Expense,Travel,Debit Card,Ola,
fd5468a6-cbb4-4148-98a3-3e3bb698f959,2026-05-19,Domino's Payment,102.97,Expense,Food,Credit Card,Swiggy,
94296544-4d9e-47be-835f-8847e7315e36,2026-05-19,PVR Payment,469.92,Expense,Entertainment,Credit Card,PVR,
c64a7629-50f8-481d-906d-311be18f74a3,2026-05-19,Gift Payment,341.76,Expense,Other,Credit Card,Gift,
2a0e109a-4a42-4976-899f-9df766837728,2026-05-20,Gift Payment,767.2,Expense,Other,UPI,Gift,
7206ec7b-0896-498a-82e7-9e556befdd21,2026-05-20,Donation Payment,773.0,Expense,Other,Credit Card,Misc,
cd08a812-5aa5-4181-94b3-40545426eb6a,2026-05-20,Gas Payment,3703.74,Expense,Bills,UPI,Jio,
d5f13a4a-c0bb-4e84-997e-0d25aaeaf1b2,2026-05-20,Misc Payment,535.71,Expense,Other,UPI,Misc,
a23e4d31-b101-4d93-a4f1-b00b9b8248a4,2026-05-21,Gaming Payment,461.79,Expense,Entertainment,Debit Card,Gaming,
283c7daa-cfff-4315-b2a3-e58f1aebee3a,2026-05-21,Gift Payment,184.31,Expense,Other,Cash,Gift,
5a7ad0f5-7a0d-4007-84ee-bcd78b87b31d,2026-05-21,IRCTC Payment,479.31,Expense,Travel,UPI,Ola,
f73a82e1-b16c-461c-9dc9-291361eb8c2a,2026-05-21,Swiggy Payment,467.75,Expense,Food,UPI,Swiggy,
d3a78f41-aad7-49b7-a7b5-6a3649c38761,2026-05-21,Donation Payment,814.76,Expense,Other,Cash,Misc,
1766ceb7-fee3-4850-815c-632188a741e6,2026-05-21,Misc Payment,234.84,Expense,Other,Debit Card,Donation,
635dd979-ab31-46fb-ac9a-890e2da3d0c5,2026-05-21,Zomato Payment,1367.15,Expense,Food,Cash,Starbucks,
a6f66d5b-7149-4ab4-984b-7500d45ce53f,2026-05-22,Gift Payment,817.06,Expense,Other,Cash,Gift,
af68d489-fe91-4683-99b9-24f96a13abd8,2026-05-22,Domino's Payment,1729.53,Expense,Food,Debit Card,Zomato,
a5e468fc-f2be-47ce-a370-3a111cc80499,2026-05-22,Ola Payment,651.06,Expense,Travel,Credit Card,Metro,
6bda085f-e031-4cf5-a679-188634157132,2026-05-22,PVR Payment,1526.95,Expense,Entertainment,Cash,Spotify,
d1e64384-61d8-49c2-8e24-579a7f9e1b55,2026-05-22,Gaming Payment,684.64,Expense,Entertainment,UPI,Event,
ec63dfe5-6682-45c3-8074-ed150c96bcbd,2026-05-22,Flipkart Payment,1688.05,Expense,Shopping,Debit Card,Reliance Mart,
e7a54ae4-f6b2-4764-bd2c-320980c39bfc,2026-05-22,Gas Payment,2436.1,Expense,Bills,Credit Card,Electricity,
18b4772a-be30-4306-a096-adca955f5c1c,2026-05-22,Domino's Payment,1075.65,Expense,Food,Credit Card,Swiggy,
de2718f5-80cf-4527-9369-ba7a64ea5e88,2026-05-22,Local Store Payment,7041.7,Expense,Shopping,Credit Card,Local Store,
7ec5e31f-591c-4898-989f-228d25dd5868,2026-05-22,Domino's Payment,1376.1,Expense,Food,Credit Card,Swiggy,
781a1621-adc1-450d-b2f8-a1499989687d,2026-05-22,Misc Payment,98.16,Expense,Other,Cash,Misc,
2781f6f6-f59d-4d4e-bfad-de0ee1fd98c3,2026-05-22,Jio Payment,791.78,Expense,Bills,UPI,Water,
1fea398d-2d9f-4cf1-943b-5cb5fd783d55,2026-05-23,Gift Payment,992.7,Expense,Other,Cash,Gift,
4866986d-2573-4045-8212-76075c68c89e,2026-05-23,Donation Payment,882.31,Expense,Other,Cash,Donation,
ad4bacaa-80a7-45f5-8e11-2f3a2fc7344b,2026-05-23,Electricity Payment,1375.36,Expense,Bills,Debit Card,Jio,
87f0da48-5153-42ee-be67-607603c4cf1d,2026-05-23,Swiggy Payment,968.1,Expense,Food,Cash,Starbucks,
4bc02527-e9ff-4177-b6ed-dec4e333ef75,2026-05-23,Donation Payment,747.36,Expense,Other,Debit Card,Misc,
1a9b9c8f-102f-40e3-b06e-3695f4632480,2026-05-23,Zomato Payment,1036.15,Expense,Food,Credit Card,Zomato,
b5b434db-f0e5-4421-96c9-a3afe5a0aeb5,2026-05-23,Myntra Payment,3002.34,Expense,Shopping,UPI,Flipkart,
98e157ad-e1a9-4314-ae02-207d6932a464,2026-05-23,Zomato Payment,1609.01,Expense,Food,Debit Card,Domino's,
872ca53a-303b-42ad-ab61-afd917da3533,2026-05-24,Airtel Payment,1098.94,Expense,Bills,Cash,Jio,
071f7591-d6b5-4062-8d83-6c0ff14825c6,2026-05-24,Misc Payment,912.47,Expense,Other,Cash,Misc,
32960ce1-c9d3-4fe1-bec3-4df4765cb247,2026-05-24,Starbucks Payment,1414.39,Expense,Food,UPI,Local Cafe,
f7e26b78-6a4f-4193-ba8c-a6490932bfbd,2026-05-24,Zomato Payment,1895.55,Expense,Food,Cash,Starbucks,
d6e41681-b1b3-4468-921a-9d684e2c49f8,2026-05-24,Local Store Payment,8524.02,Expense,Shopping,Credit Card,Myntra,
258b77c3-7697-48e0-9160-7b2042cc15f1,2026-05-24,Misc Payment,447.19,Expense,Other,UPI,Gift,
eb052699-de1b-43eb-b473-102af3b75697,2026-05-24,Local Cafe Payment,1229.81,Expense,Food,UPI,Swiggy,
062da779-263b-46a6-a5a2-075dbfe8a03f,2026-05-24,Netflix Payment,225.57,Expense,Entertainment,Credit Card,Gaming,
7126af90-2221-4650-91ca-87bbcb23bbf0,2026-05-24,Myntra Payment,3510.92,Expense,Shopping,Credit Card,Myntra,
6c1c5a03-ca2d-4c67-aada-67194dda6224,2026-05-24,Swiggy Payment,1575.87,Expense,Food,UPI,Domino's,
eb744cba-6b5f-4cc6-a324-2fbd24f718f2,2026-05-24,Zomato Payment,441.79,Expense,Food,UPI,Local Cafe,
84e7f647-0f8f-4912-bde2-c8d815522e29,2026-05-24,Apollo Payment,2814.71,Expense,Healthcare,Cash,Dentist,
9ea15e5a-498f-4474-af3e-bed64ddc96db,2026-05-24,Ola Payment,758.82,Expense,Travel,UPI,Uber,
48d6f2db-5c01-49ed-b768-fdac6d9a69a1,2026-05-24,Gift Payment,75.45,Expense,Other,Cash,Misc,
c9b117c3-caf0-409c-894d-24ed103e51b8,2026-05-24,Starbucks Payment,1927.63,Expense,Food,UPI,Local Cafe,
9c0c205b-1120-4aca-a061-b966c69ed023,2026-05-24,Donation Payment,68.56,Expense,Other,Cash,Misc,
c320a23f-3c4e-4fe3-b21f-adb1fe5ca65b,2026-05-25,Domino's Payment,1182.19,Expense,Food,Credit Card,Starbucks,
b6ec5e71-271b-4518-86bf-b9d787f26f3c,2026-05-25,Uber Payment,954.76,Expense,Travel,Debit Card,IRCTC,
64a7baac-3c5f-4f1c-b830-ebc28b52ff03,2026-05-25,Swiggy Payment,221.36,Expense,Food,Cash,Domino's,
17993ed6-f907-44cb-bcdb-5d6e8bb80342,2026-05-25,Swiggy Payment,1003.22,Expense,Food,UPI,Starbucks,
2f0cf91e-f3da-4800-a7e7-ef80a7e966a6,2026-05-25,PharmEasy Payment,2957.3,Expense,Healthcare,Credit Card,PharmEasy,
477aa777-886a-4f15-a08d-9478b36bf0a5,2026-05-25,Swiggy Payment,224.15,Expense,Food,Credit Card,Zomato,
ca98360e-335e-4fb1-bb18-e66407da1f99,2026-05-25,Domino's Payment,415.3,Expense,Food,UPI,Starbucks,
0b02c0ef-74f5-40de-9d85-7ba6b5747862,2026-05-26,Donation Payment,674.74,Expense,Other,Credit Card,Misc,
e42d530b-3d9b-49d2-ab65-b57b214bf126,2026-05-26,Misc Payment,793.76,Expense,Other,UPI,Gift,
c0b72f5c-53b8-46aa-b9d8-65c441afa2aa,2026-05-26,Flight Payment,353.55,Expense,Travel,Credit Card,Uber,
58a2f46e-8deb-433e-8bfc-0f2e9cb761d8,2026-05-26,Water Payment,4228.47,Expense,Bills,Credit Card,Water,
8a5b1ab4-17e9-4fb4-825c-6e95eeb92fbe,2026-05-26,Uber Payment,761.63,Expense,Travel,Cash,Uber,
b7555392-fd57-4673-8cec-bd38cc85c44e,2026-05-26,Swiggy Payment,411.97,Expense,Food,Credit Card,Domino's,
bb133f95-789b-48da-96ca-f2a82f670ddb,2026-05-26,Ola Payment,580.52,Expense,Travel,Debit Card,Uber,
ecb63d4d-2986-4e5e-b84a-e2f7ce4e522d,2026-05-26,Starbucks Payment,1447.38,Expense,Food,UPI,Starbucks,
44073316-1ffa-4a94-b610-da1d8a2846f6,2026-05-26,Amazon Payment,5763.98,Expense,Shopping,Credit Card,Myntra,
a316a22d-ba66-4412-80ec-d5150881cc18,2026-05-27,Electricity Payment,3938.44,Expense,Bills,UPI,Electricity,
dfc5ea10-5bde-4927-b6b4-6c1d4b6d4a27,2026-05-27,Jio Payment,1917.06,Expense,Bills,Cash,Airtel,
0c478521-784c-4563-b06a-7f68a149d095,2026-05-27,Jio Payment,3555.15,Expense,Bills,Credit Card,Airtel,
425ae9b4-816c-4f09-b5dd-bffe0eb31bbb,2026-05-27,Donation Payment,947.51,Expense,Other,Debit Card,Misc,
c8d4dc21-2e30-430b-b980-c5607db70aa7,2026-05-27,Gift Payment,545.0,Expense,Other,UPI,Misc,
9b152dd2-c24e-4b13-a39d-30db64758883,2026-05-27,Swiggy Payment,296.77,Expense,Food,Credit Card,Starbucks,
f4f57b1a-a848-4d9d-8b3f-5c253f532f8c,2026-05-28,Ola Payment,201.82,Expense,Travel,Cash,IRCTC,
f82c9d1a-1934-4d73-aa32-9ec9005469bd,2026-05-28,Flipkart Payment,1590.21,Expense,Shopping,Cash,Reliance Mart,
e314b319-12df-41fb-a966-4841b37a0202,2026-05-28,Dentist Payment,1377.38,Expense,Healthcare,UPI,Local Clinic,
e44bcf72-badf-420c-afe7-7af440004472,2026-05-28,Netflix Payment,533.33,Expense,Entertainment,Credit Card,PVR,
5bbd448a-fde7-46fe-abb4-db3b45599aad,2026-05-28,Local Cafe Payment,1707.14,Expense,Food,Debit Card,Zomato,
c7d3860e-5d99-48f8-85a5-88e6e06bb46c,2026-05-28,PVR Payment,890.63,Expense,Entertainment,Credit Card,Event,
539451fa-56ad-49c4-8b8d-82345ef8285a,2026-05-29,Zomato Payment,1009.14,Expense,Food,Credit Card,Local Cafe,
225ab6d5-ba13-4773-be77-31d53d39dc9d,2026-05-29,Gaming Payment,901.93,Expense,Entertainment,Debit Card,Spotify,
f9e5664b-ceca-4988-b6c1-f5f7018b0625,2026-05-29,Starbucks Payment,1936.79,Expense,Food,Cash,Domino's,
c9a91021-3b29-49ab-b426-989a4eb23038,2026-05-29,Ola Payment,858.37,Expense,Travel,UPI,IRCTC,
9b8751a3-72c2-4809-8dec-bc99e173eaa4,2026-05-29,Donation Payment,851.9,Expense,Other,Cash,Misc,
b27b2521-dd15-415d-9ba6-cb383971565c,2026-05-29,Netflix Payment,233.1,Expense,Entertainment,Debit Card,Spotify,
5c7b91a6-b9c2-4d4a-bdd3-9c9bb3dd28b1,2026-05-30,Water Payment,1921.12,Expense,Bills,Credit Card,Water,
d8a08c4b-9c62-4771-8e7f-660478b1f9ab,2026-05-30,IRCTC Payment,639.95,Expense,Travel,Debit Card,Metro,
5ff89784-e04a-44ef-b6f4-7c7775b0a134,2026-05-30,Myntra Payment,7918.3,Expense,Shopping,Credit Card,Local Store,
6f9e4aa8-8239-4279-abef-0eeb6325e456,2026-05-30,Gift Payment,738.94,Expense,Other,Debit Card,Gift,
33f34b09-fa1f-41e4-bc8b-dd770d6bf150,2026-05-30,Swiggy Payment,229.39,Expense,Food,UPI,Domino's,
e60cbdd9-dd33-4a4b-81e4-9fb6d39f4d10,2026-05-30,Donation Payment,356.62,Expense,Other,Debit Card,Gift,
34716b33-b265-4008-ba2e-71f494e5ce7e,2026-05-30,Starbucks Payment,1039.5,Expense,Food,Cash,Starbucks,
d47a9d5c-b908-49be-b41f-476973aa5cbf,2026-05-31,Flipkart Payment,1983.02,Expense,Shopping,Credit Card,Myntra,
9c61388a-d9ac-4fd6-8bc7-ecd3620873a8,2026-05-31,Flight Payment,667.15,Expense,Travel,Credit Card,Uber,
645c575b-0eee-421a-8784-8ce3bbb6872f,2026-05-31,Myntra Payment,6151.6,Expense,Shopping,Cash,Amazon,
c4cfc3b9-396a-4630-8b7f-0aad43d98b57,2026-05-31,Swiggy Payment,688.56,Expense,Food,UPI,Starbucks,
9373a270-adc3-4bf6-8f80-547f06bae15f,2026-06-01,Netflix Payment,2630.35,Expense,Entertainment,Cash,Spotify,
b9a33a62-fb23-469c-abd2-3c169adb7d3b,2026-06-01,Netflix Payment,1495.75,Expense,Entertainment,Debit Card,Gaming,
374255bc-aa33-4d5e-ae32-6eb80c0874a8,2026-06-01,Metro Payment,262.25,Expense,Travel,Credit Card,Metro,
8285a17b-93c1-420d-aebc-af5c820462bb,2026-06-01,Starbucks Payment,733.7,Expense,Food,UPI,Starbucks,
b0d53a1b-17ba-49da-9c00-d8bd3b70a55c,2026-06-01,Swiggy Payment,861.8,Expense,Food,Credit Card,Zomato,
530ae42c-c8a4-4983-95f5-4c71ee4b2e50,2026-06-01,Monthly Salary,66116.39,Income,Salary,Bank Transfer,Employer,Regular Income
1204bd0b-773b-4ee8-8bc5-821ec5366c65,2026-06-01,Local Store Payment,7596.63,Expense,Shopping,Debit Card,Flipkart,
687065ef-f3f4-4f26-9d27-c69f86dd1cd0,2026-06-02,Local Cafe Payment,1659.43,Expense,Food,Debit Card,Starbucks,
76b0530f-cbb5-4e0f-897a-82e0ee3d9dc8,2026-06-02,Amazon Payment,3495.59,Expense,Shopping,Cash,Flipkart,
45cfa8c1-347f-4865-b74f-3cfd73c4bdba,2026-06-02,Local Store Payment,1699.74,Expense,Shopping,Cash,Amazon,
2e5ca133-a4bb-4652-8e6f-bed75498d2ea,2026-06-02,IRCTC Payment,578.77,Expense,Travel,UPI,IRCTC,
4063d97f-31d7-475b-80af-6ef437df9604,2026-06-02,PVR Payment,683.4,Expense,Entertainment,Debit Card,Spotify,
f78f4e23-b4f3-4a98-8ed9-b5b3b403d377,2026-06-02,Starbucks Payment,755.4,Expense,Food,Debit Card,Swiggy,
2d33b213-c0e9-4429-9056-6bba1171c77f,2026-06-02,Event Payment,1848.79,Expense,Entertainment,Cash,Netflix,
89078376-228a-4b45-b575-3d6ff4e3da77,2026-06-03,Domino's Payment,1987.89,Expense,Food,UPI,Local Cafe,
e3eb4235-31d0-4f5d-acb4-a56d8f1dfb37,2026-06-03,Myntra Payment,8316.59,Expense,Shopping,Cash,Reliance Mart,
cd005834-fa37-4daf-a9f6-a962703c1ddd,2026-06-03,Swiggy Payment,1468.54,Expense,Food,UPI,Local Cafe,
1818ab12-ede7-4776-a0ea-ffdb341755a6,2026-06-03,Uber Payment,769.68,Expense,Travel,UPI,Ola,
69c8977a-1f34-4e90-a834-2d3c0eba2d6b,2026-06-04,Gift Payment,548.55,Expense,Other,Cash,Misc,
b2f2289e-1414-47bc-b0b5-5a1f65476bb4,2026-06-04,Myntra Payment,5270.38,Expense,Shopping,Cash,Local Store,
1364939a-5446-4f7c-8b6c-9d01ce4b02d5,2026-06-04,Local Clinic Payment,3285.98,Expense,Healthcare,UPI,Apollo,
819ba22f-21ba-4a39-9606-54766eaee155,2026-06-05,Metro Payment,944.66,Expense,Travel,Credit Card,Uber,
f0ae5f68-a217-48e3-bdcd-bc59211bd2de,2026-06-05,Donation Payment,147.75,Expense,Other,Credit Card,Misc,
3d618840-438a-46b2-aba5-a73c1a476586,2026-06-05,Misc Payment,100.32,Expense,Other,UPI,Gift,
fd149b27-0d6b-4883-b978-7ee62d60de12,2026-06-05,Jio Payment,3465.45,Expense,Bills,UPI,Jio,
64c8c8ad-664a-4112-974d-2df1a6d4c11b,2026-06-05,Gift Payment,973.78,Expense,Other,Debit Card,Gift,
6ebae574-32af-4513-9194-b9023e4bb342,2026-06-05,Local Clinic Payment,3894.98,Expense,Healthcare,Cash,Apollo,
4eb44f56-092b-4598-9047-7f4527a0f89a,2026-06-05,Apollo Payment,3514.49,Expense,Healthcare,UPI,PharmEasy,
ae28e6c5-efb5-46d7-b428-52782875c630,2026-06-05,Zomato Payment,159.86,Expense,Food,Credit Card,Zomato,
0bb5fa37-5c25-4113-900f-37ab334c5fd3,2026-06-05,IRCTC Payment,186.87,Expense,Travel,UPI,Ola,
37161ccb-abaf-402b-92fb-639b21c79f6c,2026-06-05,Event Payment,787.65,Expense,Entertainment,Cash,Gaming,
155e95e6-44d8-4b97-9cfd-8e5c9dc454c9,2026-06-06,Donation Payment,315.0,Expense,Other,Cash,Misc,
1688f069-ce7c-4cc6-9eb3-803e020c37de,2026-06-06,Zomato Payment,1289.05,Expense,Food,UPI,Swiggy,
0ebdf9d0-313a-494f-8fef-a3eb46c4fa32,2026-06-06,Myntra Payment,3657.0,Expense,Shopping,Cash,Local Store,
88f92700-474d-4fc6-8efd-a8d99609c5e0,2026-06-06,Uber Payment,105.03,Expense,Travel,Credit Card,Metro,
f8f34b05-90df-4501-a72f-4d3da1b3aeb9,2026-06-06,Domino's Payment,1125.29,Expense,Food,Cash,Zomato,
43658100-1091-4868-a7d7-58ca0041560f,2026-06-06,Domino's Payment,1689.02,Expense,Food,Debit Card,Swiggy,
323c1b7a-b63f-432c-a5c2-a44fdbe63a52,2026-06-06,Local Cafe Payment,1868.42,Expense,Food,UPI,Zomato,
97c338b6-055a-46e9-955e-29d9f960ee81,2026-06-06,Netflix Payment,583.3,Expense,Entertainment,UPI,Gaming,
ef5f3f6c-9b4c-44d1-9470-429421744604,2026-06-07,Local Cafe Payment,1256.81,Expense,Food,Cash,Domino's,
4672a5a8-0332-4caf-a6d4-af232f1be631,2026-06-07,Event Payment,567.38,Expense,Entertainment,Credit Card,Netflix,
29b37ee4-e523-4f11-93e0-aacb55dab5ae,2026-06-07,Swiggy Payment,210.6,Expense,Food,Credit Card,Swiggy,
72cf6a50-d66b-4aa5-908d-8edfa6b016d8,2026-06-07,Gas Payment,1487.51,Expense,Bills,Credit Card,Water,
b3f24e06-17e8-4cbd-a13e-aafb7d1c8e79,2026-06-07,Metro Payment,248.03,Expense,Travel,UPI,Metro,
f822b566-9f50-4237-bed1-e95e91048f27,2026-06-07,Reliance Mart Payment,6843.64,Expense,Shopping,Debit Card,Reliance Mart,
16ed4342-e9f1-4eb8-951b-1541879fa73a,2026-06-08,Netflix Payment,1159.48,Expense,Entertainment,Credit Card,Gaming,
d1ce6854-4aab-4062-8361-15145cf40180,2026-06-08,Local Cafe Payment,342.36,Expense,Food,Cash,Swiggy,
a3361007-072b-40f9-ad21-bbc6aa159d27,2026-06-08,Uber Payment,976.55,Expense,Travel,UPI,Uber,
b4d80e58-8161-4463-8f0e-ae5c304a295f,2026-06-08,PharmEasy Payment,3801.67,Expense,Healthcare,Debit Card,Dentist,
1b9e1ae2-cf3e-4842-92a4-e7dce797f185,2026-06-08,Ola Payment,694.8,Expense,Travel,Credit Card,Uber,
f0ba92fa-4b00-43e7-b7cf-44a021bc2590,2026-06-08,Ola Payment,478.34,Expense,Travel,Cash,Uber,
f4ffcd23-9634-43b0-a7d6-98e5a18eda46,2026-06-09,Amazon Payment,3510.21,Expense,Shopping,Cash,Local Store,
7b4350da-fde6-40df-bdf8-fbe948a1992d,2026-06-09,Gas Payment,4765.89,Expense,Bills,Cash,Gas,
2660654d-fbe0-4838-a161-23883c5af00d,2026-06-09,Myntra Payment,9869.95,Expense,Shopping,Credit Card,Flipkart,
85f03fde-0ea3-43d7-b0a1-52c45a49968e,2026-06-09,IRCTC Payment,428.88,Expense,Travel,Cash,Uber,
4a649072-a6a6-4f76-b8d3-75db88157ff8,2026-06-09,Flipkart Payment,9393.2,Expense,Shopping,Credit Card,Amazon,
268e791a-a44f-4654-ae3f-b5168aa1dd9e,2026-06-09,Event Payment,2674.72,Expense,Entertainment,Debit Card,Gaming,
ced09782-3b4b-41c5-95bf-8b69688a59ae,2026-06-09,Misc Payment,914.18,Expense,Other,UPI,Gift,
8a61096c-df8a-45e2-bb22-1d440714e2f2,2026-06-09,Starbucks Payment,1408.88,Expense,Food,Debit Card,Starbucks,
3d7b77f3-10a0-4e4c-b0c1-ffcdda60d51d,2026-06-09,Water Payment,3944.22,Expense,Bills,Debit Card,Electricity,
577ab395-dc99-49d3-a81b-463d99d4ca87,2026-06-10,Flight Payment,443.97,Expense,Travel,Credit Card,Flight,
d8a3177f-8b4e-4385-ba61-ab10d5db26c2,2026-06-10,Donation Payment,840.06,Expense,Other,Credit Card,Gift,
a4cb60a6-f3b8-4b8a-834c-ee2d678b0073,2026-06-10,Gas Payment,3947.24,Expense,Bills,Debit Card,Gas,
d49e3a02-23f5-4b4f-a8b0-5b34b0e3d199,2026-06-10,Donation Payment,819.65,Expense,Other,Cash,Donation,
55c0d09a-a0e6-4be4-b5c7-60b87a3a0ab2,2026-06-10,Airtel Payment,4625.83,Expense,Bills,UPI,Water,
ab782c2a-d5e3-4c77-9c46-44471a752ea6,2026-06-10,IRCTC Payment,738.87,Expense,Travel,UPI,Uber,
742acc48-c5f3-4669-8d16-0a10cb03bc93,2026-06-10,Ola Payment,703.14,Expense,Travel,Cash,Uber,
289d45e7-e244-4242-ba22-deca0cb4608e,2026-06-10,Zomato Payment,1689.07,Expense,Food,Cash,Swiggy,
cffa4234-d8d7-42e4-82cf-6d8d2aaede4f,2026-06-10,Local Clinic Payment,1293.03,Expense,Healthcare,Cash,Local Clinic,
65e8236f-bf95-4105-9709-31f44105c1f0,2026-06-10,Swiggy Payment,1084.79,Expense,Food,Credit Card,Zomato,
9688e304-bb19-46c7-b650-debe5fc11e1c,2026-06-11,Misc Payment,529.93,Expense,Other,UPI,Misc,
fc89b99d-5483-40fb-99d1-2688ddfd9a38,2026-06-11,Ola Payment,596.81,Expense,Travel,Cash,Flight,
e8be0c15-fb09-44ed-ab42-480b87c521dd,2026-06-11,Misc Payment,77.88,Expense,Other,Debit Card,Donation,
8193656f-b714-40ad-ad50-6362b7273aef,2026-06-11,Local Store Payment,5280.1,Expense,Shopping,Credit Card,Reliance Mart,
c7878d54-b8af-4840-aac8-bb6b4c5be63d,2026-06-12,Swiggy Payment,734.49,Expense,Food,Cash,Zomato,
bc022b9f-5ede-4547-89ac-429a519c9a0a,2026-06-12,Flight Payment,630.93,Expense,Travel,UPI,Flight,
b087ec91-bad8-47de-8c07-1c7f21e3077a,2026-06-12,Uber Payment,380.89,Expense,Travel,Debit Card,Ola,
7bbaa6b4-068b-4d80-a151-cf4195e1f3a3,2026-06-12,Donation Payment,805.8,Expense,Other,UPI,Donation,
e4ee727f-1c2f-4f42-8fd1-00ec3fbb7bf2,2026-06-12,Flight Payment,488.57,Expense,Travel,Debit Card,Metro,
e24e6a56-e49d-4fbf-9635-bf966397e6b8,2026-06-12,Netflix Payment,784.51,Expense,Entertainment,UPI,Gaming,
25986774-872d-4d73-99b1-d854bb7097fd,2026-06-12,Uber Payment,57.75,Expense,Travel,UPI,Ola,
69b306ee-cf4d-40f6-ad6b-cf9fcc121697,2026-06-12,Gas Payment,4898.16,Expense,Bills,Cash,Water,
66a42cc9-b331-4825-9fe0-aefca0879f23,2026-06-12,Jio Payment,3375.73,Expense,Bills,Cash,Electricity,
5f51da9f-9b25-4233-bd32-b8bff3d2cea2,2026-06-12,Gas Payment,4703.72,Expense,Bills,Credit Card,Airtel,
545bfcb1-234d-46b3-ac54-f21997d2f7f9,2026-06-13,Starbucks Payment,1653.19,Expense,Food,Credit Card,Swiggy,
f42711f8-0431-4336-8afc-dfff54ba0fb2,2026-06-13,Gift Payment,770.92,Expense,Other,Credit Card,Gift,
4ac58a51-5f8c-4338-83b7-32852e50aa91,2026-06-13,Myntra Payment,3900.2,Expense,Shopping,UPI,Amazon,
5a200785-3c9f-4ef1-b8f2-e5a70dd99e53,2026-06-13,Local Cafe Payment,1822.19,Expense,Food,UPI,Starbucks,
bc0856e1-eec4-4571-87d2-6eba3fc5aff7,2026-06-13,Domino's Payment,1952.89,Expense,Food,UPI,Zomato,
2124118a-4a59-41ba-b537-503a94ecd4a4,2026-06-14,Flipkart Payment,4901.99,Expense,Shopping,UPI,Local Store,
f9efe9a1-992f-4a2c-bb3b-2ba9a545f465,2026-06-14,Donation Payment,240.11,Expense,Other,Debit Card,Donation,
1b4941e3-e13f-48ac-aeb2-192783e31acc,2026-06-14,Starbucks Payment,1397.26,Expense,Food,Cash,Zomato,
e1b5af78-0ee3-4971-8f3f-bcf9ccf5bf0c,2026-06-14,Metro Payment,129.62,Expense,Travel,Cash,IRCTC,
aa603b6a-a7e2-4e83-8065-2e0fea7aea2b,2026-06-14,Gift Payment,856.19,Expense,Other,Debit Card,Misc,
4a30a49b-284a-4de0-9b8d-ab50887119f9,2026-06-14,Misc Payment,385.56,Expense,Other,Debit Card,Gift,
ea134b53-f9f6-4e54-b596-873b771d9de6,2026-06-14,Local Cafe Payment,486.79,Expense,Food,UPI,Swiggy,
a70d700c-8649-43b0-ab23-4f942448db5a,2026-06-14,Swiggy Payment,415.83,Expense,Food,UPI,Zomato,
20875cf1-cee8-41d0-894d-7754ae652753,2026-06-15,Apollo Payment,737.67,Expense,Healthcare,Credit Card,Dentist,
82d69a92-b816-43b4-b65c-f6ddc6f23e4b,2026-06-15,Gift Payment,256.91,Expense,Other,Cash,Gift,
b70fe0fb-6747-45e3-9b82-d6d1cce36c86,2026-06-15,Swiggy Payment,1128.98,Expense,Food,Debit Card,Zomato,
6e12f8c7-f3ca-4804-bb9a-4192da3c4abf,2026-06-15,Gas Payment,2967.6,Expense,Bills,Debit Card,Water,
7554e7bc-e61e-47fc-b411-b2f87b9b6b2c,2026-06-15,Swiggy Payment,1676.69,Expense,Food,Cash,Domino's,
e965cead-87f9-4381-8c84-1aa5be73821d,2026-06-15,Event Payment,589.24,Expense,Entertainment,Debit Card,PVR,
fd9a8a28-4f60-47ec-a40c-5e43f25965ef,2026-06-15,Electricity Payment,2471.49,Expense,Bills,Credit Card,Jio,
5168d292-61e7-4057-8f72-a2c50f29df5b,2026-06-15,Donation Payment,387.7,Expense,Other,Debit Card,Donation,
f4db527b-ff29-4765-af21-d59a5ddb9ccd,2026-06-15,Donation Payment,600.03,Expense,Other,Cash,Gift,
b7b06866-dfcb-4b86-8171-f0d0d2adc057,2026-06-16,Airtel Payment,1136.12,Expense,Bills,Debit Card,Jio,
cf90c191-cef5-4d3c-ad39-0a928c2e6bc2,2026-06-16,Apollo Payment,3482.18,Expense,Healthcare,Cash,Apollo,
4da55013-1315-4682-b7f2-cd713399484c,2026-06-16,Misc Payment,722.66,Expense,Other,Debit Card,Gift,
d06a53a0-17b4-486b-8823-c90f97808a70,2026-06-16,Gift Payment,744.94,Expense,Other,Debit Card,Misc,
698a2b6f-7e4d-4de2-806d-e9c46e7c5bb0,2026-06-16,Local Cafe Payment,772.44,Expense,Food,Cash,Swiggy,
6aef9756-17d5-4a83-94bb-39d0c4d28eb6,2026-06-16,Gift Payment,996.9,Expense,Other,UPI,Misc,
127efd7d-9aed-469f-8413-effa68a2dc1e,2026-06-16,Misc Payment,479.42,Expense,Other,Cash,Gift,
984a826a-e8f9-428e-8bfc-a59d18539ce6,2026-06-16,Domino's Payment,1803.4,Expense,Food,Cash,Zomato,
4cee505f-234d-4c75-82ee-00f45fffe597,2026-06-16,Gas Payment,4785.35,Expense,Bills,Debit Card,Electricity,
d5490df0-aac7-419e-bbd8-f5bb5d013bed,2026-06-16,Gift Payment,603.75,Expense,Other,Cash,Gift,
aafdb5e9-368b-4b27-ac3b-f4280bc79d57,2026-06-16,Gas Payment,920.8,Expense,Bills,Credit Card,Electricity,
d45ad6c9-45a3-4dd4-80a8-9641ff1f6f91,2026-06-16,Water Payment,1661.74,Expense,Bills,Credit Card,Jio,
e250055a-ae3c-4ad2-a4d7-ac7255b9918e,2026-06-16,Spotify Payment,1572.62,Expense,Entertainment,Cash,Spotify,
87c74f76-7ea9-4345-8b92-7c5f6342235a,2026-06-16,Local Clinic Payment,4216.04,Expense,Healthcare,Cash,Local Clinic,
59676d68-f5b9-4b94-a0c0-6e5b57b2f11d,2026-06-17,Jio Payment,1787.18,Expense,Bills,UPI,Gas,
24fb2351-001c-47cf-b7ed-990e842723fc,2026-06-17,Jio Payment,1062.23,Expense,Bills,UPI,Water,
2dc68115-c1fc-498b-8bf9-02076f18985c,2026-06-17,IRCTC Payment,953.05,Expense,Travel,Cash,Flight,
7d12aea8-bc07-49d5-a619-97e39f499b95,2026-06-17,Zomato Payment,1293.26,Expense,Food,Debit Card,Local Cafe,
40f95822-2b3f-4cbe-88dc-bb006cbde639,2026-06-17,Uber Payment,622.97,Expense,Travel,Credit Card,Ola,
07036927-43c7-42ff-903b-52922457deb2,2026-06-17,Myntra Payment,4221.98,Expense,Shopping,UPI,Flipkart,
31b16761-a2c4-48ce-997c-2e18a948ff02,2026-06-17,Netflix Payment,1520.69,Expense,Entertainment,Credit Card,Gaming,
b8ae6b81-d64c-4625-b90d-690d347c3edd,2026-06-17,Starbucks Payment,1147.4,Expense,Food,Credit Card,Swiggy,
a3b0524c-2e52-495e-bc7a-2070fc224a9a,2026-06-18,IRCTC Payment,159.94,Expense,Travel,Cash,Ola,
98b3d6b0-d5cc-4ace-8751-b2c436524967,2026-06-18,Amazon Payment,5222.77,Expense,Shopping,Cash,Amazon,
4fb53255-2ddf-437e-a3f5-76f4ea13f210,2026-06-18,Starbucks Payment,260.07,Expense,Food,Debit Card,Swiggy,
de3ad744-5375-408c-8341-d13b2b7d5b08,2026-06-18,Starbucks Payment,261.58,Expense,Food,Cash,Local Cafe,
5440abb7-7e96-4b77-9e90-ac298e0153a7,2026-06-19,Starbucks Payment,324.06,Expense,Food,Debit Card,Swiggy,
70bf0914-d8d8-4f59-b73d-4523890c48a8,2026-06-19,Myntra Payment,2814.09,Expense,Shopping,Cash,Local Store,
ac5ae938-f554-462a-87c2-911d69956341,2026-06-19,Local Clinic Payment,310.2,Expense,Healthcare,Credit Card,PharmEasy,
15efd038-333d-47b9-ab00-eff646944c8c,2026-06-19,Jio Payment,2125.0,Expense,Bills,Debit Card,Airtel,
c8ef006c-1ce0-40fc-87f3-e9af875d831f,2026-06-19,Domino's Payment,113.2,Expense,Food,Credit Card,Zomato,
c979c5f9-9888-48b3-9ff3-63a88ba0151c,2026-06-19,Ola Payment,986.0,Expense,Travel,Credit Card,Ola,
54301f66-85f3-45aa-8827-23230747ae80,2026-06-19,Flight Payment,829.63,Expense,Travel,Cash,IRCTC,
05ebe24f-927c-4cfc-bfa3-535051f6a390,2026-06-19,Donation Payment,280.54,Expense,Other,Debit Card,Donation,
60f75a81-0bfd-4d1a-a5fd-b56906966d27,2026-06-19,Spotify Payment,1188.39,Expense,Entertainment,Cash,PVR,
8b11b5c3-f7c0-4fd5-9867-e4449433fae6,2026-06-19,Amazon Payment,8649.34,Expense,Shopping,Debit Card,Local Store,
f0b93dc3-2807-4590-8b8f-00b0090c6657,2026-06-20,Swiggy Payment,445.01,Expense,Food,Credit Card,Starbucks,
09f702a7-c035-496d-b5a2-6d5c899557f2,2026-06-20,Misc Payment,915.93,Expense,Other,Cash,Gift,
c1381cdd-4103-4514-9227-6b0b918fa565,2026-06-20,Amazon Payment,9289.81,Expense,Shopping,UPI,Reliance Mart,
4bce77fe-793b-4a70-b961-910c1deded6e,2026-06-20,Donation Payment,921.09,Expense,Other,Credit Card,Gift,
fba82836-c077-405a-a9e6-5462c3b6e58b,2026-06-20,Starbucks Payment,863.71,Expense,Food,Debit Card,Swiggy,
9d873e6d-a2bb-41e0-ae88-efe6896e5851,2026-06-21,Gaming Payment,2856.53,Expense,Entertainment,UPI,Event,
ffc92a1a-2745-4522-a088-a4ac0ee4547f,2026-06-21,Local Cafe Payment,305.96,Expense,Food,UPI,Zomato,
d2e217fc-7e06-4cae-a7fb-0d8a179c4161,2026-06-21,Gift Payment,559.89,Expense,Other,UPI,Donation,
11140332-0d21-466d-83a7-d30497bea0fc,2026-06-21,Water Payment,4692.79,Expense,Bills,UPI,Water,
84a34e3b-089b-4a8a-90ba-ef96155fad99,2026-06-21,Zomato Payment,840.26,Expense,Food,UPI,Domino's,
8738ed37-b870-4607-be73-d878bf8af7a6,2026-06-21,Zomato Payment,1128.44,Expense,Food,Cash,Zomato,
c4ccf893-7cd6-4baa-a08f-a2dba193ff77,2026-06-21,PharmEasy Payment,2669.12,Expense,Healthcare,Credit Card,Local Clinic,
4d2e64f3-e956-4a90-b5f9-0a26dc0f139f,2026-06-22,Event Payment,526.14,Expense,Entertainment,Cash,Netflix,
7af7bca1-d69e-42d6-8dfc-aafeafc914d3,2026-06-23,Zomato Payment,669.83,Expense,Food,Credit Card,Local Cafe,
076c68b1-2c3c-41e3-840f-4e22f0eba777,2026-06-23,Uber Payment,831.38,Expense,Travel,Cash,Metro,
e0aa8da8-93bf-4e2f-ba40-9e0e4baac7d9,2026-06-23,Gaming Payment,1534.49,Expense,Entertainment,Debit Card,PVR,
28559f07-684a-41e5-86a4-e6566913469f,2026-06-23,Domino's Payment,1536.76,Expense,Food,Credit Card,Local Cafe,
98e05eec-b613-41d8-a69f-11a8b929eb9b,2026-06-23,Local Cafe Payment,390.22,Expense,Food,Cash,Starbucks,
4dc0c09b-8c6d-479a-a649-92027c80c7da,2026-06-23,Misc Payment,381.83,Expense,Other,UPI,Gift,
1bd2f50c-1605-41fe-b2ef-13cb18fd76c6,2026-06-23,Myntra Payment,9143.31,Expense,Shopping,Credit Card,Amazon,
9e255b9c-092d-4795-8d7b-19b8b05bad12,2026-06-23,Jio Payment,3686.34,Expense,Bills,Cash,Gas,
d0953c17-0eaa-40cb-9fc0-751faafb07e6,2026-06-23,Local Store Payment,9066.42,Expense,Shopping,Cash,Myntra,
935c004c-387a-4dcf-ba6e-83b57f064b29,2026-06-24,Misc Payment,70.02,Expense,Other,UPI,Gift,
1e07962d-d2ae-452d-ad72-25d98fb2ce83,2026-06-24,Amazon Payment,1393.26,Expense,Shopping,UPI,Myntra,
43ba427e-cf9d-4705-a5a5-946fdce49747,2026-06-24,Gift Payment,632.78,Expense,Other,Debit Card,Misc,
bf05e898-fa65-4bda-99d5-29a722d9fd9c,2026-06-24,Donation Payment,148.38,Expense,Other,Cash,Donation,
64f43750-d1b8-4335-b038-87d594ca1ace,2026-06-24,Water Payment,3173.1,Expense,Bills,Cash,Jio,
0b77c96b-44ba-4c8f-8dd1-10a6ae12bf76,2026-06-24,Local Cafe Payment,1091.77,Expense,Food,Cash,Starbucks,
aeb2c1a6-0349-4ba2-946d-cb5a4a8a6c56,2026-06-24,PVR Payment,2806.18,Expense,Entertainment,Credit Card,Gaming,
1d2b6b1e-d99c-4dbf-a32f-92e14aad5a03,2026-06-24,Spotify Payment,2419.34,Expense,Entertainment,Debit Card,Gaming,
bef437c5-17e4-4b67-b90c-6b08b03fe857,2026-06-24,Zomato Payment,1036.39,Expense,Food,UPI,Zomato,
196e913f-a9ed-4e6e-9c80-cede4cbd0148,2026-06-24,Reliance Mart Payment,6649.86,Expense,Shopping,Cash,Myntra,
cab051ed-e242-4b8e-bc70-3cd102fac2a2,2026-06-24,Swiggy Payment,1917.73,Expense,Food,Cash,Domino's,
b9c24a3b-cb46-4f13-a950-3e748f4984f3,2026-06-25,Domino's Payment,1246.14,Expense,Food,Credit Card,Zomato,
58b9cf1e-def4-41e3-aa3b-a34b1d23cd3e,2026-06-25,Domino's Payment,242.61,Expense,Food,Cash,Swiggy,
668fe38c-f41a-4e32-8f5b-1a38e87fb5ad,2026-06-25,Ola Payment,510.04,Expense,Travel,Debit Card,IRCTC,
6950a67f-ab2e-4710-a4f1-144d5775f584,2026-06-25,Gift Payment,119.24,Expense,Other,UPI,Misc,
7607d90e-f8e8-4de3-904a-3109816339fc,2026-06-25,Domino's Payment,619.75,Expense,Food,Debit Card,Zomato,
3ba7b44d-c58d-4a6c-8ca5-f6dbbfdef0f2,2026-06-25,Netflix Payment,2347.31,Expense,Entertainment,Credit Card,Spotify,
59f7d2e0-ff7c-4116-9137-b772def81501,2026-06-25,Misc Payment,229.62,Expense,Other,Debit Card,Misc,
2c7c0a7c-62a5-42b7-bfd8-1e7e65673d90,2026-06-25,IRCTC Payment,445.95,Expense,Travel,Cash,Metro,
563d1896-15b1-44b3-a441-9b8fbac0b3df,2026-06-26,IRCTC Payment,419.0,Expense,Travel,Debit Card,Ola,
2f8c4911-a997-4672-b16b-bb579c0878fc,2026-06-26,Gift Payment,456.18,Expense,Other,Cash,Gift,
3ec30edd-ddd4-4e6e-95de-36b4e76f57ac,2026-06-26,Local Cafe Payment,1419.74,Expense,Food,UPI,Zomato,
cc6cc2be-8a64-4b9f-a383-113cb199d4f3,2026-06-26,Misc Payment,937.19,Expense,Other,Cash,Donation,
5d253f3f-f718-49db-8be5-15083f2380f3,2026-06-26,Zomato Payment,389.28,Expense,Food,Cash,Local Cafe,
13c4f0f4-7fae-415e-958c-cfb8b4814e7b,2026-06-27,Starbucks Payment,808.26,Expense,Food,UPI,Swiggy,
3858a6eb-c406-48ef-b4b6-8134771f015d,2026-06-27,Domino's Payment,336.3,Expense,Food,Cash,Swiggy,
28c6681b-4457-4cc6-ba68-180361fbf6b5,2026-06-27,Local Cafe Payment,1549.69,Expense,Food,Debit Card,Starbucks,
ba683d6b-fde9-43d5-9b5c-5435eae506f4,2026-06-27,Local Cafe Payment,377.34,Expense,Food,Credit Card,Swiggy,
8e84dc8d-2c06-4fd8-8b1d-a4179564e7c1,2026-06-27,Gift Payment,526.54,Expense,Other,Debit Card,Donation,
950c8607-176b-4176-ab2b-0cabbaf27e94,2026-06-27,Airtel Payment,2906.03,Expense,Bills,UPI,Jio,
beefff7f-5619-45c1-bee1-60742e8e2ea0,2026-06-27,Donation Payment,963.83,Expense,Other,Cash,Misc,
ad114719-b47f-4f65-98cc-9064760c7058,2026-06-27,Domino's Payment,1261.63,Expense,Food,Cash,Starbucks,
d026ae26-c94c-4a6d-af62-17ab4a484b31,2026-06-28,Zomato Payment,1847.74,Expense,Food,UPI,Swiggy,
ab7fd5cf-5479-4ebc-a399-2606ec9b420a,2026-06-28,Starbucks Payment,1776.73,Expense,Food,UPI,Swiggy,
2c57e4ac-112f-4601-999e-cf295a05925d,2026-06-28,Ola Payment,347.67,Expense,Travel,UPI,IRCTC,
787265dc-7f6a-4adc-982f-b28696327d15,2026-06-28,Zomato Payment,1068.88,Expense,Food,UPI,Domino's,
2c8aa968-2896-4131-bdde-2d3258afb564,2026-06-28,Swiggy Payment,238.53,Expense,Food,Debit Card,Swiggy,
a42acf46-4a15-4b9a-91fc-c903b75a72fb,2026-06-29,Donation Payment,527.94,Expense,Other,Debit Card,Misc,
9bebaea3-7bfe-422b-9018-064cbc8f5d1f,2026-06-29,Flight Payment,372.86,Expense,Travel,Cash,Uber,
a6a7312e-1b40-48de-bcfe-bd22fa40e76a,2026-06-29,Amazon Payment,4414.3,Expense,Shopping,Credit Card,Local Store,
beb0b0c9-8557-49cb-a63d-807853577404,2026-06-29,Swiggy Payment,187.81,Expense,Food,Cash,Domino's,
78563d04-d51e-4913-afdb-27074e8725bd,2026-06-29,Jio Payment,3204.87,Expense,Bills,UPI,Airtel,
7b2c18b2-c47d-42f6-b6a5-cb0dd56e2be2,2026-06-29,Jio Payment,2847.67,Expense,Bills,Credit Card,Airtel,
035fca24-ac0a-49c3-9a7d-b2478d9958bb,2026-06-30,Local Cafe Payment,254.31,Expense,Food,UPI,Swiggy,
c96ad977-2177-4417-b97f-4e1bfb3f9af2,2026-06-30,Local Clinic Payment,2216.27,Expense,Healthcare,UPI,Apollo,
d6d38d9a-b0a1-45e3-8a10-ba21950a5096,2026-06-30,IRCTC Payment,183.34,Expense,Travel,Credit Card,Ola,
0e03012a-51a6-4b20-980d-6eb559b10387,2026-06-30,Local Store Payment,5117.96,Expense,Shopping,Credit Card,Amazon,
3268ac60-57f1-450e-9c7c-d92c75b8e673,2026-06-30,IRCTC Payment,360.07,Expense,Travel,Debit Card,IRCTC,
59db03d0-4f52-4e6b-9e49-347dc4707393,2026-06-30,Metro Payment,243.7,Expense,Travel,UPI,Ola,
3da52d11-a879-4e54-9a47-ae45b89e0e4b,2026-06-30,Local Cafe Payment,1216.03,Expense,Food,Debit Card,Local Cafe,
b5b5af9c-58ab-413e-abec-651e6fa2eda5,2026-06-30,Domino's Payment,663.91,Expense,Food,Cash,Domino's,
238038a2-0e0d-4b6a-b65a-ff2c23c9b8b1,2026-07-01,Local Clinic Payment,4837.7,Expense,Healthcare,Debit Card,PharmEasy,
70a0ca58-9e57-41c5-a585-1e950ae5a36f,2026-07-01,Gift Payment,445.7,Expense,Other,Debit Card,Misc,
63f7298d-9912-42e2-afe4-94656c39ba0f,2026-07-01,IRCTC Payment,277.58,Expense,Travel,Debit Card,Flight,
ab85a504-a336-495f-9b38-7ae4d4010413,2026-07-01,Local Cafe Payment,1025.87,Expense,Food,UPI,Starbucks,
418d56c2-c3f8-4a7b-b90e-6b5f48964962,2026-07-01,Monthly Salary,63962.79,Income,Salary,Bank Transfer,Employer,Regular Income
795b5a07-b33b-46dc-b97d-446154a4ffd1,2026-07-01,Zomato Payment,1425.22,Expense,Food,Debit Card,Local Cafe,
bd654314-b98c-40eb-960d-e29014a8bd64,2026-07-01,Airtel Payment,3269.46,Expense,Bills,Credit Card,Electricity,
fedd29e2-64ae-41a3-8aa7-f5f90f6e490d,2026-07-02,Spotify Payment,1773.54,Expense,Entertainment,Credit Card,Event,
79be6288-914a-4c7e-aa9f-56c9380e51d9,2026-07-02,Event Payment,1447.87,Expense,Entertainment,Credit Card,Netflix,
a051b912-3103-4b73-9750-2f1946361093,2026-07-02,Starbucks Payment,495.04,Expense,Food,Cash,Starbucks,
1c5271e8-4045-4e8b-b973-f9ce71a9fdb9,2026-07-02,PharmEasy Payment,3408.55,Expense,Healthcare,Cash,Apollo,
20a6eccb-69a4-4bf2-aea6-b9e792b9d2db,2026-07-02,Electricity Payment,3970.96,Expense,Bills,Cash,Jio,
0dc204be-7d2d-4950-9692-953c55cd4753,2026-07-02,Flight Payment,712.39,Expense,Travel,Credit Card,Uber,
a5079bfb-c1a9-41ed-b00d-a9d6ed9817c1,2026-07-02,Zomato Payment,1348.89,Expense,Food,Cash,Starbucks,
776c8cd3-cdc7-4edc-b8ef-cbb514e35485,2026-07-02,Ola Payment,60.06,Expense,Travel,Credit Card,Metro,
1f33daa0-d3f7-49c6-bf3e-4da3d14aaaf3,2026-07-02,Flight Payment,846.74,Expense,Travel,Cash,IRCTC,
d888f0aa-6bae-49e2-aef8-ada804acf031,2026-07-03,Flight Payment,660.57,Expense,Travel,Cash,Flight,
ed88692c-4712-4cfe-bead-2f139f814f46,2026-07-03,Local Clinic Payment,3231.38,Expense,Healthcare,Debit Card,Apollo,
65de6904-97d1-4ff0-b479-57ed11a5496d,2026-07-03,Misc Payment,729.86,Expense,Other,Debit Card,Misc,
99676247-4a2a-4c03-9cd2-1451ca334f3a,2026-07-03,Myntra Payment,7766.59,Expense,Shopping,Debit Card,Local Store,
8a5cf32d-158d-42e6-901c-03ea5fccbfa5,2026-07-03,Event Payment,2383.76,Expense,Entertainment,Credit Card,PVR,
e148bc7a-4f39-43a4-8045-194eb9f895ac,2026-07-03,Airtel Payment,3686.09,Expense,Bills,UPI,Jio,
9dba0f93-9654-44bd-bd93-bf88823706db,2026-07-03,PharmEasy Payment,2650.63,Expense,Healthcare,UPI,Local Clinic,
36f78469-c9af-47e8-bd39-fa48f565ada6,2026-07-04,Gift Payment,844.1,Expense,Other,Credit Card,Misc,
cf8dfc9f-0b9c-4fdd-9863-f07e03b305b6,2026-07-04,PVR Payment,2789.73,Expense,Entertainment,UPI,Netflix,
2ed6698c-6650-4a73-9e38-9266932d0715,2026-07-04,Donation Payment,206.4,Expense,Other,UPI,Misc,
ce0647fc-c85c-4b43-8c17-4d984dda4b3b,2026-07-04,IRCTC Payment,414.4,Expense,Travel,Credit Card,Uber,
df1c0886-bfe8-4c6d-970a-57a2f74c92ab,2026-07-05,Domino's Payment,1861.5,Expense,Food,Debit Card,Domino's,
19917357-58df-4fc3-97fa-6038b42f33b0,2026-07-05,Local Store Payment,7644.43,Expense,Shopping,Cash,Local Store,
84c46712-7d2a-4ef5-b0f3-eb01e22f6cc2,2026-07-05,Local Clinic Payment,606.76,Expense,Healthcare,UPI,Dentist,
37353812-b9ed-43a3-ad19-03ac6777b82f,2026-07-05,Donation Payment,148.62,Expense,Other,UPI,Donation,
eb3b3bad-1266-42b1-8e22-8b1bc0164a62,2026-07-06,Local Clinic Payment,750.4,Expense,Healthcare,Debit Card,Apollo,
145af922-3185-407a-be9d-4e462e2f770d,2026-07-06,Water Payment,2470.6,Expense,Bills,UPI,Jio,
836ce0cb-1536-4e33-8c79-5c96174d4f87,2026-07-06,Local Cafe Payment,296.78,Expense,Food,Debit Card,Zomato,
24661176-8401-4f88-9192-1131629ba177,2026-07-06,Starbucks Payment,1563.06,Expense,Food,UPI,Starbucks,
8fe6361a-25fb-4944-8195-2219c4c30ae7,2026-07-06,Swiggy Payment,682.89,Expense,Food,UPI,Domino's,
65d63e0d-dd8f-4531-b62a-86fb524cf10f,2026-07-07,Water Payment,4494.11,Expense,Bills,Debit Card,Water,
0d5f2b3b-a3b9-48f8-8ecb-46be4a910936,2026-07-07,PVR Payment,1355.55,Expense,Entertainment,UPI,Spotify,
26025008-fadd-43c8-b257-1fcddfdd3dd1,2026-07-07,Water Payment,2023.61,Expense,Bills,UPI,Gas,
e2512cc3-537e-4b30-9da6-f7fa00092ceb,2026-07-07,Flight Payment,824.06,Expense,Travel,Cash,IRCTC,
fd84698d-5f57-4b31-ae65-fbe6c205974d,2026-07-07,Uber Payment,327.42,Expense,Travel,Debit Card,Ola,
31fb80e0-3c04-46f0-9a45-4b008cb8eec5,2026-07-07,Donation Payment,669.32,Expense,Other,Cash,Donation,
488b7d9e-98c0-49aa-92b1-303b482fa4d2,2026-07-07,Donation Payment,673.82,Expense,Other,Cash,Misc,
586bab23-b320-436f-b64f-8c0da9f90517,2026-07-08,Donation Payment,479.3,Expense,Other,Debit Card,Misc,
6300ccf4-4496-430d-8d58-e1bb43a7ab84,2026-07-08,Gift Payment,548.17,Expense,Other,Debit Card,Donation,
a5970535-f2d2-4ab9-b55e-9a4a8db38749,2026-07-08,Gift Payment,833.61,Expense,Other,UPI,Misc,
3c3c073b-a72b-4af3-8265-91d048387e19,2026-07-08,Misc Payment,704.01,Expense,Other,Cash,Gift,
9d54bca7-91a7-4654-b604-b26348f591a0,2026-07-08,Apollo Payment,923.54,Expense,Healthcare,Credit Card,Apollo,
fee979df-a06a-428b-b9c5-9b2898206db7,2026-07-08,Swiggy Payment,455.49,Expense,Food,Debit Card,Swiggy,
7c6ac50a-c893-4157-b833-9b601a34387e,2026-07-08,Swiggy Payment,1345.4,Expense,Food,Credit Card,Local Cafe,
d9667d11-6164-4007-8525-2e2fc82f630e,2026-07-08,Uber Payment,383.98,Expense,Travel,Credit Card,Metro,
e76f8ef4-a2f4-48b2-937c-72d2825b7e7a,2026-07-09,Misc Payment,990.53,Expense,Other,UPI,Misc,
c281ed00-f2e1-4738-85ee-b3d38d56adf0,2026-07-09,Donation Payment,530.78,Expense,Other,Debit Card,Misc,
cf62c3fb-db0e-4b77-95a8-69a7df2156ed,2026-07-09,PVR Payment,2630.33,Expense,Entertainment,Cash,PVR,
ab3df68a-96e7-407c-8472-0b96be38c0ef,2026-07-09,Domino's Payment,1302.83,Expense,Food,Credit Card,Local Cafe,
ec610366-2b91-41cb-b4b6-3b32b41dc4f0,2026-07-09,Zomato Payment,1167.84,Expense,Food,Debit Card,Local Cafe,
f6579794-d71a-4c7c-a29a-a50e0798e79e,2026-07-10,Donation Payment,135.91,Expense,Other,Credit Card,Donation,
8287d5ad-8777-406b-99d5-b54721b645e2,2026-07-10,Electricity Payment,2845.92,Expense,Bills,Cash,Airtel,
84fbc573-8ae9-42ca-83f0-56f7132dff20,2026-07-10,Domino's Payment,1766.96,Expense,Food,Credit Card,Domino's,
2ab7efc5-29fa-439a-9983-919c4a9113c1,2026-07-10,Domino's Payment,151.96,Expense,Food,Cash,Swiggy,
41c3f37f-866f-4c59-bf5a-17c7f1515e38,2026-07-10,Gas Payment,4132.5,Expense,Bills,UPI,Gas,
d71ce97c-7a53-41bc-88e6-1eb1ed8182af,2026-07-10,Ola Payment,363.09,Expense,Travel,Cash,Metro,
7772f83b-c73b-47db-9a8d-fd839538bce7,2026-07-11,Local Cafe Payment,113.96,Expense,Food,Debit Card,Starbucks,
ac74256a-f1dd-47b5-ab55-ae3fd74bd9cb,2026-07-11,Water Payment,1213.88,Expense,Bills,Debit Card,Gas,
bb0a25bd-0502-4cde-9804-df4f9c88a2fe,2026-07-11,Water Payment,3279.78,Expense,Bills,Credit Card,Airtel,
6273d0b7-f3a2-46ff-be70-cf38a8372b4d,2026-07-11,Reliance Mart Payment,6222.02,Expense,Shopping,UPI,Reliance Mart,
b06b5e73-780c-4ce3-b15d-29481fa6df41,2026-07-11,Domino's Payment,1778.35,Expense,Food,Cash,Zomato,
70ef27c0-cbf7-4595-804c-b5c530617414,2026-07-11,Electricity Payment,4822.83,Expense,Bills,Cash,Jio,
5af0e3db-9da4-4301-9fb1-48c2544fc4a0,2026-07-12,Netflix Payment,780.24,Expense,Entertainment,Credit Card,Spotify,
d5edd644-0db1-4de9-8a7b-f0a9fb303a77,2026-07-12,Airtel Payment,1924.2,Expense,Bills,Credit Card,Gas,
eb0e3f01-85a2-46ef-afff-1f82e3271c32,2026-07-12,Myntra Payment,1408.04,Expense,Shopping,UPI,Reliance Mart,
e6df4b4f-3bca-4602-b0c7-4d71f3eebaf0,2026-07-12,Reliance Mart Payment,4152.51,Expense,Shopping,Cash,Reliance Mart,
4fc7dd71-d354-49f1-8acf-bb999fef87d9,2026-07-12,Domino's Payment,507.24,Expense,Food,Credit Card,Domino's,
8de6f3b6-2abc-4a66-ad6d-af28e7d40ba1,2026-07-12,Misc Payment,65.83,Expense,Other,Debit Card,Gift,
5d423525-0d4e-4b55-92a4-b055e9ad10ee,2026-07-12,Flight Payment,477.84,Expense,Travel,UPI,Ola,
7b33fe8f-14c1-42c8-a7db-e5b30ca17314,2026-07-12,Electricity Payment,1971.3,Expense,Bills,UPI,Gas,
783ee1c9-7fb0-4e3d-b9b9-d6e9e19cd4a6,2026-07-12,IRCTC Payment,951.43,Expense,Travel,UPI,IRCTC,
bfa0bf2f-b9d3-4f20-b8cc-6a5ce1437e1a,2026-07-12,Water Payment,1845.88,Expense,Bills,UPI,Airtel,
a4814bb3-001d-4bfe-a8f8-d4c0d5863636,2026-07-13,Starbucks Payment,866.14,Expense,Food,Cash,Local Cafe,
a4317af5-6ddf-40a1-b772-07d982a91043,2026-07-13,Uber Payment,79.81,Expense,Travel,UPI,IRCTC,
563ef8f2-b902-4b33-9975-f1f1825eeea6,2026-07-13,Reliance Mart Payment,3206.16,Expense,Shopping,UPI,Myntra,
728f7834-8f4e-4881-b31e-0189b7e5f4a4,2026-07-13,Gift Payment,2757.69,Expense,Other,Debit Card,Donation,
7bf94f00-f710-41e7-b847-0d895afd7ac6,2026-07-13,Amazon Payment,9461.59,Expense,Shopping,Credit Card,Amazon,
5468bf88-05f9-47df-84db-9831a63b030b,2026-07-14,Airtel Payment,1522.11,Expense,Bills,Cash,Airtel,
8fbe7624-2298-45a4-aeb6-7f6e061e65c0,2026-07-14,Local Cafe Payment,1291.19,Expense,Food,Credit Card,Local Cafe,
42d51b14-dc22-41a0-9660-875875e011d4,2026-07-14,Misc Payment,809.81,Expense,Other,Credit Card,Gift,
db11b0ec-e471-4703-840a-8bc3ba510585,2026-07-14,Spotify Payment,2016.95,Expense,Entertainment,Credit Card,Gaming,
a432987a-aa4c-4a93-bc69-fbc7de430b0e,2026-07-14,Local Cafe Payment,1917.07,Expense,Food,UPI,Starbucks,
10c44e5b-8bf6-48de-bece-6e53999e6317,2026-07-14,Swiggy Payment,1763.68,Expense,Food,Debit Card,Zomato,
500df0c8-1333-4102-b5ba-e96f102fb0b0,2026-07-14,Apollo Payment,2185.98,Expense,Healthcare,Credit Card,Dentist,
c2d15771-ea8e-4785-a92d-161f7eb1c12d,2026-07-14,Misc Payment,51.5,Expense,Other,Credit Card,Gift,
0a1a7ddd-6f0c-46f4-b594-0112f906f041,2026-07-14,Starbucks Payment,266.49,Expense,Food,Cash,Zomato,
29128af1-9f9c-4106-b4d0-1b6e692c5cd1,2026-07-14,Zomato Payment,795.31,Expense,Food,Debit Card,Domino's,
53315298-605c-4a8d-91dd-c2b9355d534b,2026-07-15,Donation Payment,469.82,Expense,Other,UPI,Misc,
25792135-3066-4811-9800-e04209851830,2026-07-15,Donation Payment,973.13,Expense,Other,Cash,Misc,
290ff148-cc49-425e-94d2-286f08b90f8a,2026-07-15,Misc Payment,784.65,Expense,Other,Credit Card,Gift,
221ac47e-8a9a-4fa8-b6c1-984ad384ac1b,2026-07-15,Misc Payment,926.96,Expense,Other,UPI,Donation,
2dc2b37a-6f80-41bc-add3-0a72601f26e5,2026-07-15,Starbucks Payment,1070.01,Expense,Food,Cash,Local Cafe,
b64122c6-bfb3-48e3-9e52-b153277866dd,2026-07-15,Donation Payment,988.11,Expense,Other,Credit Card,Donation,
f341eea9-a4f1-44fd-9ca2-06f7d7b8a8a0,2026-07-15,Donation Payment,636.59,Expense,Other,Debit Card,Gift,
a18f324e-a858-4728-873c-d15a6ebf2ecb,2026-07-15,Reliance Mart Payment,1878.96,Expense,Shopping,Credit Card,Amazon,
9247f4a1-a39f-499f-b1f7-875c33ee7643,2026-07-15,Donation Payment,271.83,Expense,Other,Cash,Misc,
85857bca-5b54-4ab3-9bc5-c081246cbb01,2026-07-16,Domino's Payment,597.42,Expense,Food,Credit Card,Domino's,
3809d12a-358b-43b8-b25a-5a2341914f3d,2026-07-16,Local Cafe Payment,1833.26,Expense,Food,Cash,Zomato,
36f5c5cc-8a73-423a-837d-8c1f3fb0366b,2026-07-16,Local Cafe Payment,1949.69,Expense,Food,Debit Card,Domino's,
af2c7c8e-5644-41e5-99df-5834ab18ea6d,2026-07-16,Zomato Payment,830.37,Expense,Food,UPI,Zomato,
4f267cc6-7947-4598-b66c-1c5b9beab372,2026-07-16,Metro Payment,124.09,Expense,Travel,Cash,Flight,
5e0a3539-081b-4207-beec-9933a54d5544,2026-07-16,Water Payment,3235.23,Expense,Bills,Credit Card,Gas,
314d0f45-9c97-4b9e-80c3-65c5b9b82809,2026-07-16,Dentist Payment,3299.13,Expense,Healthcare,Debit Card,Dentist,
c54b59ae-ed49-4b65-845b-c12e66a835a0,2026-07-17,Myntra Payment,7223.21,Expense,Shopping,UPI,Myntra,
452675eb-b0ed-4756-8978-32b737e28a38,2026-07-17,Apollo Payment,1855.05,Expense,Healthcare,Debit Card,PharmEasy,
6e43f8b1-a903-4cac-96c3-9dfad7c7fe25,2026-07-17,Flipkart Payment,4394.91,Expense,Shopping,UPI,Flipkart,
0609f097-e050-4d3e-ba9d-c415ee5dc97d,2026-07-17,Flipkart Payment,7022.88,Expense,Shopping,Debit Card,Myntra,
f284ad98-49fd-4cd0-8c84-8bd199b732df,2026-07-18,Starbucks Payment,1910.01,Expense,Food,Cash,Domino's,
d0e0bc57-2e9f-4c34-8550-dc5379821dbe,2026-07-18,Domino's Payment,714.1,Expense,Food,Credit Card,Starbucks,
acbe871a-45f5-4b4e-9a0b-2170bc5161ee,2026-07-18,Local Cafe Payment,1141.25,Expense,Food,Credit Card,Local Cafe,
4eb41ef1-e463-4f65-a1aa-844496c8e16b,2026-07-18,Gift Payment,232.68,Expense,Other,UPI,Misc,
82f349c8-199d-4de7-9663-f4383cd0260e,2026-07-18,Local Cafe Payment,382.28,Expense,Food,Credit Card,Starbucks,
6a842bda-0c2e-48cf-b1de-448341727ba2,2026-07-18,Electricity Payment,880.38,Expense,Bills,UPI,Airtel,
b5b03c7d-4c57-4229-a31d-1cf2c9069d1b,2026-07-19,Starbucks Payment,1780.84,Expense,Food,UPI,Domino's,
ab8617c0-c534-4c23-82fc-f317a5623337,2026-07-19,Gift Payment,217.78,Expense,Other,Debit Card,Donation,
b8546cda-7d99-4d2e-889b-55024a069a24,2026-07-19,Gift Payment,542.64,Expense,Other,Cash,Donation,
2fdff580-dd86-4f15-8216-f7e91bb9dfc1,2026-07-19,Myntra Payment,3245.26,Expense,Shopping,Credit Card,Local Store,
642dcef1-eada-4a7c-b6e7-125bef6d2090,2026-07-20,Ola Payment,269.08,Expense,Travel,Debit Card,Metro,
fb492bfb-f57f-48ee-8360-11eecc70e5e9,2026-07-20,Ola Payment,783.75,Expense,Travel,UPI,Flight,
1d551859-1dd4-4eaf-beed-8c7328914118,2026-07-20,Reliance Mart Payment,930.7,Expense,Shopping,Debit Card,Local Store,
fbd1da79-7b14-4372-99b8-832cf8fbe45f,2026-07-20,Swiggy Payment,566.24,Expense,Food,Cash,Domino's,
c845f31e-c2fd-425f-9261-e3a4fd8feb80,2026-07-20,Starbucks Payment,657.74,Expense,Food,Cash,Zomato,
3c1ae6e0-90b1-4ec4-b52a-1f709c6f34ee,2026-07-20,Local Cafe Payment,1828.03,Expense,Food,Debit Card,Swiggy,
b9352c04-ac0c-432a-abe7-092d9df1397b,2026-07-20,Starbucks Payment,1622.23,Expense,Food,Cash,Local Cafe,
e77d02e4-3bb2-40f6-a3af-3e6f9a9ceb2d,2026-07-20,Swiggy Payment,1972.46,Expense,Food,Credit Card,Starbucks,
78794c7b-3079-4811-89fc-85d2fa8eff3f,2026-07-21,Starbucks Payment,1205.77,Expense,Food,Cash,Zomato,
c150b26f-b2bb-47f8-947c-ae94e1957ee3,2026-07-21,Local Cafe Payment,351.79,Expense,Food,Debit Card,Zomato,
bbb2cb62-afda-477c-a6df-be00a4985972,2026-07-21,Domino's Payment,394.89,Expense,Food,UPI,Swiggy,
4bdbd384-8967-4d87-afdb-6f8f6e68e3db,2026-07-21,Misc Payment,726.28,Expense,Other,Credit Card,Misc,
8d24ba3f-6935-4183-af89-63e7b44af645,2026-07-21,Zomato Payment,1929.22,Expense,Food,UPI,Domino's,
519055ba-5419-4c19-a99d-e172704ec0af,2026-07-21,IRCTC Payment,179.58,Expense,Travel,Debit Card,Ola,
29c61ab0-b3cf-4c0a-b884-50bffe1622bf,2026-07-22,Misc Payment,761.23,Expense,Other,Cash,Gift,
a53488ec-1126-43c0-9b63-cddbdfb08eef,2026-07-22,Donation Payment,358.42,Expense,Other,Debit Card,Gift,
473f3f52-dcfe-43d1-93da-068193fa150e,2026-07-22,Local Cafe Payment,186.85,Expense,Food,Credit Card,Local Cafe,
6953c864-b5af-4ce9-a58c-2976dd712b8d,2026-07-22,Gaming Payment,1946.71,Expense,Entertainment,UPI,Spotify,
dc8cfd72-5d91-4a11-964a-c684720641b3,2026-07-23,Event Payment,265.22,Expense,Entertainment,Debit Card,Gaming,
abeca603-60d8-444b-9365-6fb6f509fbce,2026-07-23,Uber Payment,702.4,Expense,Travel,Cash,Flight,
533d1db8-85ae-4f2b-afd0-4595f6207c2c,2026-07-23,Jio Payment,4566.98,Expense,Bills,Credit Card,Gas,
5e63f19d-f6b5-428e-8493-2972a9a214c6,2026-07-23,Flipkart Payment,6353.19,Expense,Shopping,Credit Card,Myntra,
cec2c59c-f76b-4387-917a-9e74c21255b3,2026-07-23,Uber Payment,101.79,Expense,Travel,Cash,Flight,
f1af6b92-ed92-46bb-9da6-21e4b8b03d2c,2026-07-23,Local Cafe Payment,1353.25,Expense,Food,UPI,Swiggy,
a252c298-af91-4904-a1b4-7ed9c67aae76,2026-07-23,Gaming Payment,2748.41,Expense,Entertainment,Debit Card,Event,
463cd30a-648d-448f-b789-4bcda80fe409,2026-07-23,IRCTC Payment,268.87,Expense,Travel,Cash,Ola,
85897a8e-def5-4767-88d9-01b2b9612442,2026-07-24,Starbucks Payment,727.8,Expense,Food,Cash,Starbucks,
ab60b2f6-6007-40dc-acd8-f706843e6305,2026-07-24,Event Payment,2511.46,Expense,Entertainment,UPI,Spotify,
20bcb5c9-42b6-49ac-bd38-ae06b9b24b95,2026-07-24,Metro Payment,96.84,Expense,Travel,Credit Card,Uber,
a6204123-0801-42f4-9d13-e9fd72d47114,2026-07-24,Airtel Payment,1421.32,Expense,Bills,Cash,Airtel,
da443edb-1d52-4ba5-9adc-36e7f26d8d91,2026-07-24,Zomato Payment,642.17,Expense,Food,Debit Card,Domino's,
ef65b862-1409-49e5-b600-aa98b7dcca9d,2026-07-24,IRCTC Payment,95.41,Expense,Travel,Credit Card,Ola,
0d8bde26-75ca-47ca-ac66-b3f3559d8a50,2026-07-24,Domino's Payment,1485.74,Expense,Food,Credit Card,Local Cafe,
ccba1af0-c42e-4819-8966-7e3454a22aa9,2026-07-24,Zomato Payment,1152.8,Expense,Food,Debit Card,Local Cafe,
9dfd1c67-ae5d-41a8-a41e-31058f240280,2026-07-25,Spotify Payment,2680.22,Expense,Entertainment,UPI,Spotify,
a42a16f9-3e93-46be-9ac9-6112c94e4704,2026-07-25,Starbucks Payment,1235.41,Expense,Food,Cash,Starbucks,
7de696b2-4f22-40c0-972b-43306bc086ca,2026-07-25,Airtel Payment,2061.31,Expense,Bills,Cash,Jio,
5442e1dd-a8ef-4f63-bf10-e4260ebe1504,2026-07-25,Flight Payment,998.8,Expense,Travel,Credit Card,Ola,
7bbcc021-4afe-4f9b-aa9f-646f72c5f04d,2026-07-25,Swiggy Payment,1652.36,Expense,Food,Credit Card,Zomato,
67148667-d45c-4a85-a190-f2f1e3a63f64,2026-07-25,Local Store Payment,1435.96,Expense,Shopping,Debit Card,Myntra,
41892fe1-a6e8-487e-b275-4e1aa9b51c97,2026-07-25,Ola Payment,917.32,Expense,Travel,UPI,IRCTC,
ebd6f105-6bcb-418a-9256-6cc74422776c,2026-07-25,Netflix Payment,2927.89,Expense,Entertainment,Credit Card,PVR,
3a2f792e-9784-4c75-8819-e738a263de34,2026-07-25,Uber Payment,692.75,Expense,Travel,Debit Card,IRCTC,
cc49ae87-d7c0-41ef-8b47-5dfbdbb88c64,2026-07-26,Local Cafe Payment,1703.29,Expense,Food,UPI,Local Cafe,
a02dd357-e797-409e-81cf-1447a3364ae5,2026-07-26,Local Clinic Payment,1129.35,Expense,Healthcare,Debit Card,Dentist,
628f7358-4e13-4940-97db-56de766fd718,2026-07-26,Flight Payment,713.79,Expense,Travel,Credit Card,Ola,
450c10d5-103d-4f41-8b5e-cf0b552d2b28,2026-07-26,Water Payment,4837.93,Expense,Bills,Debit Card,Gas,
982040ba-c387-4c56-aaa3-b91029151d1f,2026-07-26,Swiggy Payment,623.39,Expense,Food,Debit Card,Starbucks,
3498fc90-89d9-49fe-ba7c-4f91d38903e3,2026-07-26,Swiggy Payment,738.38,Expense,Food,Debit Card,Local Cafe,
2940d8db-66cc-4c36-b904-a2c94f422402,2026-07-26,Donation Payment,688.51,Expense,Other,Credit Card,Misc,
1c32b9b0-0ab9-4be9-91e3-f74c11d7b15d,2026-07-27,Spotify Payment,2082.55,Expense,Entertainment,UPI,PVR,
eb625d71-1004-4c69-be0d-f69c6c044703,2026-07-27,Starbucks Payment,1876.45,Expense,Food,UPI,Swiggy,
0d1da0c6-5bdd-4cd5-aae9-1709d8a3e225,2026-07-27,Swiggy Payment,808.31,Expense,Food,Cash,Starbucks,
b2945329-02b5-4eeb-b685-3a1774c8eddd,2026-07-28,Metro Payment,378.29,Expense,Travel,Debit Card,Metro,
82b7bae4-9636-4598-8a7d-2db7f683ee03,2026-07-28,Flight Payment,818.37,Expense,Travel,UPI,Metro,
607eed9b-25f7-4763-8715-669d2bc53324,2026-07-28,Netflix Payment,742.76,Expense,Entertainment,Debit Card,Event,
e51620d3-3d36-4239-abbe-ad81a3beb1da,2026-07-28,Gift Payment,876.99,Expense,Other,Credit Card,Misc,
9f327a9a-b188-460c-bbe6-9de6e3ad7c56,2026-07-28,PharmEasy Payment,1770.95,Expense,Healthcare,Credit Card,Local Clinic,
cf858d67-310b-4576-ab5a-212262404794,2026-07-28,Domino's Payment,399.26,Expense,Food,Debit Card,Zomato,
5c333786-a031-4ba7-a2da-5c4a546a223a,2026-07-28,Airtel Payment,1703.16,Expense,Bills,Credit Card,Gas,
d4acb156-bf57-4a41-b3a7-a360938cc3ec,2026-07-29,Gaming Payment,2915.04,Expense,Entertainment,Debit Card,Netflix,
b26a53ac-6c28-494b-87d6-072c285c2e30,2026-07-29,IRCTC Payment,668.01,Expense,Travel,UPI,Flight,
c86460c3-f32d-44ef-be08-8254e3c5e030,2026-07-29,Reliance Mart Payment,4285.45,Expense,Shopping,Cash,Myntra,
9d1d703f-43d3-412a-ad48-39c364c84242,2026-07-29,Myntra Payment,9549.67,Expense,Shopping,UPI,Local Store,
33ad4228-85d0-4707-a870-9f5425281c56,2026-07-30,PharmEasy Payment,4684.68,Expense,Healthcare,UPI,PharmEasy,
2d1477fb-a2c2-4903-adc9-ddcc67ca73b7,2026-07-30,Swiggy Payment,1969.54,Expense,Food,Debit Card,Starbucks,
f652445c-5da8-4291-b620-06379fb2fb07,2026-07-30,Netflix Payment,2542.2,Expense,Entertainment,Cash,Spotify,
9ee363ff-a85e-4f18-a879-523bc7e7fe81,2026-07-30,Electricity Payment,2542.67,Expense,Bills,Debit Card,Water,
ab7da359-a06a-4a60-a077-5c653ccc6bb7,2026-07-30,Donation Payment,696.6,Expense,Other,Credit Card,Misc,
172b6dbf-09e0-4ea3-a851-bfb1dc598ecf,2026-07-30,Starbucks Payment,1741.18,Expense,Food,Debit Card,Zomato,
37bde450-83f4-4df0-a0bf-a15400f78640,2026-07-30,Flight Payment,532.97,Expense,Travel,Cash,Uber,
5d968454-f008-49d4-a7e0-8f088f81ff9f,2026-07-30,Donation Payment,921.83,Expense,Other,UPI,Misc,
fb79e184-4c73-4bf0-9c71-4bfe06639095,2026-07-30,Zomato Payment,1636.27,Expense,Food,Cash,Swiggy,
51abd3f7-2f6c-4044-88d0-33692acd105d,2026-07-30,Electricity Payment,3670.13,Expense,Bills,Debit Card,Airtel,
46e82eaa-fb99-420e-9433-5fdb9e6fb8f6,2026-07-31,Gift Payment,277.73,Expense,Other,Cash,Misc,
021deb46-a699-4a23-9c68-98c8c71b03f1,2026-07-31,Swiggy Payment,1431.51,Expense,Food,Cash,Starbucks,
7571931b-9ed4-42d2-9286-a580565888db,2026-07-31,Electricity Payment,4965.88,Expense,Bills,Credit Card,Gas,
77462b82-91af-4fa6-888a-92853143d71c,2026-07-31,Ola Payment,91.82,Expense,Travel,Credit Card,Metro,
7ed51b5e-cc3c-409a-bbf9-bf2aa92c3b3d,2026-07-31,Misc Payment,306.91,Expense,Other,Credit Card,Gift,
488498c4-b4ec-4508-8121-a1ca01f58ba8,2026-07-31,Starbucks Payment,1486.96,Expense,Food,Cash,Zomato,
e65189c2-d54e-4e69-944f-274b87cd0b47,2026-07-31,IRCTC Payment,864.74,Expense,Travel,UPI,Flight,
62855516-2c08-4ab7-9179-43097e0a3bbe,2026-07-31,Zomato Payment,1042.78,Expense,Food,UPI,Domino's,
9ffd74a8-3e06-4286-9579-13b31a849f80,2026-07-31,Myntra Payment,4678.94,Expense,Shopping,UPI,Local Store,
f92d8163-c072-4af0-814a-8959b36d5a36,2026-07-31,Misc Payment,509.62,Expense,Other,Debit Card,Misc,
fa66d3b4-95a2-4cdc-8779-f2a5faf83370,2026-08-01,Water Payment,4020.33,Expense,Bills,Debit Card,Airtel,
e611e4f9-dfba-4c42-900f-97a38a972500,2026-08-01,Apollo Payment,2090.76,Expense,Healthcare,UPI,PharmEasy,
de60fc3a-4cbb-47ee-89af-b34226e9bf8b,2026-08-01,Monthly Salary,56805.01,Income,Salary,Bank Transfer,Employer,Regular Income
cf8c3269-789b-4997-b692-99589356a7d4,2026-08-01,Spotify Payment,437.21,Expense,Entertainment,Credit Card,Event,
1b3a48b5-7864-4a7f-aa9c-c1049a3fab2f,2026-08-01,Spotify Payment,507.41,Expense,Entertainment,Cash,Gaming,
46d42c6b-4198-472c-8eaf-037748fad47f,2026-08-02,Gift Payment,115.22,Expense,Other,Credit Card,Donation,
6c43c701-f668-48f8-bf58-c5b78fc04279,2026-08-02,Jio Payment,2683.72,Expense,Bills,Credit Card,Gas,
bc518a44-86e2-4ae3-93b4-2016666d46dc,2026-08-02,Misc Payment,991.69,Expense,Other,Credit Card,Gift,
2ef0529a-a500-40ac-897f-9a1e660921eb,2026-08-02,Local Cafe Payment,1264.86,Expense,Food,Debit Card,Starbucks,
1ec6df4d-810b-4d2b-bc20-6cdf301d4dc3,2026-08-02,Uber Payment,505.24,Expense,Travel,Debit Card,Uber,
03fb9352-46e1-486b-a89d-cc23529a8b78,2026-08-02,Flight Payment,597.59,Expense,Travel,UPI,Metro,
9ed20678-4f9b-48dd-99d7-99f66d8b2e5b,2026-08-02,Myntra Payment,7757.78,Expense,Shopping,Credit Card,Local Store,
f915d4de-f9bf-4d5f-8230-f347c39fb55b,2026-08-03,Swiggy Payment,1252.5,Expense,Food,Debit Card,Starbucks,
029d629f-ecb5-4b1d-85cc-bc76fb0289cb,2026-08-03,Starbucks Payment,977.27,Expense,Food,Debit Card,Swiggy,
197f19dd-5545-4362-818b-43f3528b7dc4,2026-08-03,Event Payment,2097.84,Expense,Entertainment,UPI,Netflix,
550b8fa1-1b62-4bfc-9d07-46bc1e9800ea,2026-08-03,Gift Payment,899.51,Expense,Other,Credit Card,Misc,
d0ce60b0-d572-49c7-a1d9-fbf3f348d476,2026-08-03,Domino's Payment,910.15,Expense,Food,UPI,Starbucks,
e5fb277f-eeb3-4b4c-83f1-86debb21d3d8,2026-08-03,Ola Payment,669.12,Expense,Travel,Credit Card,IRCTC,
f1608499-4bfc-4e51-8d39-02aab4a2d6ca,2026-08-03,Metro Payment,326.79,Expense,Travel,Debit Card,Metro,
f8f32b17-e27d-44ab-86e9-4253af846c12,2026-08-03,Starbucks Payment,241.79,Expense,Food,Credit Card,Local Cafe,
e0c9247d-5cb7-49c0-b33e-a4d182416314,2026-08-04,Local Cafe Payment,662.34,Expense,Food,Debit Card,Domino's,
b80cd594-c134-425a-b52a-1778dc87f276,2026-08-04,Domino's Payment,1700.4,Expense,Food,UPI,Local Cafe,
5f3f6340-9efc-49f3-bba0-1bcf8f0b563b,2026-08-04,Metro Payment,780.52,Expense,Travel,Debit Card,Metro,
1a764392-e152-4295-a05a-2f43f764e522,2026-08-04,Local Store Payment,871.31,Expense,Shopping,Debit Card,Myntra,
a1789ea4-bff7-465a-aedd-5faf9b0b0f7b,2026-08-04,Local Store Payment,7702.56,Expense,Shopping,Cash,Amazon,
898ffd58-908f-4a21-8d3e-0b6bc517523a,2026-08-04,Flight Payment,296.25,Expense,Travel,Debit Card,Uber,
b5215ac9-385d-4523-ac59-b804fd25d58b,2026-08-04,Jio Payment,4057.1,Expense,Bills,Credit Card,Gas,
0d7f7040-4954-4a3e-9681-ec9feb782d86,2026-08-04,PVR Payment,2157.56,Expense,Entertainment,Cash,Gaming,
25b28099-be1f-40b0-9add-55da202707f4,2026-08-04,Domino's Payment,1369.91,Expense,Food,Credit Card,Starbucks,
93bccdd3-af97-49b7-b715-6c6cf3bc1edf,2026-08-04,Jio Payment,1712.3,Expense,Bills,Debit Card,Gas,
f8c8ae08-32dd-4726-9861-234c7510acd8,2026-08-05,Zomato Payment,1352.1,Expense,Food,Credit Card,Starbucks,
56cf2e17-1b96-4874-a275-73f3e80b86d2,2026-08-05,Water Payment,1026.38,Expense,Bills,Cash,Electricity,
518e91a9-5d1a-4cda-b810-a23a3ad90aeb,2026-08-05,Myntra Payment,2802.39,Expense,Shopping,Cash,Local Store,
e7809073-890d-4414-8782-30f57b145dab,2026-08-05,Netflix Payment,1321.72,Expense,Entertainment,Debit Card,Event,
47cc57ab-a087-413f-bb53-8010af811cc0,2026-08-05,Apollo Payment,3356.49,Expense,Healthcare,Cash,Local Clinic,
b0c0fca4-fd93-48db-a1d1-5eb2a6ef8b25,2026-08-05,Starbucks Payment,1430.81,Expense,Food,Credit Card,Swiggy,
2ba97c00-ade1-4301-8191-080260ed90c8,2026-08-06,Donation Payment,801.03,Expense,Other,Debit Card,Gift,
935c49fb-a872-4fd6-8008-f62cbc844bf4,2026-08-06,Spotify Payment,2759.67,Expense,Entertainment,UPI,Event,
7affb209-c8aa-430b-a7a6-494b0705f783,2026-08-06,Local Cafe Payment,141.19,Expense,Food,Cash,Swiggy,
5fc57e0e-fbff-435b-b899-01387174fbfd,2026-08-06,Uber Payment,474.72,Expense,Travel,Debit Card,IRCTC,
37a40ec5-7816-492f-bf8a-c20f863860bc,2026-08-06,Gift Payment,168.42,Expense,Other,Cash,Misc,
63687639-fb6c-433f-8e7c-97c1e9a84d48,2026-08-06,Gift Payment,99.71,Expense,Other,Debit Card,Donation,
65ff140b-f1cb-4b41-ad7f-0d85fafb2150,2026-08-06,Local Cafe Payment,548.23,Expense,Food,Cash,Swiggy,
43b05cc6-06be-47ed-8623-7a29273f15ab,2026-08-06,Donation Payment,406.43,Expense,Other,UPI,Donation,
423fff52-4bf6-436a-b039-b0781778dba5,2026-08-06,Ola Payment,286.13,Expense,Travel,UPI,Flight,
c1b4e77c-9ba9-4f62-bdb4-2b27314613e5,2026-08-07,Water Payment,2589.2,Expense,Bills,UPI,Jio,
4fcb9ab8-cf80-4880-a124-89f32a2e9c29,2026-08-07,Uber Payment,773.17,Expense,Travel,Debit Card,Uber,
8e1e4550-5373-4a70-aa14-677cee83f6dd,2026-08-07,Netflix Payment,645.07,Expense,Entertainment,Credit Card,Event,
b7a58ada-6cd3-4a5a-94a6-813f32500e5b,2026-08-07,Flight Payment,426.32,Expense,Travel,Cash,Uber,
0b2c331c-d92d-465a-8b90-9238e90118cd,2026-08-07,Local Store Payment,1771.24,Expense,Shopping,UPI,Local Store,
a0c97b9f-2491-411c-b58d-980df37ef339,2026-08-08,Jio Payment,4058.02,Expense,Bills,Debit Card,Water,
22f8a964-fca6-4ed3-8256-36d160c8881c,2026-08-08,Local Cafe Payment,1868.57,Expense,Food,Credit Card,Zomato,
4d9c907a-c869-4801-8a24-35c921fd7fbe,2026-08-08,Starbucks Payment,1869.7,Expense,Food,UPI,Starbucks,
51424efb-54f2-4841-a94c-63de97013ffb,2026-08-08,Amazon Payment,4211.95,Expense,Shopping,Debit Card,Local Store,
67c84d1c-8a69-4234-a3db-b7c520ab77dd,2026-08-08,Metro Payment,610.63,Expense,Travel,UPI,Ola,
31b54f22-b711-479f-8242-eaae913eede7,2026-08-08,Swiggy Payment,1673.32,Expense,Food,UPI,Domino's,
82ae7dc6-6fef-41eb-9d60-81cbe736e21d,2026-08-08,Local Cafe Payment,199.7,Expense,Food,Cash,Zomato,
8ff804bc-36fa-4dcd-ba28-adf079011ebf,2026-08-08,Uber Payment,175.03,Expense,Travel,UPI,IRCTC,
abd9bc4b-68e8-4b06-9f36-f93d4b0d802c,2026-08-08,Ola Payment,454.02,Expense,Travel,Cash,Metro,
98a677ec-4a1b-41b6-8df5-4714b0a78a2a,2026-08-09,Local Cafe Payment,434.66,Expense,Food,Cash,Domino's,
0c5e4ec7-9e76-48fe-8fab-2aff8c011784,2026-08-09,Swiggy Payment,1064.25,Expense,Food,Cash,Local Cafe,
c1106d3c-3353-4695-ad80-25a5e3cb7627,2026-08-09,Local Clinic Payment,714.34,Expense,Healthcare,Credit Card,Apollo,
b6a4432e-7af6-46f6-abcb-5a294b885515,2026-08-09,Gift Payment,796.22,Expense,Other,Cash,Misc,
c8bfcb38-4bbb-41ef-9ee3-cded64bf80c5,2026-08-09,Domino's Payment,935.99,Expense,Food,UPI,Starbucks,
1eb81de1-5a91-409e-9304-c59f6ae916a8,2026-08-09,Misc Payment,508.16,Expense,Other,Cash,Gift,
7130597f-0faf-410d-97ba-2bb6b7cbec8c,2026-08-09,Water Payment,2544.35,Expense,Bills,Cash,Jio,
f829dc44-805d-4ce5-a3c9-310ee7b3e123,2026-08-09,Donation Payment,81.04,Expense,Other,Credit Card,Gift,
066ee3ab-90ad-4acf-a8bf-17b26d8957fd,2026-08-09,Dentist Payment,4212.4,Expense,Healthcare,Cash,Apollo,
10417e0e-8737-4650-998b-7f40ba4430d4,2026-08-10,Misc Payment,562.03,Expense,Other,Credit Card,Gift,
e7fa5c2a-61df-4927-a830-2e6551188c09,2026-08-10,IRCTC Payment,506.28,Expense,Travel,UPI,IRCTC,
661e5b9d-5f56-403f-8e9d-33a73f34b96c,2026-08-10,Spotify Payment,430.59,Expense,Entertainment,Cash,Spotify,
1d2868f4-018a-4683-b893-4390fde33cd8,2026-08-11,Zomato Payment,1606.65,Expense,Food,Debit Card,Zomato,
ef3746ec-d5c8-4a77-ac9f-c1cf0b72a634,2026-08-12,Flight Payment,566.06,Expense,Travel,UPI,Flight,
948f5597-f130-40ff-b527-ab2bdb27fea2,2026-08-12,Spotify Payment,2725.85,Expense,Entertainment,Cash,Netflix,
135aeafd-12a8-405a-b80e-3adb830f8218,2026-08-12,Electricity Payment,4615.49,Expense,Bills,Cash,Airtel,
3008129a-8e64-472b-b221-4198c4002334,2026-08-12,Flipkart Payment,554.08,Expense,Shopping,Cash,Amazon,
bf03d356-eeec-4cc6-ab58-8f422d7726a7,2026-08-12,Domino's Payment,1040.3,Expense,Food,Debit Card,Starbucks,
95c7e251-9a63-4ae7-9a0e-b9b062590a35,2026-08-13,Zomato Payment,1416.56,Expense,Food,Debit Card,Swiggy,
55d94fdb-3dc7-40ed-a84f-6a922ed60fc9,2026-08-14,Donation Payment,864.61,Expense,Other,Credit Card,Donation,
e0ba87b8-e505-444a-bfb0-2ca52a71ca87,2026-08-14,Swiggy Payment,1549.83,Expense,Food,Cash,Domino's,
8e326276-049f-4c71-a3d9-300c94de99d4,2026-08-14,Misc Payment,134.11,Expense,Other,Credit Card,Donation,
7ec982e5-03e0-4579-b6ea-ba1fb814c3f1,2026-08-14,Swiggy Payment,429.65,Expense,Food,Credit Card,Domino's,
cfb80868-c043-46e3-b71a-52f2610cd328,2026-08-14,Donation Payment,378.97,Expense,Other,UPI,Misc,
3c03c3fe-8c6f-4c33-993a-01da569991a6,2026-08-15,Gift Payment,328.0,Expense,Other,Debit Card,Gift,
ba58a579-e3ba-4935-93c2-cf3256a5c6c3,2026-08-15,Donation Payment,372.2,Expense,Other,Credit Card,Donation,
1e95d1ab-89fd-44dc-afc4-be18f1c9caa5,2026-08-15,IRCTC Payment,397.03,Expense,Travel,UPI,Flight,
6a29f31a-d5f7-46b5-b312-30a9470af5bc,2026-08-15,Local Cafe Payment,1768.51,Expense,Food,UPI,Zomato,
139117ac-e67f-49a7-8f85-51efaf1602b3,2026-08-15,Gas Payment,653.38,Expense,Bills,Cash,Electricity,
30a84c8b-5ce4-4152-9d9b-dfa06691bfb7,2026-08-15,Airtel Payment,3101.63,Expense,Bills,UPI,Airtel,
c234dfcf-8356-4c53-812f-9132b558131c,2026-08-15,Local Cafe Payment,309.47,Expense,Food,UPI,Zomato,
a91c4812-ef99-4567-97f5-7e34e1f0a328,2026-08-16,Electricity Payment,4502.38,Expense,Bills,Cash,Electricity,
fb03ef55-3a30-44e7-9fb9-b38979c303ab,2026-08-16,Netflix Payment,985.04,Expense,Entertainment,Credit Card,Spotify,
f780de79-7f91-4bbc-9caf-623c8b1e2caa,2026-08-16,Donation Payment,773.2,Expense,Other,UPI,Misc,
54afceee-587e-48cd-864b-be6434f95ac2,2026-08-16,Metro Payment,222.34,Expense,Travel,UPI,Ola,
a41cfadc-323e-421b-bb9a-ecdda9965d0a,2026-08-16,Jio Payment,747.63,Expense,Bills,UPI,Electricity,
3adb12e1-d0d3-49b0-b0bd-95b1828772b7,2026-08-16,Domino's Payment,1031.0,Expense,Food,Debit Card,Starbucks,
c4f444c8-1295-4487-856d-38de474a0e9c,2026-08-17,Domino's Payment,1387.84,Expense,Food,Cash,Domino's,
195e83e6-20d1-42e0-872f-820525314d7e,2026-08-17,Metro Payment,790.08,Expense,Travel,Credit Card,IRCTC,
ac933822-ee57-4981-8e13-c48cd0c0d8f8,2026-08-17,Reliance Mart Payment,3568.41,Expense,Shopping,UPI,Myntra,
a82d8f95-714c-49de-aff5-54c00a571590,2026-08-17,Misc Payment,720.38,Expense,Other,Debit Card,Misc,
d4ecc59d-f54f-4687-9740-9289b9c53343,2026-08-17,Flight Payment,292.07,Expense,Travel,Debit Card,Metro,
1907a49a-d561-42ee-9952-1f287cc6cc2d,2026-08-18,Amazon Payment,8151.75,Expense,Shopping,UPI,Local Store,
90e7af09-38ec-4884-a42c-884f7f72d2e5,2026-08-18,Gaming Payment,2544.93,Expense,Entertainment,Credit Card,Gaming,
d561b435-b282-4a07-86aa-0ba412b023b1,2026-08-18,Donation Payment,357.78,Expense,Other,Cash,Gift,
83e59344-47f7-4c40-b709-530036ee2188,2026-08-18,Apollo Payment,1318.94,Expense,Healthcare,Cash,Dentist,
c1f8b866-499c-4e8e-8c95-ea5f427d08ce,2026-08-18,Event Payment,1791.48,Expense,Entertainment,Debit Card,Gaming,
21ee6927-3c0f-421a-abe6-bc62d47c3dfd,2026-08-18,Netflix Payment,1107.08,Expense,Entertainment,Credit Card,Gaming,
6565c502-42b1-499c-91e9-523b6ffe89e6,2026-08-18,Domino's Payment,741.6,Expense,Food,Cash,Zomato,
fbfabd37-2709-4d08-a2af-89952f58ebd6,2026-08-18,Uber Payment,298.16,Expense,Travel,UPI,Uber,
e25ce90c-d394-4d1b-801f-bdde51708333,2026-08-19,Donation Payment,812.25,Expense,Other,Credit Card,Gift,
3f5e150f-eb91-47e3-8a9c-46d38734a5ef,2026-08-19,Domino's Payment,1294.24,Expense,Food,Debit Card,Swiggy,
31443406-155e-4a32-9c9a-60f5289d28a7,2026-08-19,Local Cafe Payment,967.34,Expense,Food,Cash,Starbucks,
74d82703-4108-4d78-a9e4-b72c4fe78f26,2026-08-19,Dentist Payment,2182.15,Expense,Healthcare,Credit Card,PharmEasy,
f97572fa-dec2-4136-879d-ac5fec275670,2026-08-19,Donation Payment,460.26,Expense,Other,UPI,Gift,
406d8f0b-73ab-480c-85cd-6ad677fcd475,2026-08-19,Misc Payment,359.94,Expense,Other,Cash,Misc,
bbb30995-15ed-4384-bd4a-0d3611f3c3ba,2026-08-19,Starbucks Payment,1300.05,Expense,Food,Debit Card,Domino's,
26065b68-ebe7-4645-964d-09f265c61a6d,2026-08-19,Local Cafe Payment,1624.52,Expense,Food,Debit Card,Starbucks,
b89f0af9-a9ff-4fc3-b95a-5ea221836270,2026-08-19,Airtel Payment,4665.08,Expense,Bills,Debit Card,Jio,
7cb6a8a5-9e44-4794-9a52-ab5196f5e12d,2026-08-19,Apollo Payment,2300.85,Expense,Healthcare,Cash,PharmEasy,
beb6ad4a-5bd1-48d0-bd27-3a38bee770d1,2026-08-20,Domino's Payment,1056.54,Expense,Food,Credit Card,Zomato,
9d454b58-837c-4c16-96d0-be83a758a58b,2026-08-20,Gift Payment,994.51,Expense,Other,Credit Card,Misc,
5e8ecb18-0584-431e-9f88-5b12f1e5e05c,2026-08-20,Domino's Payment,1552.68,Expense,Food,Debit Card,Swiggy,
54054a19-1082-493b-b021-79766e1035d1,2026-08-20,Starbucks Payment,1206.01,Expense,Food,Credit Card,Zomato,
0c2faca0-1674-4d3e-be8b-c3decef3c1d0,2026-08-20,Zomato Payment,120.81,Expense,Food,Debit Card,Zomato,
472406b5-5047-4ce8-960a-5e26fbb71254,2026-08-20,Dentist Payment,4005.11,Expense,Healthcare,Cash,Local Clinic,
560817bf-cf43-432c-b8f8-db58306b2059,2026-08-20,Donation Payment,950.15,Expense,Other,Debit Card,Donation,
915c0f51-2e62-43d6-99e6-f8624f2715d4,2026-08-20,Electricity Payment,3434.13,Expense,Bills,Credit Card,Airtel,
a7074251-ed72-4cbc-8837-ccb8f336cb5c,2026-08-20,Donation Payment,364.86,Expense,Other,Credit Card,Misc,
e1c1eed2-9fb2-4fb1-9cb8-ea78a1d2f816,2026-08-20,Uber Payment,910.45,Expense,Travel,Cash,Metro,
c2d40f21-9cc7-4e20-a7bf-0daf4e715842,2026-08-20,Local Cafe Payment,143.89,Expense,Food,UPI,Zomato,
2b8d71b1-ac95-410e-a24c-bba40861100e,2026-08-21,Local Cafe Payment,869.19,Expense,Food,Cash,Local Cafe,
be5f34e8-7cb1-48a6-963d-4993d9433bfb,2026-08-21,Starbucks Payment,118.77,Expense,Food,Cash,Swiggy,
a9cf5e02-4797-46bb-98d8-036017787d29,2026-08-21,Electricity Payment,2645.56,Expense,Bills,UPI,Jio,
ae58cb90-1250-40fd-9824-a90652f12022,2026-08-21,Apollo Payment,717.31,Expense,Healthcare,Credit Card,Dentist,
6abf45b7-2c82-48e4-8bb3-2d0450efb0df,2026-08-21,IRCTC Payment,202.43,Expense,Travel,Credit Card,Uber,
fce414dd-5e4a-46fe-a271-c80f8401d19e,2026-08-22,Local Cafe Payment,1693.18,Expense,Food,Debit Card,Domino's,
5ffe4d4f-d7b6-4ae0-828d-71999173cba8,2026-08-22,Local Cafe Payment,337.51,Expense,Food,Debit Card,Zomato,
38fc1e76-a6ae-4725-b2c7-57103f4302ad,2026-08-22,Flight Payment,196.04,Expense,Travel,Cash,Ola,
97acd3a4-bc07-4118-b545-d22df8f5387a,2026-08-22,Flight Payment,367.05,Expense,Travel,Cash,Uber,
a04bdd66-a113-4146-9d80-646f48190fce,2026-08-22,Starbucks Payment,1022.31,Expense,Food,Debit Card,Starbucks,
11a74cc1-a57c-4898-a503-84978f172d8a,2026-08-22,IRCTC Payment,456.1,Expense,Travel,Credit Card,Metro,
e698c374-0af7-431c-9af6-eb89f397c602,2026-08-23,Gaming Payment,229.59,Expense,Entertainment,Cash,Netflix,
b2a67f94-0424-4092-8bbc-03b8a5d0ad54,2026-08-23,Swiggy Payment,121.91,Expense,Food,UPI,Swiggy,
b09eab40-b83e-44ba-9d46-b311bcfb47c0,2026-08-23,Donation Payment,428.24,Expense,Other,Credit Card,Donation,
5f545158-c127-4a72-be6c-7e1731f7ec20,2026-08-23,Spotify Payment,1819.77,Expense,Entertainment,UPI,PVR,
071c2f52-8876-4303-bb40-338f52dfb34c,2026-08-23,Uber Payment,594.02,Expense,Travel,UPI,Ola,
84601a3c-4580-4f0f-80f1-7cfec25c29bb,2026-08-23,Zomato Payment,107.68,Expense,Food,Credit Card,Local Cafe,
71d972cc-c3eb-4a50-9f2a-61ee543a349c,2026-08-24,Local Cafe Payment,1597.37,Expense,Food,UPI,Local Cafe,
cabb74cd-a017-4128-82b4-258089372690,2026-08-24,Flight Payment,319.1,Expense,Travel,Credit Card,Uber,
a0d69138-0d16-49b2-8b82-4ea8041923b0,2026-08-24,Flipkart Payment,904.37,Expense,Shopping,Cash,Reliance Mart,
f6a81b85-6773-4387-8b93-ae470c11fed9,2026-08-24,Donation Payment,507.89,Expense,Other,UPI,Gift,
8c81d196-c27a-47fb-b50d-129c245c08d9,2026-08-24,Zomato Payment,1827.6,Expense,Food,Debit Card,Local Cafe,
ae813073-fe3d-43b9-a7ad-556d656063e0,2026-08-24,Local Cafe Payment,790.55,Expense,Food,Debit Card,Domino's,
e3aa043f-2d19-48dd-8ac7-21183a56b170,2026-08-24,Zomato Payment,1302.45,Expense,Food,UPI,Local Cafe,
3df548c9-2b47-4d19-b039-13ce9da9550e,2026-08-24,Zomato Payment,839.5,Expense,Food,Cash,Domino's,
50503c81-9a15-46e3-a9d5-92a4a5182649,2026-08-25,Spotify Payment,1458.2,Expense,Entertainment,Cash,Event,
bf4f9199-dc17-4ce3-8389-2e337514dee9,2026-08-25,Reliance Mart Payment,7148.45,Expense,Shopping,UPI,Flipkart,
8ad5087a-4617-4e74-9d47-9db1b1037588,2026-08-25,Starbucks Payment,1653.12,Expense,Food,Cash,Local Cafe,
52412081-a054-49f7-921d-6cd58d36ee0f,2026-08-25,Donation Payment,922.84,Expense,Other,UPI,Misc,
8058f2ad-8863-4891-96d6-738cc3a84391,2026-08-25,Jio Payment,1394.26,Expense,Bills,UPI,Jio,
d839e2a2-8d97-4a7e-a2fc-937ee255b93d,2026-08-25,Domino's Payment,1547.26,Expense,Food,UPI,Local Cafe,
78629ed2-894f-4cce-9670-c74d4e7798af,2026-08-26,Swiggy Payment,580.72,Expense,Food,UPI,Swiggy,
6cd3fcdf-6b62-4df6-89d8-28257acceb0d,2026-08-26,Local Cafe Payment,1645.91,Expense,Food,Credit Card,Zomato,
08ccf7e9-3a28-44d4-9950-0b69ab0a4a90,2026-08-26,Spotify Payment,2945.97,Expense,Entertainment,Credit Card,PVR,
b430aba1-d788-408a-9fca-86aaf59ed54d,2026-08-26,Uber Payment,174.84,Expense,Travel,Debit Card,Flight,
08d2b4ee-bcb3-4619-92c4-db78efcf37bc,2026-08-26,Water Payment,1771.06,Expense,Bills,Credit Card,Jio,
f57bf86b-cbe4-48cd-a9a6-0cbd64d2936f,2026-08-27,Ola Payment,192.01,Expense,Travel,Debit Card,IRCTC,
ea8a4963-617e-4752-96bc-904158b4d4d5,2026-08-27,Spotify Payment,2953.84,Expense,Entertainment,Cash,PVR,
7587c723-1d98-4288-94db-cc1f588d2476,2026-08-27,Swiggy Payment,1744.39,Expense,Food,Cash,Domino's,
46657089-1f10-45d5-b4d8-4e419418548e,2026-08-27,Starbucks Payment,684.13,Expense,Food,Credit Card,Swiggy,
79a29089-621c-4db5-b7ec-d8b8e698b123,2026-08-27,Local Cafe Payment,369.17,Expense,Food,Cash,Starbucks,
02bb2685-d25d-4897-8d2e-5716f9e03141,2026-08-28,Swiggy Payment,1832.82,Expense,Food,Debit Card,Swiggy,
4b63297a-f16e-4feb-b0db-c4adb445bc38,2026-08-28,Gas Payment,3140.74,Expense,Bills,Credit Card,Jio,
49f7bb62-20cc-4997-b9ba-83c67fe2aed1,2026-08-28,Misc Payment,646.71,Expense,Other,Credit Card,Gift,
4b7fc5e2-cb45-46ed-a1eb-f27626853bcd,2026-08-28,Spotify Payment,12644.98,Expense,Entertainment,Credit Card,Spotify,
f60f5658-a505-4eb3-8daf-50e6bdd7c409,2026-08-28,Donation Payment,117.31,Expense,Other,Credit Card,Gift,
4f6b7645-3b75-4b7b-87c1-545ad50333d1,2026-08-28,IRCTC Payment,582.5,Expense,Travel,Cash,IRCTC,
395e1f44-b964-4d29-823c-458a06f155a8,2026-08-28,Gift Payment,793.27,Expense,Other,Credit Card,Donation,
261143de-4dcb-4d7e-871a-019241b753c3,2026-08-28,Local Clinic Payment,2967.92,Expense,Healthcare,UPI,Dentist,
fe85744e-603e-4358-83b2-13add5635bb5,2026-08-29,Gaming Payment,1297.89,Expense,Entertainment,UPI,Spotify,
a7b55b3e-a4de-42ce-8c57-6b328d594e4f,2026-08-29,Local Cafe Payment,124.95,Expense,Food,Cash,Swiggy,
c9beeb2c-2654-4591-b445-b82c11da4049,2026-08-29,Donation Payment,204.52,Expense,Other,UPI,Gift,
6446a80e-d675-4fc4-9144-2fc060a1256c,2026-08-29,Misc Payment,196.55,Expense,Other,Credit Card,Misc,
49cff42a-b909-46d1-9a42-527d9844eb31,2026-08-29,Amazon Payment,740.09,Expense,Shopping,Credit Card,Myntra,
4a308a4c-b010-42cd-9682-b62d64636a4b,2026-08-30,Misc Payment,649.73,Expense,Other,UPI,Donation,
da904bf7-1df2-4142-a9c7-40d210888cd0,2026-08-30,Water Payment,4061.65,Expense,Bills,Debit Card,Gas,
0cd402dd-1c94-4a50-9c76-3d8654fcf4f1,2026-08-30,Zomato Payment,1317.56,Expense,Food,Credit Card,Swiggy,
87f75d59-d2d8-42ea-991c-8d6353a6e869,2026-08-30,Uber Payment,710.59,Expense,Travel,Cash,Flight,
1ab5011c-c566-4307-9f17-3823e39d8201,2026-08-30,Gift Payment,627.01,Expense,Other,UPI,Donation,
bfaf6c22-15af-48f8-b5ba-5f663d5805e0,2026-08-30,Gift Payment,216.09,Expense,Other,Credit Card,Gift,
68a79231-9726-4667-b671-d2c1ffa79a55,2026-08-31,Misc Payment,265.38,Expense,Other,Debit Card,Donation,
f7ae086f-0da1-4070-8f7e-81a27bf52363,2026-08-31,Misc Payment,167.3,Expense,Other,Credit Card,Donation,
54b2282f-5e83-4c05-b94b-389aff8f353c,2026-08-31,Starbucks Payment,887.49,Expense,Food,UPI,Domino's,
fbfb8ac0-5278-439a-a79c-0c6a62a4042d,2026-08-31,Jio Payment,1807.61,Expense,Bills,Credit Card,Gas,
18c67cd9-e8cf-415f-b22d-54c5c948b504,2026-09-01,Domino's Payment,1735.09,Expense,Food,Debit Card,Domino's,
4f6c47e8-9d48-46d5-961a-31d520d130f2,2026-09-01,Apollo Payment,870.25,Expense,Healthcare,UPI,Apollo,
a32143d1-492d-4adc-b180-e5edf53d5565,2026-09-01,Water Payment,4882.65,Expense,Bills,Debit Card,Electricity,
ae96c513-249e-4757-87d0-baed531f2ff6,2026-09-01,Metro Payment,699.15,Expense,Travel,Credit Card,Metro,
bba246fc-ae68-40f4-aa30-90e88b546682,2026-09-01,Misc Payment,638.92,Expense,Other,Debit Card,Gift,
ffd74861-96e7-4497-a69d-eb2f8b6fed6a,2026-09-01,Spotify Payment,1293.04,Expense,Entertainment,Cash,PVR,
6c68c701-bb1b-49b8-bd25-23e412a0adca,2026-09-01,Monthly Salary,53109.59,Income,Salary,Bank Transfer,Employer,Regular Income
6d207b04-a6e3-4f6a-a81b-d061d37eabc5,2026-09-01,Metro Payment,923.99,Expense,Travel,UPI,Ola,
3144cd19-218d-46f4-b8a3-5dc828ef1bc3,2026-09-02,Donation Payment,66.29,Expense,Other,Credit Card,Misc,
38594406-2e89-495c-8f04-eedbbddfd72e,2026-09-02,Misc Payment,555.13,Expense,Other,Credit Card,Misc,
c13f2a7f-3db0-4622-bdb1-5e904015758d,2026-09-02,IRCTC Payment,295.91,Expense,Travel,Cash,Ola,
b9937e78-6c62-48a3-ae39-a6415622aa01,2026-09-02,Flight Payment,107.82,Expense,Travel,UPI,Ola,
2084343b-c37c-449c-9319-ea6ec6c98bfb,2026-09-03,Zomato Payment,1640.6,Expense,Food,UPI,Starbucks,
a11c7ac5-8ece-41e0-a1ee-93ca8c07289d,2026-09-03,Starbucks Payment,1293.44,Expense,Food,UPI,Swiggy,
14edd0a4-ed36-4c3c-897c-0b1fa99f2d80,2026-09-03,Jio Payment,4137.47,Expense,Bills,Debit Card,Water,
2da626d7-68a1-43b4-933e-51e236436d65,2026-09-03,Flight Payment,219.04,Expense,Travel,Credit Card,Metro,
c0366420-6c59-4df5-8003-9fdd75d3e955,2026-09-03,Domino's Payment,202.03,Expense,Food,Credit Card,Zomato,
fcb05c54-6898-4fb9-b28e-c04352cf7618,2026-09-03,Jio Payment,2861.59,Expense,Bills,Debit Card,Airtel,
67932cfe-3134-4580-bc9f-c882f3a3a7f9,2026-09-03,Zomato Payment,453.07,Expense,Food,Cash,Swiggy,
16eb40df-b78f-43e9-ba17-e2df2bd4f314,2026-09-03,Gift Payment,251.89,Expense,Other,Cash,Misc,
75c50fd8-ce93-4c58-90ec-372525a6b515,2026-09-03,Netflix Payment,1179.84,Expense,Entertainment,Credit Card,Gaming,
8eadf7dd-b5af-4d3f-a3eb-f0224ee2b433,2026-09-04,Swiggy Payment,1644.94,Expense,Food,Credit Card,Local Cafe,
1109776d-2d42-46c7-a6ee-7625e747b900,2026-09-04,Gift Payment,183.72,Expense,Other,Cash,Gift,
ec8a1f17-8b5d-4a30-9e02-5ffed406ac0d,2026-09-04,Gas Payment,1337.29,Expense,Bills,UPI,Water,
97225c69-6450-4ef2-bebf-e9983ccc7b23,2026-09-04,Gaming Payment,896.02,Expense,Entertainment,Credit Card,Event,
a71754aa-1e53-42c3-9045-ebb53831de32,2026-09-04,Spotify Payment,2294.87,Expense,Entertainment,Credit Card,Event,
e4254c6c-d9b5-410a-a555-43e5eedd4da0,2026-09-04,Swiggy Payment,943.83,Expense,Food,Cash,Swiggy,
f0cc1741-fe7c-43bb-81e7-bf0c774313bc,2026-09-04,Donation Payment,816.61,Expense,Other,Debit Card,Donation,
5c8ae948-0687-4ecd-b1f0-8ac9336ff8b7,2026-09-04,Swiggy Payment,1933.26,Expense,Food,Cash,Local Cafe,
cabbc9dd-a797-4cf2-8ba2-3596c14e3020,2026-09-04,IRCTC Payment,329.51,Expense,Travel,Debit Card,Flight,
2922cfa8-3f73-4b19-abc2-3c6d5f5d4d00,2026-09-05,Airtel Payment,1966.88,Expense,Bills,Credit Card,Electricity,
435f86eb-9094-4d1a-9e41-e802e898c666,2026-09-05,Gas Payment,3050.13,Expense,Bills,Debit Card,Water,
e691333b-08f3-43b6-8627-70e72aefafe8,2026-09-05,Domino's Payment,148.79,Expense,Food,Cash,Zomato,
9bf5a58f-ef45-45cd-b835-cc6fdd123229,2026-09-05,Electricity Payment,4790.03,Expense,Bills,Debit Card,Gas,
13a7787e-0c05-4bdd-ab87-6d12dd86e905,2026-09-05,IRCTC Payment,455.72,Expense,Travel,UPI,Flight,
5655c205-c101-41d5-856b-b83642b22f5a,2026-09-05,Event Payment,1385.07,Expense,Entertainment,Debit Card,Spotify,
d6db51b2-b759-43f3-9025-4c5c7780e524,2026-09-05,IRCTC Payment,225.0,Expense,Travel,Cash,Uber,
d372b24a-f10a-4e01-b3e7-6abc39e4d2db,2026-09-05,Ola Payment,221.28,Expense,Travel,Cash,Metro,
0c4aa991-d454-42c9-8a96-d332d4976f41,2026-09-05,Donation Payment,964.05,Expense,Other,Debit Card,Gift,
e01f58e9-a908-4953-8a43-1a7182e648d0,2026-09-06,Donation Payment,454.9,Expense,Other,Debit Card,Misc,
7ff5bc75-b18a-4220-a508-d892fc4708af,2026-09-06,Starbucks Payment,1111.16,Expense,Food,Debit Card,Domino's,
f138a7b4-bdb7-4451-8c17-dda7400bc937,2026-09-06,Domino's Payment,999.04,Expense,Food,Cash,Domino's,
7ebcd253-1b36-4c4a-9011-8a8a22099e82,2026-09-06,Spotify Payment,1892.94,Expense,Entertainment,Debit Card,Netflix,
3e5c78bd-4ba4-4660-9886-b9b4b72de90d,2026-09-06,Spotify Payment,596.2,Expense,Entertainment,Credit Card,Event,
9000a5d0-1282-4a50-8b87-05b4db834c82,2026-09-06,Donation Payment,575.63,Expense,Other,Cash,Donation,
a6c7522f-3115-43fe-9430-4cadaf741613,2026-09-06,Gift Payment,71.96,Expense,Other,Debit Card,Gift,
37dd0396-ce54-4753-b90e-9cdcdc262f30,2026-09-06,Swiggy Payment,200.42,Expense,Food,Credit Card,Domino's,
f2bd4fe7-c379-4d8a-9c47-8e4c982977db,2026-09-06,Metro Payment,611.21,Expense,Travel,Credit Card,Flight,
d2377723-7129-4ae3-85fc-2a9a80c6e929,2026-09-07,Donation Payment,986.44,Expense,Other,Cash,Donation,
cfa1629b-da6e-4373-9ca8-7909d3045580,2026-09-07,Reliance Mart Payment,41106.69,Expense,Shopping,Cash,Myntra,
d03646e6-de73-403f-bb72-e20d529c7dcc,2026-09-07,Misc Payment,279.04,Expense,Other,Cash,Misc,
5b25c205-3f2d-4d27-9237-70e44b83207e,2026-09-07,Donation Payment,797.5,Expense,Other,Cash,Donation,
3ea91158-35af-48e3-9b04-2743951f3630,2026-09-07,IRCTC Payment,201.26,Expense,Travel,UPI,IRCTC,
f91ae89d-dff3-400e-af55-dac75fc33790,2026-09-07,Domino's Payment,755.34,Expense,Food,UPI,Starbucks,
aa7d5820-883a-43dd-858b-98dfaf03e369,2026-09-07,Zomato Payment,1942.48,Expense,Food,UPI,Local Cafe,
1af3517e-6885-46b1-8821-32e70f1d1b67,2026-09-08,Zomato Payment,1713.16,Expense,Food,Debit Card,Starbucks,
bc4a0cc3-92ac-480e-bca8-cb09e3ca86ad,2026-09-08,Misc Payment,430.89,Expense,Other,Cash,Donation,
5366dd84-ef0e-40e4-b056-15b975128f1a,2026-09-08,Swiggy Payment,1151.13,Expense,Food,Debit Card,Local Cafe,
3273bb6a-5b73-4823-aac5-6b88ac2129c3,2026-09-09,Gas Payment,4623.5,Expense,Bills,UPI,Gas,
12189e67-058a-4750-b3a6-73fd0b035d18,2026-09-09,Starbucks Payment,129.44,Expense,Food,Cash,Zomato,
91b002aa-e718-4c3a-a637-f8696592a3e0,2026-09-09,Reliance Mart Payment,5855.49,Expense,Shopping,Debit Card,Myntra,
1194332b-47ad-445f-85d8-e437343186a2,2026-09-09,Local Cafe Payment,1544.27,Expense,Food,Debit Card,Swiggy,
e6166d16-9284-414f-8fa6-9ef0d84365cb,2026-09-09,Metro Payment,946.33,Expense,Travel,Debit Card,Flight,
f6d9ca44-ab56-4203-a9ea-0b6356b5bfe9,2026-09-09,Uber Payment,117.46,Expense,Travel,UPI,Metro,
95c6211d-e85e-4869-ab8f-eb8f5fbc6c29,2026-09-09,Myntra Payment,9830.1,Expense,Shopping,Debit Card,Flipkart,
d1ec9155-c2f0-4a40-8072-42a310e33fe3,2026-09-10,Local Clinic Payment,3100.98,Expense,Healthcare,Debit Card,PharmEasy,
9da1aebc-d8c7-41b5-9f61-241848228583,2026-09-10,Local Cafe Payment,1848.97,Expense,Food,Cash,Domino's,
92571335-feeb-4780-93ee-4238d995a6bc,2026-09-10,Local Cafe Payment,1455.4,Expense,Food,Debit Card,Swiggy,
193ec590-f96c-4570-845c-e466a02bd6b1,2026-09-10,Gas Payment,3469.27,Expense,Bills,Credit Card,Electricity,
27017791-fe3d-406e-99c5-49eac498aad1,2026-09-10,Ola Payment,93.91,Expense,Travel,UPI,Metro,
29f90423-df4a-4cef-a8b3-528c3961099d,2026-09-10,Swiggy Payment,878.06,Expense,Food,Cash,Zomato,
974bb84c-0142-4ae2-ae13-076843b033d1,2026-09-10,Misc Payment,852.26,Expense,Other,Debit Card,Gift,
5de8d4e8-c850-430f-ab1b-9b12a0caeeaa,2026-09-10,Water Payment,4437.3,Expense,Bills,Cash,Airtel,
fb985a33-cb05-4f99-aba5-23e886350cc3,2026-09-10,Donation Payment,954.25,Expense,Other,UPI,Donation,
af8845b5-7e6e-4268-b0ae-6cf221f6484f,2026-09-10,Event Payment,674.23,Expense,Entertainment,Credit Card,Gaming,
aad924d4-6c47-451f-a2fb-80e5d99fdc48,2026-09-10,Gaming Payment,2308.18,Expense,Entertainment,Credit Card,PVR,
3236a6e8-f0bf-4ac0-98f5-3ced7385b135,2026-09-10,Domino's Payment,778.96,Expense,Food,Cash,Local Cafe,
43966692-ccb1-489c-afd5-08062a06afa9,2026-09-11,Domino's Payment,1999.39,Expense,Food,Debit Card,Zomato,
2069595b-aee9-4042-a451-789fb3d369a6,2026-09-11,PVR Payment,930.13,Expense,Entertainment,Credit Card,Spotify,
b67d0def-44b1-4edd-980a-43d8e10ce946,2026-09-11,Donation Payment,849.51,Expense,Other,Credit Card,Misc,
ac848ef4-59c3-4acb-9646-9eaabcca2e41,2026-09-11,Misc Payment,470.04,Expense,Other,UPI,Donation,
c9cc41a7-4231-4ceb-ae8c-9f1dc97ef08c,2026-09-11,Zomato Payment,1190.05,Expense,Food,Cash,Zomato,
c5f62e86-489f-4449-bd41-19138e03b6c1,2026-09-11,Gift Payment,411.16,Expense,Other,Credit Card,Donation,
b8dd3a8d-8d75-42c6-a6f3-14efd261d99e,2026-09-11,Dentist Payment,205.59,Expense,Healthcare,UPI,Apollo,
442600e9-4fd1-4f24-8c3d-5c1628d1e5e1,2026-09-11,Zomato Payment,1983.11,Expense,Food,UPI,Domino's,
5c94e662-9d94-47f6-ab3b-0050d72132ed,2026-09-12,Ola Payment,390.67,Expense,Travel,Cash,Metro,
813ca44e-d101-45f0-ab8a-47933e87d79b,2026-09-12,Uber Payment,124.33,Expense,Travel,Cash,Ola,
68662613-3f4f-4e74-83d8-03ee8a7b98fc,2026-09-12,Domino's Payment,1749.24,Expense,Food,Debit Card,Local Cafe,
23b95692-293c-4765-908c-2157d33b7871,2026-09-12,Gift Payment,809.23,Expense,Other,Cash,Misc,
f6491579-450b-4c68-bd24-6ca6ec89b4ff,2026-09-12,Zomato Payment,1339.7,Expense,Food,Credit Card,Local Cafe,
32a6cbb5-5363-42d8-9ea2-e559d62b4631,2026-09-12,Electricity Payment,1249.06,Expense,Bills,Debit Card,Electricity,
7f9a1f8b-e6a2-4787-8e73-0b9d0cba0457,2026-09-12,Misc Payment,973.82,Expense,Other,Credit Card,Donation,
5d0220ad-5074-4012-834d-ed389e42406e,2026-09-13,Water Payment,1210.78,Expense,Bills,Cash,Airtel,
fc1ed635-d5f4-4923-913d-5bbf35c058b4,2026-09-13,Airtel Payment,3129.38,Expense,Bills,Credit Card,Electricity,
c4a2e9fa-ffa6-4368-a624-e396f08fb3a3,2026-09-13,Amazon Payment,9505.54,Expense,Shopping,UPI,Amazon,
03f0c3e2-5008-41e0-b6e7-023098aefe63,2026-09-13,Gift Payment,700.72,Expense,Other,Debit Card,Misc,
cb26de47-5743-44d9-b0f3-72d9f1a1e9bb,2026-09-13,Swiggy Payment,6886.03,Expense,Food,Cash,Swiggy,
86ba2481-7daf-4082-9082-ad10d1c5af56,2026-09-13,Starbucks Payment,654.49,Expense,Food,Cash,Domino's,
e49ebda5-efd0-4889-9d62-21284bb292c9,2026-09-13,Local Cafe Payment,978.72,Expense,Food,Cash,Domino's,
2bb00990-5401-4b8b-8e25-b899fb346be9,2026-09-14,Local Store Payment,4642.65,Expense,Shopping,UPI,Myntra,
1bd73035-0f71-4b70-a771-38d0c6522bf5,2026-09-14,Donation Payment,715.06,Expense,Other,Debit Card,Donation,
3395b13a-0e63-4e16-acdc-ce4fb946c246,2026-09-14,Local Clinic Payment,1393.87,Expense,Healthcare,UPI,Apollo,
767e60c6-1364-498e-ba18-49d0042e55e2,2026-09-14,Amazon Payment,5299.24,Expense,Shopping,Cash,Local Store,
a0b090eb-cae4-44a7-8143-61ece3460fa6,2026-09-14,Local Store Payment,8703.03,Expense,Shopping,Credit Card,Myntra,
0f3f4aab-75dd-44eb-9b02-e96edaf912f2,2026-09-14,Swiggy Payment,1010.07,Expense,Food,Cash,Domino's,
347c2499-f057-4854-8d7e-3eb3df155a9a,2026-09-14,Misc Payment,97.39,Expense,Other,UPI,Misc,
2477a87f-0ef6-4636-8f0c-a3699ebcc435,2026-09-14,PVR Payment,456.44,Expense,Entertainment,Credit Card,Netflix,
39d50a77-d3ea-4990-84ed-1f112ef8b557,2026-09-14,Spotify Payment,867.02,Expense,Entertainment,UPI,Gaming,
62f3589a-a9de-4242-9cbe-d9556634af78,2026-09-14,Netflix Payment,2903.03,Expense,Entertainment,Debit Card,Event,
f3e78888-99d9-4953-94ed-5b0989ee82c4,2026-09-15,PVR Payment,2168.37,Expense,Entertainment,Debit Card,Event,
5d6ad29e-cb05-490b-b181-2f480d1483eb,2026-09-15,Electricity Payment,1539.1,Expense,Bills,Debit Card,Electricity,
689d421c-74e6-4130-a727-d98977eff135,2026-09-15,Domino's Payment,941.43,Expense,Food,Cash,Domino's,
488e60ad-6fae-4000-aa72-db0f23e06a3a,2026-09-15,Local Store Payment,3774.76,Expense,Shopping,Credit Card,Local Store,
bb922f01-a205-4a11-aa4e-4de09ced1f84,2026-09-15,Gift Payment,750.92,Expense,Other,Credit Card,Misc,
b9d6214d-0b84-4a1c-bf51-afa84c953606,2026-09-15,Gaming Payment,523.57,Expense,Entertainment,Cash,Gaming,
eb4ccb04-98e5-467a-ae8b-62ec76918f2a,2026-09-15,Event Payment,864.73,Expense,Entertainment,UPI,Netflix,
6946cc59-b9eb-4445-8744-e9f9abb3c740,2026-09-16,Gift Payment,496.42,Expense,Other,Credit Card,Donation,
6a589202-8033-4b75-b0ac-2b4312f7cf66,2026-09-16,Swiggy Payment,692.99,Expense,Food,Debit Card,Swiggy,
68c395ee-3d90-4a04-8ac4-57f98ceec906,2026-09-16,Gift Payment,153.91,Expense,Other,Debit Card,Misc,
cbf915f0-ee1e-4f3f-b28f-f0970ec7e19a,2026-09-17,Starbucks Payment,1593.44,Expense,Food,UPI,Local Cafe,
bc4ae883-1fe2-4b41-baab-d7adaf803201,2026-09-17,Starbucks Payment,184.57,Expense,Food,Cash,Zomato,
e0567a9e-29b1-428a-8b6c-663b1b0fc09a,2026-09-17,Spotify Payment,2081.23,Expense,Entertainment,Credit Card,Event,
51126819-f109-4bb7-92e1-b1b3ee7c9872,2026-09-17,Domino's Payment,1904.41,Expense,Food,Debit Card,Starbucks,
a0f2c63e-bdb5-4ad6-acf3-c615b550202c,2026-09-17,Zomato Payment,1255.79,Expense,Food,Cash,Local Cafe,
304d3f80-1fea-4b4e-8705-16af5318f759,2026-09-17,Zomato Payment,635.6,Expense,Food,Debit Card,Starbucks,
b39052c5-b324-48f4-a9f1-af0aeaf38808,2026-09-17,Water Payment,3364.08,Expense,Bills,Cash,Jio,
3779bf69-7248-4e74-85b7-3d6e2c97f65a,2026-09-18,Netflix Payment,1114.57,Expense,Entertainment,Debit Card,Spotify,
8a6356e1-d86b-4053-8787-d4330c3f29bc,2026-09-18,Swiggy Payment,915.62,Expense,Food,UPI,Zomato,
2b281cf5-8d7e-48af-832a-29fdfb294496,2026-09-18,Domino's Payment,1232.63,Expense,Food,Debit Card,Local Cafe,
b4372b1c-e180-475f-8ae6-af241f767739,2026-09-18,Flight Payment,508.41,Expense,Travel,UPI,Flight,
cf6513c6-8886-4e5b-af8b-3c13df4e398d,2026-09-18,Gas Payment,4512.37,Expense,Bills,UPI,Water,
67c6205f-cb99-4741-a2ff-1f4ab48b1290,2026-09-18,Apollo Payment,2873.71,Expense,Healthcare,UPI,Dentist,
07064889-a38d-4797-8382-ce1b2c9ffbc5,2026-09-18,IRCTC Payment,291.04,Expense,Travel,UPI,Uber,
1552ff8b-8cc2-47ef-9b67-a9b7bb84bc39,2026-09-18,Starbucks Payment,749.99,Expense,Food,Credit Card,Domino's,
9dbfe0aa-0092-476f-9477-ff1a364327e7,2026-09-18,Misc Payment,951.9,Expense,Other,UPI,Misc,
2cbe2776-aaba-4109-b482-1bb90df87a47,2026-09-18,Local Store Payment,3637.8,Expense,Shopping,UPI,Amazon,
87988a71-9071-4f19-874f-904d9716bf91,2026-09-19,PVR Payment,1770.54,Expense,Entertainment,UPI,Spotify,
86051687-9c65-4133-a793-964b6ede689f,2026-09-19,Ola Payment,720.72,Expense,Travel,UPI,IRCTC,
1781c1e2-8725-459b-9abf-8a12f6d1281c,2026-09-19,Gift Payment,534.03,Expense,Other,Cash,Donation,
696e6b76-1bd1-49d7-a6e3-44855647e8a7,2026-09-19,Dentist Payment,242.86,Expense,Healthcare,Credit Card,Local Clinic,
50563863-2c7b-4132-ae00-7a839aeec0ee,2026-09-19,Flight Payment,489.91,Expense,Travel,Credit Card,IRCTC,
36b6e164-e59e-46eb-945c-6af6ce6df15c,2026-09-19,Flight Payment,463.23,Expense,Travel,UPI,Flight,
3f8b5c80-2eab-4771-aab3-e30633ea1ec9,2026-09-20,Zomato Payment,1170.14,Expense,Food,Credit Card,Swiggy,
2a517888-98af-4009-bfaf-b1cd8ab92ba4,2026-09-20,Misc Payment,815.82,Expense,Other,Debit Card,Donation,
7bf369bc-f337-4d2d-b84b-efcd54e27be6,2026-09-20,Donation Payment,461.49,Expense,Other,Debit Card,Gift,
9891f36b-90d4-4ad9-a479-1d781f2c5113,2026-09-20,IRCTC Payment,258.89,Expense,Travel,Cash,Ola,
c3482287-7a15-46e4-86f3-65986ee0dca4,2026-09-20,Zomato Payment,1922.09,Expense,Food,UPI,Starbucks,
74cb8bf0-5c07-4ad7-8373-69ccec696acd,2026-09-20,Starbucks Payment,1434.66,Expense,Food,Cash,Domino's,
6733d5bc-5603-4236-b13b-2f2254f3db54,2026-09-21,Local Cafe Payment,1250.38,Expense,Food,Credit Card,Zomato,
c4854b94-3490-4ae6-a66a-d608d245f056,2026-09-21,Domino's Payment,1192.93,Expense,Food,UPI,Domino's,
1f41d7fa-c9aa-423c-a459-448d7ec2b094,2026-09-21,Electricity Payment,2827.09,Expense,Bills,Credit Card,Airtel,
a7873ac7-2d89-46c2-b567-49ab73d63383,2026-09-21,Myntra Payment,7072.49,Expense,Shopping,Debit Card,Reliance Mart,
03c549cc-ddfc-4709-a578-f87bf7e48e98,2026-09-22,Reliance Mart Payment,3619.29,Expense,Shopping,Credit Card,Reliance Mart,
f034413e-5699-4eab-99ae-7a02689cde02,2026-09-22,Airtel Payment,773.43,Expense,Bills,UPI,Gas,
2929e3ea-f619-4ab1-9297-0aa538fd4d8c,2026-09-22,Spotify Payment,1954.72,Expense,Entertainment,Debit Card,PVR,
ba0a8f58-9e77-4981-9632-7a1101377aeb,2026-09-22,Dentist Payment,4858.73,Expense,Healthcare,Cash,Apollo,
44625988-93e6-4148-9ae4-d1c4cf6595bc,2026-09-22,Swiggy Payment,1325.7,Expense,Food,Debit Card,Local Cafe,
a47f3fa1-838b-49c0-94c1-7568eae78b54,2026-09-22,Ola Payment,226.47,Expense,Travel,Credit Card,Metro,
f43cfe1c-7fa2-4551-aaf0-f91db0d70c05,2026-09-22,Misc Payment,408.53,Expense,Other,Credit Card,Misc,
ee884bf5-5f1c-48c1-88e6-aceb3cab449a,2026-09-22,Gift Payment,712.51,Expense,Other,UPI,Donation,
40543621-386c-4326-b8de-f0e4bce12ec7,2026-09-22,Zomato Payment,418.81,Expense,Food,Credit Card,Local Cafe,
039b82bf-092b-4395-9b0e-4db1c6c58fb7,2026-09-23,Domino's Payment,778.18,Expense,Food,UPI,Zomato,
70ec0f6e-0e59-4216-846e-10078978afee,2026-09-23,Misc Payment,179.32,Expense,Other,Cash,Donation,
e03b3079-6a11-4e76-87d5-d52670dfeb83,2026-09-23,IRCTC Payment,331.24,Expense,Travel,Credit Card,Uber,
dc7b915a-5ffa-41ac-b550-8206ce994829,2026-09-23,PVR Payment,346.48,Expense,Entertainment,Debit Card,Event,
6e2ae343-c028-4d32-a140-20f0773d87c2,2026-09-23,Event Payment,1792.84,Expense,Entertainment,Cash,Netflix,
36b32310-5e46-47d6-9c72-e7bd5f99cfba,2026-09-23,Local Store Payment,3557.32,Expense,Shopping,Cash,Local Store,
885accfc-18aa-4687-9dbd-611e9cc05cec,2026-09-23,Local Store Payment,3662.63,Expense,Shopping,Credit Card,Reliance Mart,
42d89a8b-88d5-4f48-99e6-109682ae729e,2026-09-23,PVR Payment,2085.18,Expense,Entertainment,Credit Card,Event,
cb90d9ca-4718-4b1f-9555-a0f2af08324f,2026-09-23,Domino's Payment,615.51,Expense,Food,Cash,Local Cafe,
05fde327-3e0c-489f-9109-7e756639af24,2026-09-23,Domino's Payment,856.66,Expense,Food,Credit Card,Local Cafe,
115ca8ca-a0ae-4a95-94a2-f74792cbdf5f,2026-09-24,Starbucks Payment,1631.29,Expense,Food,Cash,Starbucks,
0510be88-b9db-452e-a2c4-e6bf68fb0ab0,2026-09-24,Local Cafe Payment,1123.3,Expense,Food,Credit Card,Swiggy,
729a71f9-c160-4d25-a5d2-a1e8804bb695,2026-09-24,Ola Payment,467.27,Expense,Travel,Cash,Flight,
10a36ada-43e7-4865-adb5-4b7d6052c1fb,2026-09-24,Event Payment,2312.13,Expense,Entertainment,Credit Card,Gaming,
a7a2beb8-e6be-4000-9bc9-1a4e449845d8,2026-09-24,Misc Payment,975.11,Expense,Other,Cash,Misc,
243b38b4-013c-440b-857f-181d6c556b75,2026-09-24,Amazon Payment,3132.27,Expense,Shopping,Cash,Flipkart,
2446e81e-109d-4e9a-a439-db9de10f8df9,2026-09-24,Amazon Payment,6385.38,Expense,Shopping,UPI,Myntra,
3e6aebfb-d591-4252-976f-5e415d1f119e,2026-09-24,Event Payment,516.88,Expense,Entertainment,Credit Card,Gaming,
ae3ee202-2e64-493e-8128-c1a722c5f78e,2026-09-24,Zomato Payment,845.85,Expense,Food,UPI,Domino's,
545f6b6b-78fd-4e43-a38f-526faef4440a,2026-09-24,Flight Payment,327.34,Expense,Travel,Credit Card,Uber,
4b4eaf84-e6de-41b3-ae75-8ef2010c78db,2026-09-24,IRCTC Payment,535.38,Expense,Travel,UPI,Metro,
8518d38b-94c2-4068-a924-63e6def7891f,2026-09-24,Metro Payment,79.36,Expense,Travel,Debit Card,Ola,
8be451a1-4a6a-45a0-a58c-bf662b1186da,2026-09-24,Electricity Payment,4086.09,Expense,Bills,Credit Card,Electricity,
e57e035c-f982-4e02-88ee-5f98e7992c36,2026-09-25,Donation Payment,619.87,Expense,Other,Credit Card,Donation,
e3481fb4-c6da-43a2-aebf-94805d01d613,2026-09-25,Myntra Payment,6835.48,Expense,Shopping,Credit Card,Flipkart,
7d5d241f-0ce5-432b-a00a-777ef6586fbd,2026-09-25,Starbucks Payment,961.92,Expense,Food,Cash,Starbucks,
1aaafd4d-79d6-4154-a717-40077d761276,2026-09-25,PVR Payment,1242.94,Expense,Entertainment,Credit Card,Event,
9d19b938-e115-4990-b8a7-e22b92932923,2026-09-25,Starbucks Payment,266.26,Expense,Food,Cash,Swiggy,
acfb781d-8c3c-4091-924b-d28b71b6c783,2026-09-25,Reliance Mart Payment,5203.87,Expense,Shopping,Cash,Amazon,
59681766-d1c4-41ed-a4b1-90d00553a59b,2026-09-25,Water Payment,1821.58,Expense,Bills,Debit Card,Water,
824a02ad-7036-48d1-a322-2752206e6500,2026-09-25,Uber Payment,973.85,Expense,Travel,Debit Card,Uber,
1cc037f5-a1e1-4b09-ad3b-517aa43003cb,2026-09-26,Gift Payment,937.66,Expense,Other,Credit Card,Misc,
377b3edb-3d30-415c-97cf-bd56ddbde601,2026-09-26,Amazon Payment,6843.15,Expense,Shopping,Cash,Local Store,
931ca062-8636-4e04-9194-9887e2f73a24,2026-09-27,PVR Payment,710.87,Expense,Entertainment,Credit Card,PVR,
71014010-82ad-4bc0-bbd4-b70aa1065850,2026-09-27,Misc Payment,242.5,Expense,Other,UPI,Gift,
ecd01490-4b49-4d66-b12a-24206aeb9858,2026-09-27,Domino's Payment,348.93,Expense,Food,UPI,Swiggy,
d3461db9-b9c5-473d-98c6-c4de751de52c,2026-09-27,PVR Payment,470.3,Expense,Entertainment,UPI,Event,
394ef62b-5bed-48a9-8c70-9666cf38a8a2,2026-09-27,Myntra Payment,9832.77,Expense,Shopping,UPI,Myntra,
a4968fee-9dd0-46bd-a341-572440729080,2026-09-27,Metro Payment,718.28,Expense,Travel,Credit Card,Metro,
601ad661-cff2-41d4-bd96-bc15a62e452b,2026-09-27,Reliance Mart Payment,6803.14,Expense,Shopping,Credit Card,Myntra,
9cf1eb7c-5e7c-4562-a40f-daa6e2d6acd5,2026-09-27,PVR Payment,2416.56,Expense,Entertainment,Credit Card,Event,
47a160a9-f2e8-403d-a70a-6213146a712b,2026-09-27,Event Payment,1928.74,Expense,Entertainment,Cash,Event,
e636544c-e42f-4c41-900d-4bd3ccece7fe,2026-09-28,Netflix Payment,2984.51,Expense,Entertainment,Cash,Gaming,
e11bfadb-b899-470c-86ef-b5fa7b945359,2026-09-28,Reliance Mart Payment,8597.76,Expense,Shopping,UPI,Local Store,
fed8fae2-94ff-49aa-970e-e672ea308af8,2026-09-28,Gift Payment,411.34,Expense,Other,Credit Card,Misc,
bd48ac26-2dad-428c-a692-3affae089a80,2026-09-28,Apollo Payment,490.22,Expense,Healthcare,Credit Card,PharmEasy,
c8f1a5b7-82f9-4a89-91a4-1acf642da2cc,2026-09-28,Swiggy Payment,1733.87,Expense,Food,UPI,Local Cafe,
a0b87ddf-3199-4a82-bf64-272ca041cdcf,2026-09-28,Local Cafe Payment,944.88,Expense,Food,Debit Card,Starbucks,
a83e740f-718e-48b3-9337-1ccc86ae798a,2026-09-28,Gift Payment,504.81,Expense,Other,Credit Card,Misc,
5d4a1884-ddc7-407b-b6ba-cbca610eba2d,2026-09-28,Reliance Mart Payment,1767.03,Expense,Shopping,Debit Card,Reliance Mart,
b9a2862f-ac18-4d6e-a31a-10b19407030c,2026-09-29,Local Cafe Payment,301.34,Expense,Food,Cash,Domino's,
c95fc704-ddf9-4be4-89d7-b215cc3e6fa5,2026-09-29,Gift Payment,136.0,Expense,Other,Debit Card,Gift,
92dee22a-b202-4407-a6de-952398461e23,2026-09-29,Metro Payment,184.92,Expense,Travel,Debit Card,Flight,
e149d298-9dd1-4a80-99d7-7422b4dff340,2026-09-29,Spotify Payment,2759.14,Expense,Entertainment,Credit Card,Event,
5ffbf603-116a-48ec-bf5e-1f67473b49c0,2026-09-29,Donation Payment,902.42,Expense,Other,Cash,Gift,
d10d6473-e50f-4cff-9abb-ced8124e53dd,2026-09-29,Zomato Payment,880.03,Expense,Food,Cash,Domino's,
a6240bfe-1351-4e8e-9e5e-2da2f8918096,2026-09-29,Local Clinic Payment,2296.07,Expense,Healthcare,Cash,Apollo,
047c42f9-1bd6-499d-a4ce-95ec172f9f27,2026-09-29,Event Payment,990.62,Expense,Entertainment,Cash,Netflix,
62f41b7a-1cdf-4bc7-b6f7-0f7c8141d799,2026-09-30,Local Cafe Payment,265.25,Expense,Food,Cash,Starbucks,
01695a86-d90f-4099-8f5c-54a474cbc32b,2026-09-30,Metro Payment,408.37,Expense,Travel,Credit Card,Uber,
e53a7245-1b4d-4f4a-9972-782f120434b1,2026-09-30,Ola Payment,167.42,Expense,Travel,Credit Card,Uber,
f5fcf5df-a6d6-4876-8831-37fa6ba78ebe,2026-09-30,Gift Payment,623.89,Expense,Other,Credit Card,Donation,
912ead2f-5632-46f8-95eb-e0fed039452d,2026-09-30,Flipkart Payment,9221.18,Expense,Shopping,UPI,Flipkart,
7da6bc76-e0dc-4be5-ba6f-57c2fd8616e7,2026-09-30,Airtel Payment,4481.45,Expense,Bills,Cash,Water,
a01766a2-c02b-4bc9-9866-e1043dd22ef2,2026-10-01,Starbucks Payment,1532.14,Expense,Food,Credit Card,Zomato,
e45ea609-6f2a-4acf-adf1-836d641b639b,2026-10-01,Event Payment,2753.23,Expense,Entertainment,Cash,Event,
f1a9eb33-70ec-458b-a939-523310b96e8b,2026-10-01,Electricity Payment,3620.75,Expense,Bills,Credit Card,Airtel,
7b697fec-c4c4-482a-a65c-9135afdd3aae,2026-10-01,Metro Payment,561.05,Expense,Travel,Debit Card,IRCTC,
dd9c4369-a0cc-4125-92b7-91ca223ac1f8,2026-10-01,Monthly Salary,69144.26,Income,Salary,Bank Transfer,Employer,Regular Income
2db76ac4-ff46-4ce0-a104-1bf695c4a493,2026-10-01,Misc Payment,630.72,Expense,Other,Cash,Donation,
864f0b81-2eee-4b8a-ada6-91abea2f9c1b,2026-10-01,Metro Payment,996.62,Expense,Travel,UPI,IRCTC,
b8ab8f75-628c-4b99-bedd-60f2b33665d5,2026-10-01,Swiggy Payment,1519.41,Expense,Food,Debit Card,Local Cafe,
d1a76cee-8c9b-4cad-9b91-b1e59474c0d4,2026-10-02,Zomato Payment,1459.56,Expense,Food,Debit Card,Domino's,
dd9be937-9589-4120-bc79-61684d5c8fbf,2026-10-02,IRCTC Payment,527.39,Expense,Travel,UPI,IRCTC,
367e5f4b-d1ce-43b9-861e-8ef98df631c3,2026-10-02,PharmEasy Payment,2846.09,Expense,Healthcare,Credit Card,PharmEasy,
25f769f0-1625-417f-b7fc-bde8f5d1808e,2026-10-02,Starbucks Payment,398.2,Expense,Food,UPI,Swiggy,
faf7100d-456b-4747-9a0d-16ac27738c27,2026-10-02,Donation Payment,120.19,Expense,Other,UPI,Misc,
e1456ced-57fd-42d1-9d86-9e126009e570,2026-10-02,Ola Payment,810.98,Expense,Travel,UPI,Uber,
d6e69382-cbb6-4dc4-be0c-ba74ca817335,2026-10-02,Uber Payment,240.29,Expense,Travel,UPI,Flight,
1b70cb1c-eb51-42d8-a6b9-f2d278fcce1a,2026-10-02,Gift Payment,759.64,Expense,Other,Cash,Gift,
4c080387-299b-4c7b-be62-b21de3742ffd,2026-10-02,Zomato Payment,361.82,Expense,Food,Cash,Swiggy,
09912f11-3c5b-4375-b6f3-8c6081c2371e,2026-10-02,Donation Payment,127.78,Expense,Other,UPI,Gift,
8978ff94-9978-4ae0-83c5-1cfda13792ee,2026-10-02,PVR Payment,789.53,Expense,Entertainment,UPI,Netflix,
